00000000: 01001000 01010101 01000110 01000110 00000001 10011111  HUFF..
00000006: 11001101 00000000 00000000 00000000 00000000 00000000  ......
0000000c: 00000000 00001011 01000001 01001001 01001111 11001010  ..AIO.
00000012: 10000101 10101000 10101010 11010100 10010111 00011001  ......
00000018: 00010010 11001101 01100011 01011011 10010111 10010101  ..c[..
0000001e: 10101101 01110110 00101000 01010100 00111010 11001001  .v(T:.
00000024: 01100001 00100100 11100101 00111101 01000100 10100110  a$.=D.
0000002a: 00101010 10010101 01111011 10101010 11101000 10110110  *.{...
00000030: 00100101 10010111 01110001 01101111 01000010 10000010  %.qoB.
00000036: 10010001 01000111 10101001 11001000 01010111 00000000  .G..W.
0000003c: 01010010 10101001 01110111 10000101 00010101 01111010  R.w..z
00000042: 00101010 00101001 01001100 11001000 01001101 11100110  *)L.M.
00000048: 10001001 01000100 11000010 10101101 01001110 01010000  .D..NP
0000004e: 01010100 11011010 00110000 10010111 01011001 11010110  T.0.Y.
00000054: 11010101 10001001 01111101 10111101 10101110 01010110  ..}..V
0000005a: 10010010 11001010 10111001 10100101 10110110 01001001  .....I
00000060: 00000101 01111100 11111100 10000101 01011101 11010101  .|..].
00000066: 00001000 01111100 11101011 10011101 00000101 11010011  .|....
0000006c: 10110101 11101010 11001110 11000001 10010110 11001110  ......
00000072: 11111010 01101011 10100111 01110100 00011110 11000111  .k.t..
00000078: 00011011 11001110 10110101 11001000 01111100 11010110  ....|.
0000007e: 10101000 10010001 11110001 01101101 11110100 00011001  ...m..
00000084: 11000001 00110111 11101000 01011111 00001000 01110000  .7._.p
0000008a: 01000010 01101010 10110000 10011011 10101110 01110100  Bj...t
00000090: 00010111 00001100 10110111 10000001 10111010 01110001  .....q
00000096: 10110001 00101100 00110010 11011101 11110101 00010110  .,2...
0000009c: 01101110 11111000 01011100 01110000 11100011 11000010  n.\p..
000000a2: 11011101 10111111 10000010 01110001 10111100 10101011  ...q..
000000a8: 01100111 10101101 01101000 00111011 00001011 11010110  g.h;..
000000ae: 00110111 01110100 00011110 11000101 00110101 11000110  7t..5.
000000b4: 10111101 10110100 11011100 11101011 11101011 01010100  .....T
000000ba: 01001010 01100100 00110011 10111110 10011010 11101110  Jd3...
000000c0: 10000001 11001110 11001101 11111010 00111110 10000110  ....>.
000000c6: 11110111 00101110 10011100 01110100 11010011 00111011  ...t.;
000000cc: 00111101 00101011 01001011 01101111 10011011 11111010  =+Ko..
000000d2: 11000110 11101001 11011011 00101101 01101011 11010110  ...-k.
000000d8: 01110110 01110001 10101111 01101100 11011010 10110101  vq.l..
000000de: 10110001 00011000 00101110 01010100 11111001 01101111  ...T.o
000000e4: 01100100 10100110 00001010 10001001 01001111 11001000  d...O.
000000ea: 01000110 11110101 10101100 10000111 10110011 10011100  F.....
000000f0: 01010111 10100101 10110101 11000001 00110111 11101000  W...7.
000000f6: 11001101 10010101 01001110 01101100 11011111 10110100  ..Nl..
000000fc: 01110001 10101101 10011001 11000011 00101101 11000110  q...-.
00000102: 10110100 01010101 11011000 00101111 10101111 10111101  .U./..
00000108: 10110001 00110111 00011001 01101110 11110011 10101101  .7.n..
0000010e: 01111101 01000001 00111101 11100101 01011001 01101101  }A=.Ym
00000114: 11001010 00001011 11001110 10110110 00011110 01001011  .....K
0000011a: 10111011 00110111 10100010 01010011 00100001 10011101  .7.S!.
00000120: 11110100 10111011 01100110 11111110 11100101 11011000  ..f...
00000126: 00110011 11101111 01100100 10100110 00001001 01001101  3.d..M
0000012c: 01110011 10110011 00100111 01111011 10010111 01100000  s.'{.`
00000132: 11001110 00010111 10100100 00110011 01001101 11101101  ...3M.
00000138: 00010001 01010111 10000001 10111011 00000110 01110110  .W...v
0000013e: 01000111 00111011 00110100 11011110 01001101 00001111  G;4.M.
00000144: 11100101 10111000 11010001 01101110 00011001 01101110  ...n.n
0000014a: 11010110 01011110 01110111 01000001 11101100 11101000  .^wA..
00000150: 01011011 11110110 10110010 11110011 10111010 00001111  [.....
00000156: 01100010 10011010 11100011 01011110 11011010 01101110  b..^.n
0000015c: 01110101 11110101 10101010 00100101 01011110 10101011  u..%^.
00000162: 01000101 11010010 00010111 00101010 01101011 10111100  E..*k.
00000168: 10010101 01110111 00111011 00111011 00000010 00110010  .w;;.2
0000016e: 10011010 11111000 01111011 00101101 11101001 10000010  ..{-..
00000174: 00100100 11100000 10010011 10100111 01100001 01010001  $...aQ
0000017a: 00101010 11110001 01100010 01001110 11001011 01110001  *.bN.q
00000180: 01110101 01111010 01101011 10010101 00101111 01110101  uzk./u
00000186: 01101000 10111011 10110001 10111100 11111110 11100101  h.....
0000018c: 11101000 00110011 01010101 11010010 01010111 00000100  .3U.W.
00000192: 01101110 10011101 11010000 10011011 11111000 00011011  n.....
00000198: 11101101 11100101 00101001 10011000 10101011 00101011  ..)..+
0000019e: 01000110 11100110 11110000 01000011 11100111 01101000  F..C.h
000001a4: 01110110 11111110 10101100 11101100 00011001 11011111  v.....
000001aa: 10001011 00111011 01111111 01111101 01111010 01100000  .;.}z`
000001b0: 10001001 00111101 10100001 11001110 11110101 01100100  .=...d
000001b6: 10000100 11101001 01110010 01010001 10111011 00000110  ..rQ..
000001bc: 01111101 00000010 01011010 01110110 01101001 10111011  }.Zvi.
000001c2: 01000100 00111011 11011100 10111011 00000110 01111101  D;...}
000001c8: 00000110 01101111 00101001 10010000 11001110 11111010  .o)...
000001ce: 01101011 10111010 00100000 11101011 10010010 10011100  k. ...
000001d4: 11101011 10010110 11111110 00000110 11111011 10101110  ......
000001da: 10101010 11011101 11111011 10110000 01110000 11001011  ....p.
000001e0: 01110001 10101110 01010100 11100101 10111010 00010110  q.T...
000001e6: 11111100 00110010 11011101 10000001 01110101 01010110  .2..uV
000001ec: 10010000 10000101 11011000 00110011 11101000 00010010  ...3..
000001f2: 01110110 01111000 00011011 10100001 01110001 01111101  vx..q}
000001f8: 01010110 00101111 11111000 00101110 00011001 01101110  V/...n
000001fe: 00110100 01011011 00000011 00010011 01111001 00101011  4[..y+
00000204: 00000110 01110011 01100010 01011011 01011111 01001100  .sb[_L
0000020a: 10010110 01101110 00111100 01010101 01110010 01010011  .n<UrS
00000210: 10100001 01101111 11011000 00110000 11011111 01111000  .o.0.x
00000216: 00100101 00011011 11101001 10100010 01110111 00011110  %...w.
0000021c: 00101010 10111001 00101001 00101001 11111111 00110111  *.)).7
00000222: 11101101 00011101 10000011 00111101 10010110 11101100  ...=..
00000228: 11010111 01000010 11011111 10000101 11011011 10110000  .B....
0000022e: 01100111 10100110 11010000 10110010 11011111 11011001  g.....
00000234: 01100100 01010111 00100101 00100100 10101010 10111110  dW%$..
0000023a: 11100100 10100011 01111010 10010000 11101100 11111010  ..z...
00000240: 11000010 11010110 01110010 10000110 11101101 00011101  ..r...
00000246: 11010111 00111101 10011100 01101000 10110111 00011001  .=.h..
0000024c: 01100101 00100011 11111000 01011101 10111101 01101011  e#.].k
00000252: 00100101 11001011 11010011 10001101 10101111 10101010  %.....
00000258: 10010010 11001101 11101011 00101101 10111001 10100001  ...-..
0000025e: 01110110 11100001 10001001 10111111 10100111 00011011  v.....
00000264: 01011111 01110101 11010101 01011010 01010011 00110001  _u.ZS1
0000026a: 11101010 01011000 11100001 11011010 00111110 11110001  .X..>.
00000270: 11110101 00011110 10100101 10001110 00011101 10100011  ......
00000276: 11101011 00110010 01010011 00110001 11011111 00000100  .2S1..
0000027c: 01100101 00110101 11011111 10110100 00010101 00111101  e5...=
00000282: 11111011 10110000 01110110 01000011 10101110 01001010  ..vC.J
00000288: 01110110 00001100 11110101 10010000 01110011 10110100  v...s.
0000028e: 11010110 11001100 01101101 01001000 11111110 00010110  ..mH..
00000294: 10100011 10011101 11001011 00001111 01100101 10111001  ....e.
0000029a: 11000101 00001111 11111011 10001101 11001101 00001011  ......
000002a0: 11111011 11000001 00101000 11011110 10011000 10010001  ..(...
000002a6: 11111100 00101101 01000111 00111011 10010110 00011110  .-G;..
000002ac: 11001011 01111101 00000101 11001011 00111101 11000110  .}..=.
000002b2: 11100110 10000101 11111101 11100000 10010100 01101111  .....o
000002b8: 01001011 10100001 11111001 01001100 00110000 11001111  K..L0.
000002be: 01110010 10000111 11111001 11111100 00101101 01001011  r...-K
000002c4: 01100111 01000010 11101000 11100111 01101101 10100110  gB..m.
000002ca: 01001011 01001010 01100011 10001101 11001101 00001011  KJc...
000002d0: 10110111 10100101 00101010 11001111 00000100 11110111  ..*...
000002d6: 10100110 00111100 11100111 00100001 10100101 00110000  .<.!.0
000002dc: 11000011 00111101 11001010 00011111 11100111 11110000  .=....
000002e2: 10110101 00101101 10011101 00111101 10100000 01110011  .-.=.s
000002e8: 10111110 10011001 00101101 00101001 10001110 00110111  ..-).7
000002ee: 01100000 11001111 10100000 10000111 11111100 00010011  `.....
000002f4: 11011110 10011100 01101111 00111001 00101111 10111100  ..o9/.
000002fa: 10100111 11000101 10111111 01000111 00111011 10110000  ...G;.
00000300: 00100011 01111010 01011101 01110110 01101100 10110110  #z]vl.
00000306: 10111101 11110101 11101001 10000111 01101111 00100101  ....o%
0000030c: 01000010 01110001 10111110 10000010 00100001 10101110  Bq..!.
00000312: 01001010 01111101 00110010 01011011 01011110 10110101  J}2[^.
00000318: 10110001 00001110 11101100 00011001 11101010 10000111  ......
0000031e: 01101111 00100001 00011001 01001101 01110100 11100011  o!.Mt.
00000324: 11000100 00111011 11001110 01110010 00001111 10011101  .;.r..
0000032a: 00001011 01111110 11000001 10000110 11111010 01000011  .~...C
00000330: 01111011 10110111 10100111 00011011 01011100 01111000  {...\x
00000336: 01110110 11111001 01101001 00011111 11000010 11010100  v.i...
0000033c: 10110110 01111010 11001011 00101101 11011101 10011011  .z.-..
00000342: 11110101 11001110 11100101 00001111 11111010 11001011  ......
00000348: 01101110 11111010 01011101 10111011 01011101 11001110  n.].].
0000034e: 11100110 10000101 11111010 01110001 10111100 00111011  ...q.;
00000354: 01111100 10110100 10001111 10001011 01101110 11000001  |...n.
0000035a: 10011110 10101100 01101100 10001011 01111010 10110000  ..l.z.
00000360: 10111101 01101100 10100111 10110100 01111101 11101110  .l..}.
00000366: 00110000 11011001 01101001 01001111 00000010 11110111  0.iO..
0000036c: 10100110 11100101 01001111 10101100 01101110 11000001  ..O.n.
00000372: 10011100 00100001 11011001 11101110 01011101 10000011  .!..].
00000378: 00111110 10010001 10110001 11001110 10111011 01100111  >....g
0000037e: 10011101 01110001 11011001 01110110 11001001 00101011  .q.v.+
00000384: 00000110 01111011 10001111 10011101 11111100 11111010  .{....
0000038a: 00111001 00011011 00111101 11110101 11101001 11000110  9.=...
00000390: 01101011 10010010 10011110 01110101 10110001 10011000  k..u..
00000396: 11011101 10000010 11100101 00100101 01100000 11001110  ...%`.
0000039c: 11111010 00110110 01011001 01001101 01111010 01110001  .6YMzq
000003a2: 10011010 11100101 01001111 01111101 00101101 01010111  ..O}-W
000003a8: 11010100 01110011 01000010 11111101 01010111 10100100  .sB.W.
000003ae: 00011011 10100110 10111011 11111000 11100111 01111101  .....}
000003b4: 00111111 01111010 10100101 00111111 00011011 10111111  ?z.?..
000003ba: 00010110 01110110 11101010 01101011 11000001 01110001  .v.k.q
000003c0: 10101111 01101100 10010100 11000010 00011111 11101010  .l....
000003c6: 01010110 10000101 10110111 00110100 00101110 11011010  V..4..
000003cc: 10010010 10110000 00100011 00101001 10101110 11000001  ..#)..
000003d2: 10011101 11110100 00110111 00010011 10111010 11100111  ..7...
000003d8: 01100111 10111011 01110100 00101101 11111000 10001010  g.t-..
000003de: 00111001 11011100 10110000 11110110 01011011 11010011  9...[.
000003e4: 10001101 11101011 01000101 10110011 01111001 01001100  ..E.yL
000003ea: 00110000 11001111 01110010 10000111 11011110 11100110  0.r...
000003f0: 10000101 10101001 01101100 11101000 01011101 00011100  ..l.].
000003f6: 11101101 10110100 11001001 01101001 01010111 11001100  ...iW.
000003fc: 10000100 00101101 10101110 01010100 11010111 01001010  .-.T.J
00000402: 01100011 10001101 11001101 00001011 10110111 10100101  c.....
00000408: 00101010 11001111 00000100 11110111 10100110 00111100  *....<
0000040e: 11100111 00100001 10100101 00110000 11000011 00111101  .!.0.=
00000414: 11001010 00011111 11100111 11110000 10110101 00101101  .....-
0000041a: 10011101 00111101 10100000 01110011 10111110 10011001  .=.s..
00000420: 00101101 00101001 10001110 00110111 01100000 11001111  -).7`.
00000426: 10100000 10000111 11111100 00010011 11011110 10011100  ......
0000042c: 01101111 00111001 00101111 10111100 10100111 11000101  o9/...
00000432: 10111111 01000111 00111011 10110000 00100011 01111010  .G;.#z
00000438: 01011101 01110110 01101100 10110110 10111101 11110101  ]vl...
0000043e: 11101001 10000111 01101111 00100101 01000010 01110001  ..o%Bq
00000444: 10111110 10000010 00100001 10101110 01001010 01111101  ..!.J}
0000044a: 00110010 01011011 01011110 10110101 10110001 00001110  2[^...
00000450: 11101100 00011001 11101010 10000111 01101111 00101010  ....o*
00000456: 11110011 11100110 00111000 01110000 11001101 01010111  ..8p.W
0000045c: 01001010 01100011 00010011 01100101 00110001 10001001  Jc.e1.
00000462: 10110010 10101111 00010111 01110000 01111000 10110110  ...px.
00000468: 11111110 01100100 01111011 00100011 00001110 00010111  .d{#..
0000046e: 00101010 01101011 10100101 00110001 10001010 00111100  *k.1.<
00000474: 11000110 00101000 10011000 11000101 00010010 10011000  .(....
0000047a: 01100001 10011110 11100101 00001111 10111101 11001101  a.....
00000480: 00001011 01010010 11011001 11010000 10111010 00111001  .R...9
00000486: 11011011 01101001 10010010 11010010 10011000 11100011  .i....
0000048c: 01110011 01000010 11101101 11101001 01001010 10110011  sB..J.
00000492: 11000001 00111101 11101001 10001111 00111001 11001000  .=..9.
00000498: 01101001 01001100 00110000 11001111 01110010 10000111  iL0.r.
0000049e: 11111001 11111100 00101101 01001011 01100111 01001111  ..-KgO
000004a4: 01101000 00011100 11101111 10100110 01001011 01001010  h...KJ
000004aa: 01100011 10001101 11011000 00110011 11101000 00100001  c..3.!
000004b0: 11111111 00000100 11110111 10100111 00011011 11001110  ......
000004b6: 01001011 11101111 00101001 11110001 01101111 11010001  K.).o.
000004bc: 11001110 11101100 00001000 11011110 10010111 01011101  .....]
000004c2: 10011011 00101101 10101111 01111101 01111010 01100001  .-.}za
000004c8: 11011011 11001001 01010000 10011100 01101111 10100000  ..P.o.
000004ce: 10001000 01101011 10010010 10011111 01001100 10010110  .k..L.
000004d4: 11010111 10101101 01101100 01000011 10111011 00000110  ..lC..
000004da: 01111010 10100001 11011011 11001010 01011011 00101011  z...[+
000004e0: 00000101 11001000 11101111 01110110 01010011 01011110  ...vS^
000004e6: 11100101 11011000 00110010 11011000 00101010 01011011  ..2.*[
000004ec: 01001111 10011100 11101111 01101011 11010010 00001101  O..k..
000004f2: 01000111 01010101 11100011 00101001 10101111 01001110  GU.).N
000004f8: 00110111 10111011 01001101 10010110 11001010 11100001  7.M...
000004fe: 00001001 01000111 10011000 01000011 10110111 11110000  .G.C..
00000504: 01010100 01110101 01010100 01110011 01000010 11111001  TuTsB.
0000050a: 11000101 00001111 11110111 11000001 00011011 10110000  ......
00000510: 00100011 01110110 00001011 10010101 00111100 01110100  #v..<t
00000516: 00101111 10111100 01110110 10001110 01101000 01011000  /.v.hX
0000051c: 10101001 01101100 01111111 10001000 00001111 01111011  .l...{
00000522: 10110010 10001110 01110111 10100110 11010111 00101101  ..w..-
00000528: 11111001 10100001 01110110 11110101 10100000 10110011  ..v...
0000052e: 01011100 01101000 10110111 10111011 00101001 10101111  \h..).
00000534: 01011010 11011000 10011011 11010001 00101010 11110101  Z...*.
0000053a: 01011010 00101110 10010000 11010101 01110100 10110110  Z...t.
00000540: 00111111 11001101 00111101 11011111 11000111 00111001  ?.=..9
00000546: 11101110 10000011 10110010 11010001 11001110 00110011  .....3
0000054c: 11011101 10000001 00011011 10111111 00001011 01110110  .....v
00000552: 11111110 10110110 01110100 11110100 10100101 11001001  ..t...
00000558: 10101000 10010100 11110110 00011111 01111011 11000101  ....{.
0000055e: 00110110 11001101 01111101 10111110 11011101 01011000  6.}..X
00000564: 00110000 11001010 01011011 00111101 01001011 00011100  0.[=K.
0000056a: 00111011 11110001 01101101 01100101 00010010 01010110  ;.me.V
00000570: 00001100 00110010 10001110 01110111 10101001 00001110  .2.w..
00000576: 11001110 10011111 01001011 10111011 01110001 10101101  ..K.q.
0000057c: 00010101 01110011 01000010 11101101 11000110 10110110  .sB...
00000582: 01101000 00011100 01101111 00111011 00110001 11011001  h.o;1.
00000588: 10111111 11010001 11010111 00101010 00100101 10110100  ...*%.
0000058e: 11110110 00100110 11001011 01100101 01100000 11000011  .&.e`.
00000594: 00101000 11100111 01111101 00000010 00011110 11001110  (.}...
0000059a: 01101000 01011101 10111011 10101110 01111011 00101101  h]..{-
000005a0: 01000111 10011001 00010111 10010111 10011001 00111100  G....<
000005a6: 11011001 11011000 00110011 10001011 01110001 11001110  ..3.q.
000005ac: 00110111 00011010 11010001 01010111 00110100 00101110  7..W4.
000005b2: 11011111 00001101 10011010 10011011 00101001 11110000  ....).
000005b8: 11101100 10110100 01110011 10001100 11110111 10111011  ..s...
000005be: 00101001 10101110 00101111 00101110 11101101 10011110  )./...
000005c4: 10011000 10001101 11111100 00010111 01101000 01001101  ....hM
000005ca: 00110101 00010010 11011000 11111000 10000011 10011101  5.....
000005d0: 00110111 10011111 00010000 01110011 10011110 11110101  7..s..
000005d6: 10110001 00110100 11010011 01111001 11110001 00000111  .4.y..
000005dc: 00111010 01101111 00010011 10111110 10010110 00101110  :o....
000005e2: 01100100 10011011 00101010 11111001 10001010 01101010  d.*..j
000005e8: 01110101 11001010 10011010 11101001 01101100 00101110  u...l.
000005ee: 11011110 10010000 01101010 00100101 01011110 00101110  ..j%^.
000005f4: 11000010 01011010 11100101 01001101 01110100 10101011  .Z.Mt.
000005fa: 11100110 01000010 00010110 11010111 00101010 01101011  .B..*k
00000600: 10100101 01011110 00101110 11000010 01011010 11100101  .^..Z.
00000606: 01001101 01110100 10101011 11010101 11000010 11111010  Mt....
0000060c: 10011101 10010110 11010101 01110111 01010110 00001011  ...wV.
00000612: 11101011 11011111 01011101 10000011 00111100 11100100  ..].<.
00000618: 10110011 01110111 11000011 00101101 10011100 11010000  .w.-..
0000061e: 10111111 01100101 10010111 01000111 11010000 11010100  .e.G..
00000624: 01001010 10111110 01100010 10011010 10011101 01110010  J.b..r
0000062a: 10100110 10111010 01010101 11101010 10110100 01011101  ..U..]
00000630: 00100001 10101010 11101001 01010111 10101010 11010001  !..W..
00000636: 01110100 10000101 11001010 10011010 11101111 00111110  t....>
0000063c: 00101101 11111110 10011001 00001101 11100001 01101101  -....m
00000642: 00110110 01000010 11111010 10111010 00010011 01100110  6B...f
00000648: 11110100 01111001 11111101 00101111 01100011 01110110  .y./cv
0000064e: 01000111 01100111 00011110 11011000 10001100 10111011  Gg....
00000654: 01100110 10101000 00010111 11100101 01011111 00110011  f..._3
0000065a: 01111010 01000011 01010101 11010010 10101111 10011111  zCU...
00000660: 10010000 10010100 11010111 00111101 00010111 00011111  ...=..
00000666: 00101011 10111100 11111001 11001110 11110110 10111101  +.....
0000066c: 00100000 11010100 01110101 01100000 10111110 10111100   .u`..
00000672: 00010110 00101001 10101110 00110010 11011100 11101010  .).2..
00000678: 00100101 10110010 10110010 00011101 10011110 11101101  %.....
0000067e: 11010001 11110100 00110100 11011001 01010111 11001100  ..4.W.
00000684: 01010011 01010011 10110101 01011101 00101101 10100111  SS.]-.
0000068a: 11101000 00111101 10011110 11101101 11010001 11010000  .=....
00000690: 01010100 11010001 11001111 10110001 01010110 01111000  T...Vx
00000696: 00101001 10111110 01100011 10001101 11010111 00111010  ).c..:
0000069c: 01101100 10110110 10011110 11100100 11110001 01101001  l....i
000006a2: 10110010 11011010 01100011 01110011 11011001 11101010  ..cs..
000006a8: 11001110 11000000 10001101 00110111 10011111 11000010  ...7..
000006ae: 11101101 11000110 10111001 10101110 01010100 11111101  ....T.
000006b4: 11010000 11011010 11101001 01101100 11110000 01111011  ...l.{
000006ba: 00101101 01000100 10010101 10000001 00011001 01001101  -D...M
000006c0: 01111001 11100111 01110011 11001111 01111110 01110101  y.s.~u
000006c6: 11110000 01111100 11010111 10000001 10111110 10101110  .|....
000006cc: 11100011 11011001 01101110 00110100 01011011 10110000  ..n4[.
000006d2: 01100111 01111110 11101100 00111000 01010001 11100111  g~.8Q.
000006d8: 10111001 00111100 01011010 01101100 10110110 10011000  .<Zl..
000006de: 11100011 01110101 11001110 10011011 11001111 10110001  .u....
000006e4: 01010110 01111000 00101001 10110010 11011001 01011001  Vx)..Y
000006ea: 11111100 00100110 00110111 10011101 01111100 00011111  .&7.|.
000006f0: 00110101 01000100 10101011 11010101 10000001 01111011  5D...{
000006f6: 11101111 01110010 10100110 10111010 01011011 01001100  .r..[L
000006fc: 11011101 10111110 11110000 11111001 01110110 00001100  ....v.
00000702: 10110110 01001101 10010110 11010011 11000011 10011001  .M....
00000708: 00111011 10001011 11001011 10111110 00110100 11011001  ;...4.
0000070e: 01010111 10011111 01101100 01101011 10010101 00110101  W.lk.5
00000714: 11010010 11011001 01011000 00101111 10101110 00111010  ..X/.:
0000071a: 01010011 10011110 11111010 11101101 00010001 11110101  S.....
00000720: 01010010 00111001 11010100 01001011 01100001 01100011  R9.Kac
00000726: 10110001 00110101 10001111 01111101 11100000 10010100  .5.}..
0000072c: 01101110 11001011 10110001 01111010 10110011 11011100  n..z..
00000732: 10101000 11100010 00101000 11100111 01110010 11000011  ..(.r.
00000738: 11011001 01101111 01011011 00111110 10011001 01110101  .o[>.u
0000073e: 10101011 01000101 10001011 10100101 00101001 01110010  .E..)r
00000744: 10100010 01000010 01110001 11010000 10111000 11100000  .Bq...
0000074a: 10000101 01001110 01010001 11000101 10001110 11000100  .NQ...
00000750: 11010110 01001101 11110011 00011011 10011110 11001111  .M....
00000756: 01010110 01110100 00101000 01100000 11001011 01110001  Vt(`.q
0000075c: 11000001 00001000 01111100 10011011 00101101 10010101  ..|.-.
00000762: 00000001 11101111 10100000 01011011 01110101 11001110  ...[u.
00000768: 10100010 01011011 00101010 00000100 11011001 01101101  .[*..m
0000076e: 00111101 11001001 11100010 11010011 01100101 10110010  =...e.
00000774: 10111000 00100011 01110000 01000011 11011001 11001101  .#pC..
0000077a: 00001011 11110100 11000011 00001010 10010110 11001010  ......
00000780: 11000001 01111101 01110111 01011101 10011001 11011001  .}w]..
00000786: 11011111 10001000 11011111 00001011 11001110 01011100  .....\
0000078c: 11101001 11011000 11010100 01001011 01100001 00010100  ...Ka.
00000792: 10101011 10010100 00110111 01001111 00111001 01110011  ..7O9s
00000798: 10100111 01100011 01010001 11000100 01010010 10101110  .cQ.R.
0000079e: 10011110 11011000 10001110 11110101 10100000 11010100  ......
000007a4: 01001011 01101001 11111110 11100111 10110011 11101000  Ki....
000007aa: 00101110 11100111 01011100 10101001 11010111 00011010  ..\...
000007b0: 00101101 11011000 00110011 11001110 10001101 01101011  -.3..k
000007b6: 00110101 10101100 11011111 10110100 00011010 10001110  5.....
000007bc: 10101100 10000111 01100111 10111011 01110100 01111101  ..g.t}
000007c2: 00001101 01000100 10110110 10011111 11010001 10000011  .D....
000007c8: 00101100 11110111 10011100 11101100 01001101 01100100  ,...Md
000007ce: 11011110 10101010 10000010 01010001 10111011 10110001  ...Q..
000007d4: 10111011 00000110 01010101 11110111 10001110 11000001  ..U...
000007da: 01111101 01001101 10010110 11010011 00001100 01110100  }M...t
000007e0: 11101111 01010110 01001101 10010110 11010011 11011100  .VM...
000007e6: 10011110 00101101 00110111 10101011 10000010 00110111  .-7..7
000007ec: 00000100 00111101 10011100 11010000 10111111 01001100  .=...L
000007f2: 00110000 10101001 01101100 10101111 10001110 01110011  0.l..s
000007f8: 11011100 01000101 00001111 01100111 10100110 00011011  .E.g..
000007fe: 10100111 01100100 01110001 11010111 00101010 01111110  .dq.*~
00000804: 11110000 01000111 01100001 10101000 10010101 01111100  .Ga..|
0000080a: 11000110 11001011 00100110 11010101 01110100 10110110  ..&.t.
00000810: 00010111 01101111 01001000 00110101 00011101 01011111  .oH5._
00000816: 00011100 11100111 10111011 00000010 00110010 10011010  ....2.
0000081c: 11110100 11000100 01101111 11000110 10001011 01110110  ..o..v
00000822: 11000010 11111010 00001011 10111001 11010111 00101010  .....*
00000828: 01110100 11110111 10111000 11011100 11010000 10111110  t.....
0000082e: 00111010 00010111 10011101 01101000 00111101 10011110  :..h=.
00000834: 11101101 01000100 10110110 01010100 00000111 10111101  .D.T..
0000083a: 00110001 11010000 00110001 00110111 01111011 10111010  1.17{.
00000840: 11101100 11001110 11001110 00110110 00111001 11001001  ...69.
00000846: 01000100 10110110 01010111 11000111 00111000 01010100  D.W.8T
0000084c: 10110110 01010100 00000111 10111100 00000011 11011100  .T....
00000852: 00110001 01001101 01110001 01101010 11110100 11011111  1Mqj..
00000858: 01101111 10110111 10011000 01100010 10011010 11100010  o..b..
0000085e: 11010101 11101001 10111010 01110111 01011101 10011001  ...w].
00000864: 11011001 11001011 00101100 01111010 00010111 10101010  ..,z..
0000086a: 00100101 00110000 11000101 00110101 11101101 10001000  %0.5..
00000870: 11100111 00011011 10001011 11001011 10111011 01100111  .....g
00000876: 01001110 00111000 00100011 00110110 01011010 10110100  N8#6Z.
0000087c: 01001111 00011010 00111010 10110010 00111000 11100111  O.:.8.
00000882: 10111001 10100001 01111110 10110100 00010110 00000110  ..~...
00000888: 00100110 11111001 10111111 11011110 00011100 11011111  &.....
0000088e: 01101111 10110100 10110110 01010110 00000100 01100101  o..V.e
00000894: 00110101 11101110 11010100 01110001 00010100 00111101  5..q.=
0000089a: 10011100 00110001 00101101 10111111 11000010 10000101  .1-...
000008a0: 11010010 00010100 01111001 10001010 11010010 11011011  ..y...
000008a6: 11101010 01101100 10110110 10011110 11000011 11011100  .l....
000008ac: 10100001 11101110 00011001 11011001 00011100 01110110  .....v
000008b2: 10100110 11111001 10000110 01111101 11100011 00110101  ...}.5
000008b8: 01000111 00010011 10001110 10000101 11011001 00011100  G.....
000008be: 01110101 00011100 01001110 11101000 00111101 10011101  u.N.=.
000008c4: 10100011 10110010 00111000 11101010 00100100 00100010  ..8.$"
000008ca: 10010101 01110110 00001100 11101100 10001110 00111010  .v...:
000008d0: 11100101 01001110 01101001 10111110 11101001 01010001  .Ni..Q
000008d6: 01110110 00001011 10010101 00111100 11010000 10111111  v..<..
000008dc: 10000111 10110010 11011111 01001000 11111101 00010010  ...H..
000008e2: 11011010 01100011 10001101 11000011 00101101 11100001  .c..-.
000008e8: 01101101 11100000 01101111 01010001 10111110 10101111  m.oQ..
000008ee: 01001000 00110101 00010010 11011010 01111011 00001111  H5..{.
000008f4: 01110010 10001001 10111100 01001111 10100111 11110001  r..O..
000008fa: 00101101 00110111 10101010 00000100 11011111 00110000  -7...0
00000900: 11001110 00111010 00010111 01100100 01110001 11010011  .:.dq.
00000906: 01100101 01011111 00110001 01001101 01001110 11010101  e_1MN.
0000090c: 01110100 10110110 10011000 01100001 10100110 11110001  t..a..
00000912: 00111000 11101000 01011100 01100111 00011010 01101100  8.\g.l
00000918: 10110110 10011000 01100111 00011101 00001011 10001100  ..g...
0000091e: 11100011 01001101 10010110 11010011 00001100 11100011  .M....
00000924: 10100001 01110001 10011100 01101001 10110010 11011010  .q.i..
0000092a: 01100001 10011100 01110100 00101110 11001000 11100011  a.t...
00000930: 10100110 11001011 01101001 10000010 00111101 11000001  ..i.=.
00000936: 00100110 11110101 01100000 01000110 01010011 01011110  &.`FS^
0000093c: 11010111 10100100 00011001 11101110 00110100 01000011  ....4C
00000942: 10100110 11111001 11101100 00111111 11000100 01010010  ...?.R
00000948: 10101110 10011100 01100111 00011010 11100101 01001011  ..g..K
0000094e: 11011101 10010001 11000111 01011100 10101001 11111011  ...\..
00000954: 11000001 00011101 10000110 10100010 01000111 11110000  ....G.
0000095a: 10111111 01010101 11101001 00000110 11100000 10000111  .U....
00000960: 10110011 11101011 00110000 10111010 01110000 10000101  ..0.p.
00000966: 11101011 00000110 01110001 10011110 11110101 00100001  ..q..!
0000096c: 10101011 01100111 11000011 11011000 01011101 00111110  .g..]>
00000972: 10010111 00111011 00101100 00110011 10001101 00101010  .;,3.*
00000978: 11001011 01101110 00100111 10101101 10001101 11001101  .n'...
0000097e: 00001011 11101001 01110010 01010001 10111001 01100001  ..rQ.a
00000984: 11101100 10110111 11010110 01100001 01110100 11111011  ...at.
0000098a: 11000001 00011101 10000110 11100011 00111000 11010100  ....8.
00000990: 01111001 10000010 00111101 11000001 00100110 11001001  y.=.&.
00000996: 01010000 00110110 10000000 10100010 01010101 11110011  P6..U.
0000099c: 00011011 00101100 10011011 01010101 11010010 11011010  .,.U..
000009a2: 01100111 00101111 00111100 11011001 11000010 11110101  g/<...
000009a8: 01001101 10010110 11010011 11100001 10011011 00101101  M....-
000009ae: 11000010 11110101 01001101 11110011 00001100 01010011  ..M..S
000009b4: 01011110 10011100 01100110 10111001 01010011 11010001  ^.f.S.
000009ba: 11110100 00110100 11011001 01010111 11001100 01101100  .4.W.l
000009c0: 10110010 01101101 00111101 11100110 00101001 10101001  .m=.).
000009c6: 11011010 10101110 10010101 01111100 11111100 10000101  ...|..
000009cc: 01011101 00101101 10100110 00111000 11011100 00101111  ]-.8./
000009d2: 01010100 11011110 10101100 00010111 11010111 01111101  T....}
000009d8: 00001101 00110111 10101011 00101110 11000101 00110110  .7...6
000009de: 01011011 00011111 11000010 11111011 00000110 01011011  [....[
000009e4: 00101000 11101010 10010110 10100111 00100110 11001011  (...&.
000009ea: 01101001 11110001 10110000 01010100 10110110 00111110  i..T.>
000009f0: 00011011 10110000 01100111 10001011 01101111 10010110  ..g.o.
000009f6: 11110000 00110111 01010101 11000101 10110111 11110011  .7U...
000009fc: 11111010 01011000 01011110 01011010 00100110 11111100  .X^Z&.
00000a02: 01001110 10010101 01110100 01011011 00000100 01011010  N.t[.Z
00000a08: 11110011 11001101 10011011 11110110 10001111 00111001  .....9
00000a0e: 11001000 00111110 01110011 01000010 11111101 01101000  .>sB.h
00000a14: 01100000 11101011 00101101 11110010 11011110 01001001  `.-..I
00000a1a: 01101011 01100110 10011010 01001000 01011011 11110110  kf.H[.
00000a20: 10110010 00010110 10100111 01000101 10011011 10011010  ...E..
00000a26: 00010111 11011010 00111010 01111101 11110011 01010111  ..:}.W
00000a2c: 10100100 10010001 10110011 01111010 00101000 10100010  ...z(.
00000a32: 10001010 00111101 10110011 01011000 11001100 11101100  .=.X..
00000a38: 10101011 00001001 10111000 11001000 00111101 11011101  ....=.
00000a3e: 01110110 00110101 00010010 11011001 01010000 00011110  v5..P.
00000a44: 11110110 11000100 01110011 10001100 00101011 10011111  ..s.+.
00000a4a: 11000010 11111010 00010110 11111101 11110000 01000110  .....F
00000a50: 11101001 01101010 10001100 00101010 01010101 11110011  .j.*U.
00000a56: 00010100 11010100 11101101 00111101 11010101 11000010  ...=..
00000a5c: 11110101 01001110 11001011 01011100 10101001 10101110  .N.\..
00000a62: 10010101 01111001 11110100 00010110 00111001 11001110  .y..9.
00000a68: 11001101 01010111 01001011 01100011 11101010 00010111  .WKc..
00000a6e: 00010011 11101001 00001101 11110101 00010101 01100011  .....c
00000a74: 00000101 11001010 10011110 11010001 11001101 00001011  ......
00000a7a: 00010101 00101101 10010101 01110111 11010011 01100001  .-.w.a
00000a80: 00111101 11001101 00001011 11101111 10100110 10111101  =.....
00000a86: 10110001 00011100 11100011 00111101 11101101 10001000  ...=..
00000a8c: 11100111 00011001 11101111 01101100 01000111 00111000  ...lG8
00000a92: 11011111 01010001 01010110 00110000 01011100 10010100  .QV0\.
00000a98: 11110101 10010000 01110011 10111000 01100101 10110010  ..s.e.
00000a9e: 10001111 00100001 00001000 01111011 01100110 11110111  .!.{f.
00000aa4: 10101100 11101100 10011011 00101001 11110101 10110011  ...)..
00000aaa: 10011010 00010111 11011001 00011100 01110101 11001001  ....u.
00000ab0: 01001110 11010001 11110110 11111011 01111010 10110000  N...z.
00000ab6: 01010111 01010111 00001000 01001001 10110010 11011000  WW.I..
00000abc: 11111111 00110101 01000111 00010011 10111110 10011010  .5G...
00000ac2: 11101100 10001110 00111010 11100100 10100111 01101000  ..:..h
00000ac8: 11100110 10000101 11010001 11001111 10101000 01011100  .....\
00000ace: 01001110 11011000 11100111 01110011 01000010 11111011  N..sB.
00000ad4: 00000010 00110111 00110100 00101111 10110000 00100011  .74/.#
00000ada: 01110011 01000010 11111011 11101001 10101111 01001101  sB...M
00000ae0: 10110001 00011011 11001010 10110010 00001110 01110111  .....w
00000ae6: 00001100 10110110 00001010 11101010 11000001 00011010  ......
00000aec: 11001111 01001010 11010010 11011011 11101010 01101100  .J...l
00000af2: 10010101 10000011 00001101 11011000 00100001 01110100  ....!t
00000af8: 10000011 01110110 00001100 00110111 01111101 00110101  .v.7}5
00000afe: 11010001 11001110 11110000 00110111 01100000 01000110  ...7`F
00000b04: 10100011 10101011 00000110 00010111 00110100 00101111  ....4/
00000b0a: 11101000 00100001 11111100 11011111 10101110 01110011  .!...s
00000b10: 11011101 00001011 01111111 01011001 00101010 10011011  ...Y*.
00000b16: 11010101 10000011 00001101 11100100 11111010 01101011  .....k
00000b1c: 10110101 10101111 00111010 01110101 11001001 01001111  ..:u.O
00000b22: 00000111 10110010 11011101 10000011 00101010 11010110  ....*.
00000b28: 00111000 11110110 01101011 10111010 11100111 01100111  8.k..g
00000b2e: 10101100 10010101 10110011 01011110 11100101 11011000  ...^..
00000b34: 00110011 10111111 00010001 10111110 10101000 11101010  3.....
00000b3a: 11000000 10001101 11101101 10001000 11100111 00011011  ......
00000b40: 11010100 10011011 11100111 10010101 01011001 11000110  ....Y.
00000b46: 11001100 01110111 10100110 00100011 01111110 11010001  .w.#~.
00000b4c: 11110101 10011001 11011000 00010001 10101000 10010110  ......
00000b52: 11001010 10000000 11110111 01100000 01000110 01010011  ...`FS
00000b58: 01011110 10011011 01100010 00110101 00011100 01011101  ^.b5.]
00000b5e: 11000100 01110011 10001101 01000100 10110110 10011111  .s.D..
00000b64: 10010000 10011110 11110111 01100101 00110101 11101001  ...e5.
00000b6a: 10001000 11011111 10110100 01111010 11011001 11000110  ...z..
00000b70: 10110110 01100101 00010010 11011010 01111011 00001111  .e..{.
00000b76: 10111101 11011111 00000011 01111101 11100000 10010100  ...}..
00000b7c: 01101110 01101000 01011111 10100110 00111000 11111000  nh_.8.
00000b82: 11101100 10101101 01100100 01101100 11100110 10000101  ..dl..
00000b88: 11011011 10001101 01101100 11001101 11100010 10101110  ..l...
00000b8e: 11111101 11011000 00111001 10100001 01110110 11110000  ..9.v.
00000b94: 11111001 01110001 10101101 01111100 00101101 11110100  .q.|-.
00000b9a: 00101011 11001010 01100001 01010101 01000010 10100101  +.aUB.
00000ba0: 10110001 11110001 01101100 11110111 01011000 00111101  ..l.X=
00000ba6: 11000100 11111011 11000001 00101000 11011100 00010000  ...(..
00000bac: 11110110 01110100 00100011 01110001 10101101 01111100  .t#q.|
00000bb2: 00101101 11110101 01000111 10011111 00010110 11111100  -.G...
00000bb8: 01000101 00101010 11100101 00001101 11101001 10001011  E*....
00000bbe: 10010010 10011110 00010110 11011101 10000011 00101101  .....-
00000bc4: 10011110 10110001 10111100 10101010 00110110 10110001  ....6.
00000bca: 11000011 01010001 11100110 00011000 01100111 10111011  .Q..g.
00000bd0: 11101001 01110110 11101001 11101010 10111001 00101101  .v...-
00000bd6: 10110010 01101111 00010011 11010011 00001101 11010011  .o....
00000bdc: 11010011 01101100 01000110 11110111 11011111 00010010  .lF...
00000be2: 01101111 00010001 01000111 00111011 11101001 10101110  o.G;..
00000be8: 00111001 11011101 11111011 10110000 01110011 01000010  9...sB
00000bee: 11101000 11110010 00111111 10000101 10101001 01101100  ..?..l
00000bf4: 11110101 01100010 00010011 11011110 10011011 01100110  .b...f
00000bfa: 00010011 11011100 01101011 11010010 00001101 01110010  ..k..r
00000c00: 01010011 11010100 10000011 10000101 11001011 00101000  S....(
00000c06: 11101010 11010001 01001110 00110000 01100101 10111011  ..N0e.
00000c0c: 11111000 10100011 10011101 11110100 00111010 01011011  ....:[
00000c12: 00111011 00000110 01111101 01001110 10111011 01111001  ;.}N.y
00000c18: 01000010 11011011 11000000 11011101 00001000 11010101  B.....
00000c1e: 10100011 01110011 01110110 00000100 01101110 00111101  .sv.n=
00000c24: 10100011 01011010 11001101 01110101 11101010 10001001  .Z.u..
00000c2a: 01010111 10001011 10110000 10010110 10111001 01010011  W....S
00000c30: 01011101 00101101 10010101 00000001 11101110 11111100  ]-....
00000c36: 00111111 00110111 10101011 00000010 00110111 01111101  ?7..7}
00000c3c: 00110101 11101101 10001000 11100111 00011011 11101000  5.....
00000c42: 01110100 10110001 10101000 11100010 00001101 11001101  t.....
00000c48: 00001011 11111011 11000001 00101000 11011110 10101011  ...(..
00000c4e: 10010110 11111110 10101100 11111010 01000011 01011100  ....C\
00000c54: 10010100 01111011 11011100 01101110 11000000 10001101  .{.n..
00000c5a: 11100101 10111100 00010010 10001101 11011111 10001011  ......
00000c60: 00011100 11110111 00110100 00101110 11011110 10110101  ..4...
00000c66: 10110001 00011000 00111000 11111001 01100110 01001011  ..8.fK
00000c6c: 10010011 10001101 11011111 10111011 10011101 11101001  ......
00000c72: 11000110 11101100 00011001 11000101 10110001 01011011  .....[
00000c78: 11101111 00000101 10001111 01110101 00000111 01000101  ...u.E
00000c7e: 11101011 00111001 10100001 01111110 01011011 11100000  .9.~[.
00000c84: 11010111 00101011 10110110 00111000 11011100 10110011  .+.8..
00000c8a: 00110111 11111010 10001010 10110011 10101011 01011100  7....\
00000c90: 01111110 10101100 10000011 11101011 11000101 10111110  ~.....
00000c96: 10100010 10101100 01100000 10111001 01010010 11110111  ..`.R.
00000c9c: 01010000 01110100 01011110 10110011 10011010 00010111  Pt^...
00000ca2: 11101011 01011011 00010001 10000011 11101001 10101110  .[....
00000ca8: 01000111 01101010 01101100 10001111 11100001 01111101  Gjl..}
00000cae: 00011101 01010100 01101001 10111101 01100101 11011000  .Ti.e.
00000cb4: 10110011 01111110 11000001 10011100 00010010 11110110  .~....
00000cba: 11110000 10110110 01100100 11110101 00011011 10010100  ..d...
00000cc0: 01101011 00011110 11100010 11010101 11101001 10111011  k.....
00000cc6: 10101110 01110110 01110110 00001100 11101101 01111010  .vv..z
00000ccc: 10110011 11101101 11110110 11110010 10101111 10011111  ......
00000cd2: 10010111 01010101 01100111 01011100 10101001 10101110  .Ug\..
00000cd8: 10010010 10110000 00100001 01110001 00111010 00110110  ..!q:6
00000cde: 01111101 01000101 01011001 11101101 00001100 11011000  }EY...
00000ce4: 01011110 10110110 01011010 11010111 11001101 01010001  ^.Z..Q
00000cea: 11000100 11100000 10011011 11111101 00110101 10100000  ....5.
00000cf0: 10101001 11110100 10100110 10110011 01011111 00001110  ...._.
00000cf6: 10111001 01010011 11100001 01101101 11100000 01101111  .S.m.o
00000cfc: 01010001 10111100 10101011 00101101 10011011 10110000  Q..-..
00000d02: 00100011 01111101 11010000 11010100 01001011 01100101  #}..Ke
00000d08: 01110000 00110111 01001011 01100111 00110100 00101111  p7Kg4/
00000d0e: 10001101 00001110 01110100 00111111 01110010 10100111  ..t?r.
00000d14: 11010101 10000010 10100101 10110000 10001010 00111001  .....9
00000d1a: 11011101 10110001 11001110 11100110 10000101 11110111  ......
00000d20: 11000000 11010100 01111001 01001001 01000011 11101010  ..yIC.
00000d26: 00101111 01011001 11000100 01010010 10101110 10001110  /Y.R..
00000d2c: 01110111 01000111 01000001 01100100 10010101 10000011  wGAd..
00000d32: 00101101 10001010 01101011 10010100 01111000 00101100  -.k.x,
00000d38: 11100001 10010110 11001111 01011011 00110101 01111101  ...[5}
00000d3e: 11110011 11010101 10010010 10011111 10001101 11100111  ......
00000d44: 01011010 00101010 01110110 01010101 10101110 00001000  Z*vU..
00000d4a: 01111011 00111010 00111001 11011110 10011000 00101100  {:9..,
00000d50: 10010010 10110000 01100101 10110001 01001101 01110010  ..e.Mr
00000d56: 10001111 00000101 10011101 10100011 11101111 10010110  ......
00000d5c: 10111110 11111001 11101010 11001001 00011111 00010110  ......
00000d62: 11011100 11010000 10111111 01001100 00110011 00100111  ...L3'
00000d68: 00001100 00111101 10011100 01101011 01011111 00001011  .=.k_.
00000d6e: 01111101 01111101 10111110 11011110 01010010 11011010  }}..R.
00000d74: 01100101 10100010 01110111 11010101 11001010 10011011  e.w...
00000d7a: 10010101 00110011 01111000 10001100 10100110 10111001  .3x...
00000d80: 01000111 01111110 00001011 01111100 10110111 00110100  G~.|.4
00000d86: 00101111 11101111 00000100 10100011 01110000 01000011  /...pC
00000d8c: 11011001 11010000 10001101 11000110 10110101 11110000  ......
00000d92: 10110111 11010101 00010010 11011001 01011110 00011111  ....^.
00000d98: 10100011 10101010 00010011 10001101 11010011 10110101  ......
00000d9e: 10010111 10011100 01101011 01011111 00001011 01111110  ..k_.~
00000da4: 11111100 00101101 11011011 11111010 11011001 11011000  .-....
00000daa: 00010001 10111000 11110110 01011110 00111001 11000110  ...^9.
00000db0: 11100001 00000101 10011010 01101010 00100101 10110010  ...j%.
00000db6: 10101110 11111010 01101100 00100111 10111011 10101110  ..l'..
00000dbc: 11001100 11101100 11111011 11000001 00011101 10000110  ......
00000dc2: 10100011 10101011 00100001 11011001 11010011 10111010  ..!...
00000dc8: 00100000 11101110 10001101 11101010 11001010 00111010   ....:
00000dce: 10111000 00100011 01110100 10101011 10001000 00101010  .#t..*
00000dd4: 01011011 00001011 10000001 11110110 11111011 01110001  [....q
00000dda: 01110111 00010001 11001110 00110111 01100100 01110011  w..7ds
00000de0: 10000101 01001011 01101001 11101100 01001101 11100010  .Ki.M.
00000de6: 00101001 01010111 01000010 11110001 01101010 01110010  )WB.jr
00000dec: 01101111 00111111 10000101 11110011 10001010 00011111  o?....
00000df2: 10100011 10001011 11110011 00011011 00100101 01101110  ....%n
00000df8: 01101000 01011101 10111011 01000101 10000111 00001110  h].E..
00000dfe: 10000101 10111111 10011101 01110110 00011100 00000110  ...v..
00000e04: 10001011 00011101 10101010 00000101 11111110 10101010  ......
00000e0a: 10001100 11010001 00101000 11011110 01001100 00001000  ..(.L.
00000e10: 11011110 10110100 00110000 01100101 10111001 10100001  ..0e..
00000e16: 01100010 10100101 10110100 11110110 00100111 01100101  b...'e
00000e1c: 00010010 11011000 01011101 11000100 01110011 10001100  ..].s.
00000e22: 00101010 01011011 00001011 10111000 10001110 01110001  *[...q
00000e28: 10011110 11110110 11000100 01110011 10001101 01000100  ...s.D
00000e2e: 10110110 01010100 00001010 00100101 10110100 11111100  .T.%..
00000e34: 10000100 11110111 00010011 10111010 11100111 01100111  .....g
00000e3a: 00110100 00101110 10001110 10101110 00001000 11001010  4.....
00000e40: 01101011 10011010 00010111 11001001 00101010 11000001  k...*.
00000e46: 01010010 11011000 01011100 00000111 10111100 11001000  R.\...
00000e4c: 01011011 00001110 10100010 01011011 01001100 10000101  [..[L.
00000e52: 10110000 11100001 01011101 01011111 00011100 11100111  ..]_..
00000e58: 10111001 10100001 01111100 11100010 10000111 11111011  ..|...
00000e5e: 11100000 10001101 11000100 11101110 10111001 11011001  ......
00000e64: 11010010 10110100 00101101 10111001 10100001 01101111  ..-..o
00000e6a: 01111001 10010000 10110110 00011100 00101010 01000111  y...*G
00000e70: 11110000 10111111 01001100 00110111 01100000 01000110  ..L7`F
00000e76: 11100111 01011100 10110111 11110000 00110111 00010011  .\..7.
00000e7c: 01101101 11100000 10010100 01101101 10000111 01001011  m..m.K
00000e82: 01100110 11001111 10000010 00110110 11000101 00010101  f..6..
00000e88: 10100011 01110011 01101100 11000001 01110010 00111011  .sl.r;
00000e8e: 01011011 01000000 11011011 01010101 10011101 10000010  [@.U..
00000e94: 11100101 01001101 00010010 00010011 10111010 11100111  .M....
00000e9a: 01100111 01100000 01000110 10100011 10001001 11101101  g`F...
00000ea0: 10011010 10011101 10000011 10110111 01100000 01000110  ....`F
00000ea6: 01111011 11001100 10000101 10110000 11101010 00111001  {....9
00000eac: 11111100 00101111 10100011 10011101 11101101 01111010  ./...z
00000eb2: 01000001 10101000 11101010 11100001 00010001 00110111  A....7
00000eb8: 10101010 11100010 00001110 11101000 11011101 10000001  ......
00000ebe: 00011010 10001111 00100101 01110000 10000101 00110111  ..%p.7
00000ec4: 11101111 10100001 00110111 01101000 11101110 10111001  ..7h..
00000eca: 11101100 11110111 00101111 00111001 11001000 00111110  ../9.>
00000ed0: 01110111 01011100 11101100 11101100 00001000 11000010  w\....
00000ed6: 10100101 10110010 10110000 00100011 01110111 11100001  ...#w.
00000edc: 01101110 11011111 11010110 11001111 01010001 10111000  n...Q.
00000ee2: 01000101 01011001 01000100 10110110 01010100 00001001  EYD.T.
00000ee8: 10111110 01111100 01011011 11111011 10110111 10111110  .|[...
00000eee: 10111011 10100000 11110110 00111000 11010011 01111100  ...8.|
00000ef4: 11110000 00101111 01001101 11101011 01100010 00101101  ./M.b-
00000efa: 10101110 00110010 11011101 01000111 00111111 10000101  .2.G?.
00000f00: 11110011 10001010 00011111 11100110 10000101 11110100  ......
00000f06: 10110110 01110001 01111001 01110111 01101100 11101001  .qywl.
00000f0c: 11100101 10111110 00001111 00010110 01000110 10001011  ....F.
00000f12: 01010001 11000100 01100101 00110101 11010010 10100100  Q.e5..
00000f18: 10011110 01101011 10010101 00111101 11110000 01000110  .k.=.F
00000f1e: 11100110 10000101 10101000 01111011 00111110 11110000  ...{>.
00000f24: 01011001 11011111 10111011 00000111 11010010 11000111  Y.....
00000f2a: 00001110 10011110 10101000 11011111 00110100 11011110  ....4.
00000f30: 10110010 11110111 10100111 00011010 10001110 00100111  .....'
00000f36: 10010011 10101110 01110110 01110110 00000100 01101111  ..vv.o
00000f3c: 01011010 00010110 11101101 11110010 11010100 01110101  Z....u
00000f42: 01100000 01000110 11110111 11010111 01001110 01010111  `F..NW
00000f48: 00011111 00111101 01101000 01011011 10110111 11001011  .=h[..
00000f4e: 01010001 00101101 10000100 11110100 10101111 00110101  Q-...5
00000f54: 10101110 01101000 01011111 11011110 00001001 01000110  .h_..F
00000f5a: 11111000 01001101 10010110 01100100 10111001 01111010  .M.d.z
00000f60: 10010110 00111000 00111101 11110111 10001110 01101000  .8=..h
00000f66: 01011000 10101001 01101100 00100111 01110101 11001110  X.l'u.
00000f6c: 11001111 01010001 10111100 11101011 01011100 11110010  .Q..\.
00000f72: 00001110 01101010 00100101 10110001 11111100 00101111  .j%../
00000f78: 10011100 01010000 11111011 11011100 01001111 10111100  .P..O.
00000f7e: 01110110 10001000 10100011 10101011 00000010 00110010  v....2
00000f84: 10011010 11101000 01010000 11000001 10010110 11101100  ..P...
00000f8a: 00010111 00101010 01111011 11111001 11000001 00001111  .*{...
00000f90: 01100111 10111001 01110001 11100010 10101010 10100000  g.q...
00000f96: 10101000 11101010 10111011 10011101 10011100 01001111  .....O
00000f9c: 00100000 01000110 11001111 01110110 11101111 10000110   F.v..
00000fa2: 00010111 00110100 00101111 11010011 00001101 11110101  .4/...
00000fa8: 00010101 01100101 01101000 11011100 11011110 11100101  .eh...
00000fae: 11001101 00001011 10110111 00011001 00000111 11001010  ......
00000fb4: 00111001 11111100 00101101 01000011 11011001 11011010  9.-C..
00000fba: 11000110 10111001 01010011 11011010 00111101 00110111  ..S.=7
00000fc0: 00111101 10011101 10000011 00101010 11110010 01001110  =..*.N
00000fc6: 00010111 00100110 01111011 10100001 01101111 11011000  .&{.o.
00000fcc: 00110000 11011101 11111000 00100101 00011011 10111011  0..%..
00000fd2: 00010000 11110110 01010001 11010101 10000011 00101101  ..Q..-
00000fd8: 10001010 01101011 10110000 00100011 01110100 01111100  .k.#t|
00000fde: 11100111 11010010 11011011 11111101 01011101 11011000  ....].
00000fe4: 01000011 11100101 00010010 11011000 11111010 10000101  C.....
00000fea: 11000100 11111010 01100100 00110111 01111110 11101100  ..d7~.
00000ff0: 00011100 11010000 10110001 01010010 11011000 01011100  ...R.\
00000ff6: 00000111 10111011 11100000 10001100 00101010 01011011  ....*[
00000ffc: 00011111 01010000 10111000 10011111 01001100 10000110  .P..L.
00001002: 11101111 11011101 10000011 10011010 00010110 11110111  ......
00001008: 10011100 11101100 01001101 01100000 10101001 01101100  ..M`.l
0000100e: 10101000 00110111 00011110 00010111 01101101 01100100  .7..md
00001014: 11011001 01101100 00101110 11100010 00111001 11000110  .l..9.
0000101a: 00010101 00101101 10100111 10110001 01000100 10110110  .-..D.
00001020: 00010110 00111011 00010011 01011001 00110111 10001001  .;.Y7.
00001026: 11110111 10000010 01010001 10111011 11101000 01000100  ..Q..D
0000102c: 10011110 10011000 11110101 10010000 01110011 10111011  ....s.
00001032: 00000110 01011011 00100110 11110011 11111000 01011111  .[&.._
00001038: 11011110 00001001 01000110 11100111 00010100 00111111  ..F..?
0000103e: 11011111 00000100 01101111 01110110 01010011 01011101  ..ovS]
00001044: 11010111 00111011 00111011 01000111 10010101 01101100  .;;G.l
0000104a: 11100011 11000001 01101010 11111011 11100101 10110011  ..j...
00001050: 01111110 10011100 01101011 01100010 00011101 01000111  ~.kb.G
00001056: 01010111 11000111 00111001 11101111 01010010 00011010  W.9.R.
0000105c: 10110110 01110011 01000010 11111110 11110001 01000111  .sB..G
00001062: 00111110 00101101 10111011 00000010 00110010 10011010  >-..2.
00001068: 11101111 10000001 10111011 11111001 11101001 10000110  ......
0000106e: 01100100 11110010 11010011 01011100 01110011 10111011  d..\s.
00001074: 01000101 00111000 11000001 10010110 10100011 10011111  E8....
0000107a: 11000010 11111101 00110000 11001100 10011101 11011000  ..0...
00001080: 11011110 10101100 11111010 01100100 00110100 11011110  ...d4.
00001086: 00101100 01110110 00100110 10110010 01101111 00010110  ,v&.o.
0000108c: 00111011 00010011 01011001 00110110 01011011 00101010  ;.Y6[*
00001092: 00011100 10000110 10011011 11010101 00001110 01000011  .....C
00001098: 01001101 11100111 11000101 10110111 10000010 11001110  M.....
0000109e: 01010111 10100100 00011011 11000001 00111000 11010100  W...8.
000010a4: 01001011 01101001 11110000 01001101 11101010 11000000  Ki.M..
000010aa: 10000100 01110111 00110100 00101110 01101100 10110110  .w4.l.
000010b0: 01010111 00000100 01101110 10010110 11001110 01101000  W.n..h
000010b6: 01011111 11011011 11101101 11100111 10110001 00110111  _....7
000010bc: 11001111 01100010 01101100 10110110 01010110 00001011  .bl.V.
000010c2: 11101011 11011111 01011110 10011000 00100010 01001111  ..^."O
000010c8: 01011011 00111000 11001011 00101001 10111101 01011111  [8.)._
000010ce: 00111000 11101000 01011111 01001100 10000110 11101011  8._L..
000010d4: 10011101 11011100 10001101 10001111 01111101 00111110  ....}>
000010da: 10010011 10100111 01011100 10010100 11110101 00100001  ..\..!
000010e0: 00111000 11011111 01001101 00010110 10111110 01101001  8.M..i
000010e6: 11101111 00100100 00101101 11111101 11001011 10110000  .$-...
000010ec: 01100111 10101010 00101100 01010111 00100101 00111000  g.,W%8
000010f2: 10001010 01010101 11101010 01000011 10101110 01001010  .U.C.J
000010f8: 01110111 11010000 01100001 10011101 10011010 10100010  w.a...
000010fe: 01011011 00101010 00000100 11011001 01101100 10101110  [*..l.
00001104: 00011001 01101100 11111011 11000011 11011101 01100000  .l...`
0000110a: 11110111 00010011 11101001 11011001 10010011 10000101  ......
00001110: 01001011 01100101 01000101 10110110 10101111 10111110  KeE...
00001116: 01001101 10010110 11001010 10000000 11110111 01111111  M.....
0000111c: 00011100 11101010 00111000 10011110 10010101 11100110  ..8...
00001122: 10110101 11011000 00010001 10010100 11010111 00011110  ......
00001128: 00100001 11010100 01110001 00111101 01011000 10000100  !.q=X.
0000112e: 11110111 00010011 11101111 00000100 10100011 01110011  .....s
00001134: 10001010 00011111 11100110 10000101 10111101 11010000  ......
0000113a: 10110111 11100110 10000101 11111001 01101111 00000100  ....o.
00001140: 10100011 01110011 10001010 00011111 11110101 01100011  .s...c
00001146: 11011111 01010001 11000100 11110100 10101111 00110101  .Q...5
0000114c: 10101111 00001011 01101101 01011111 01111100 11110111  ..m_|.
00001152: 11010111 10101101 10011010 01100111 10111001 10100001  ...g..
00001158: 01111100 11100010 10000111 11101000 10010101 01111100  |....|
0000115e: 11001001 01011100 01100001 10011101 10011010 10101110  .\a...
00001164: 10010110 11010011 00001100 10110110 01110001 00111101  ....q=
0000116a: 00110001 01000100 10110110 10011000 11000100 01101111  1D...o
00001170: 11001010 11110100 10000011 01010001 00101010 11111001  ...Q*.
00001176: 10011011 11010010 00011010 10101110 10010110 11000010  ......
0000117c: 01111010 10110001 00001001 11101110 00100111 11011110  z...'.
00001182: 00111011 10101110 01110110 01110110 00001100 11110000  ;.vv..
00001188: 10110110 11011110 00100010 11011010 10100011 10001000  .."...
0000118e: 10100101 01011101 00111110 11110000 01000111 01100001  .]>.Ga
00001194: 10101000 11100010 01110111 11010011 01011110 10110100  ..w.^.
0000119a: 01011000 10111100 00101101 10110101 01111101 11110010  X.-.}.
000011a0: 10001111 00100001 00010100 01110011 10111000 10110101  .!.s..
000011a6: 01111010 01101111 01011011 00111110 10101110 11001101  zo[>..
000011ac: 01110010 10100111 11010110 00110111 10101000 11011010  r..7..
000011b2: 11000111 00001101 11100001 01101101 10101011 11101111  ...m..
000011b8: 10001111 01110001 00111101 00101011 11001101 01101001  .q=+.i
000011be: 11101110 01101000 01011111 00111000 10100001 11111010  .h_8..
000011c4: 00111001 11110000 11011110 10100011 01101011 00011100  9...k.
000011ca: 00110011 11011110 01010000 10110110 11010101 11110111  3.P...
000011d0: 11001010 00100101 00100001 00010100 10101011 10100011  .%!...
000011d6: 10011101 11010001 11010000 01011001 00100101 01100000  ...Y%`
000011dc: 11001011 01100010 10011010 11100101 00011110 00001011  .b....
000011e2: 00111000 01100101 10110011 11010110 11001101 01011111  8e..._
000011e8: 01111100 11110101 01100100 10101011 11001111 10001011  |.d...
000011ee: 10101101 01011001 11010111 00101010 01101011 10100101  .Y.*k.
000011f4: 01011111 00110011 01111010 01000011 01010101 11010010  _3zCU.
000011fa: 10101111 00111110 11011011 00010000 11101011 10010101  .>....
00001200: 00110101 11010010 10101111 10011001 10111101 00100001  5....!
00001206: 10101010 11101001 01101100 00100111 01100000 10000101  ..l'`.
0000120c: 11010010 00001101 11000100 11101101 00001110 11011111  ......
00001212: 10011010 00010111 11011010 00111110 10011001 00001101  ...>..
00001218: 11100001 01101101 10101011 11101111 10010100 01001011  .m...K
0000121e: 01100001 00010100 10101011 11000010 11011011 01010111  a....W
00001224: 11011111 00101000 10010101 01111001 11110101 11001000  .(.y..
0000122a: 11001101 10010110 10111001 01010011 01011101 00101101  ...S]-
00001230: 10010101 11110001 11001110 01111011 11010011 10000100  ...{..
00001236: 11011010 01111011 11011101 10010100 11010111 01001110  .{...N
0000123c: 00110010 01011011 10001111 01100011 01110001 10101101  2[.cq.
00001242: 00010101 01110110 00001100 11100011 00100101 10101010  .v..%.
00001248: 01111011 11010110 01011011 01110111 11000001 00011011  {.[w..
0000124e: 10001110 00010001 01110001 11110011 11101111 00011101  ..q...
00001254: 11111100 11110010 00000100 00111101 10000010 10111100  ...=..
0000125a: 10110110 00010001 10010100 11010111 00101000 01101110  ....(n
00001260: 00010001 01010110 00111101 11101011 00101101 10111101  .V=.-.
00001266: 11011001 01000111 00111011 11101111 00011100 01011010  .G;..Z
0000126c: 10111101 00110111 00011001 01100101 10010100 01001011  .7.e.K
00001272: 01100101 01110000 01000110 11101001 11011101 00000111  epF...
00001278: 10110001 11000110 11110101 10110011 01111010 00100101  ....z%
0000127e: 10110100 11000110 00011011 10011001 00101000 10010101  ....(.
00001284: 01111100 11001001 01011100 01100001 10110101 01011101  |.\a.]
0000128a: 11000100 11100011 01000010 11001011 01111111 10101000  ..B...
00001290: 10101011 00111000 11100001 10011001 10101100 10100010  .8....
00001296: 01011011 00101010 00111111 00110111 11010111 11001100  [*?7..
0000129c: 01101100 10110010 01101101 01010111 01001011 01100011  l.mWKc
000012a2: 11100011 10010000 00100110 11111001 11110011 11100011  ..&...
000012a8: 00101101 11011111 01001100 10110001 10000110 10100010  -.L...
000012ae: 01011011 00001001 10101110 11000000 10001101 11001101  [.....
000012b4: 00001011 01111011 11001100 01100010 11011011 11100101  .{.b..
000012ba: 10000101 01001011 01101001 10000100 00111111 11110111  .Ki.?.
000012c0: 10111110 11111100 11010000 10111110 01110001 01000011  ....qC
000012c6: 11100010 10100101 10110100 11110010 00101000 01011101  ....(]
000012cc: 00100001 00110111 10101011 10000010 00110111 01001011  !7..7K
000012d2: 01100111 00110100 00101111 11101111 00010111 00101010  g4/..*
000012d8: 01111101 11001011 11010100 01101110 00010000 10111101  }..n..
000012de: 01100000 10101001 01010111 11001100 01101100 10110010  `.W.l.
000012e4: 01101101 01010111 01001011 01101001 10000110 00011010  mWKi..
000012ea: 01101100 10101011 11100110 01001010 11100011 10011101  l..J..
000012f0: 10010110 11010101 01110100 10110110 01010100 00000111  ..t.T.
000012f6: 10111001 01000011 11011100 10100001 11101110 01010001  .C...Q
000012fc: 01000111 01010101 01100010 01101111 11101011 01011010  GUbo.Z
00001302: 00010011 01111111 00000011 00001101 11011000 00110011  .....3
00001308: 10110010 01010110 01110110 01010001 00101101 10010101  .VvQ-.
0000130e: 11000011 00101101 10011101 00101101 10011101 11111100  .-.-..
00001314: 11111010 01011100 11101001 11010001 10101100 11011111  .\....
0000131a: 10110100 01111001 11001011 01101110 00011001 01100001  .y.n.a
00001320: 01011101 01011000 00110011 11010110 11001101 11010100  ]X3...
00001326: 11010111 01100100 00111011 00001010 10001001 01101101  .d;..m
0000132c: 00110000 01011000 00001010 10010101 01111100 11000101  0X..|.
00001332: 01111010 10011101 10101010 11101001 01010111 11001111  z...W.
00001338: 11001000 11101100 11100111 10100010 11100011 11100101  ......
0000133e: 01110111 01010111 00000100 01100001 01010010 11011000  wW.aR.
00001344: 01001110 11101011 10011110 11001111 01110010 11101001  N...r.
0000134a: 11110100 11111010 01010101 00111010 10001110 00100111  ..U:.'
00001350: 10011100 10110110 11101011 10011101 11110101 01111010  .....z
00001356: 01001011 01010100 01110001 00010100 10101011 10100111  KTq...
0000135c: 01101100 10110101 10101110 00110001 10101110 01010100  l..1.T
00001362: 11111000 10110101 00111001 00110111 10101011 10000010  ..97..
00001368: 00110111 11011110 00111000 10011110 01000000 10000111  7.8.@.
0000136e: 10110011 10110100 01111101 11100011 11010011 10001101  ..}...
00001374: 11010011 10111010 11101100 11001110 11001111 00111010  .....:
0000137a: 11010111 00111100 10000011 10011000 01010100 10110110  .<..T.
00001380: 10011111 00100000 01001101 10010110 11001010 10000000  . M...
00001386: 11110111 00101000 10100011 11001111 01100010 01101111  .(..bo
0000138c: 10011110 11000100 11011001 01010111 10011111 01010000  ...W.P
00001392: 01110011 10011101 01110010 10100110 10111010 01011011  s.r..[
00001398: 00101011 10000010 00110000 10101001 01101101 00111100  +.0.m<
0000139e: 11100010 11101110 11011110 11101101 01000100 10110110  ....D.
000013a4: 01010101 01000001 00101000 11011110 01110010 11110100  UA(.r.
000013aa: 00010100 01001010 10111110 01100100 01011110 01011110  .J.d^^
000013b0: 00100001 11010111 00101010 01101011 10100101 01011110  !.*k.^
000013b6: 10101011 10000111 11110101 01011101 00101101 10111010  ...]-.
000013bc: 10111000 00100011 01110100 10110110 01110011 01000010  .#t.sB
000013c2: 11111110 11110001 01110010 10100111 11011100 10111101  ..r...
000013c8: 01000110 11111010 01111101 00101010 10011100 00101010  F.}*.*
000013ce: 01010101 11110011 11001000 01110000 10001011 10010101  U..p..
000013d4: 00110101 11010010 10011001 01111101 00101010 10011101  5..}*.
000013da: 00110111 11001100 10111110 10010101 01001110 10011011  7...N.
000013e0: 11100110 01011111 01001010 10100111 01001101 10010101  ._J.M.
000013e6: 01111100 11000101 00110101 00111010 11100101 01001101  |.5:.M
000013ec: 01110100 10110110 01010100 00000111 10111110 11111000  t.T...
000013f2: 10010110 10011011 00101101 10010101 11000010 00010010  ..-...
000013f8: 01101100 10110110 10011111 00111001 11011110 11010111  l..9..
000013fe: 10100100 00011001 11101111 01001110 00110111 10000101  ...N7.
00001404: 10110111 10000001 10111000 01100101 10110010 10001111  ...e..
0000140a: 00111110 01110011 10111100 00001101 11001101 00001011  >s....
00001410: 01111011 11010101 00000111 10110011 11011101 10100110  {.....
00001416: 11110011 11101100 01010101 10011110 00001010 01101111  ..U..o
0000141c: 01010101 11100011 00101001 10101111 01001100 01001101  U.).LM
00001422: 11110010 10011000 00100100 11100100 00110010 01001101  ..$.2M
00001428: 11110011 00000100 10011100 10000110 01001001 10111110  ....I.
0000142e: 01100001 10000110 10011011 00101101 10100111 10011100  a..-..
00001434: 01011101 11000111 00111001 11000110 10100011 10011111  ].9...
0000143a: 01100010 10101100 11110000 01010011 01100101 10110100  b..Se.
00001440: 11110110 00011110 11100101 00010011 01111100 11110110  ....|.
00001446: 00011110 11100101 00010100 01111001 11101100 00110111  ...y.7
0000144c: 01100000 11001011 01100101 00011110 01111011 00001101  `.e.{.
00001452: 11011000 00110010 11011001 01000100 10110110 01010100  .2.D.T
00001458: 00001001 10110010 10101111 10011001 10111101 00100001  .....!
0000145e: 10101010 11101001 01101101 00110000 11000011 00111101  ..m0.=
00001464: 11110111 10000010 01010001 10111011 10100010 00001110  ..Q...
0000146a: 11101000 11011110 10101100 10100011 10001001 11110111  ......
00001470: 10111110 11100100 10100011 01111011 10010001 11101011  ...{..
00001476: 10110110 01110110 00001100 10101010 10001001 01101100  .v...l
0000147c: 10101000 00001111 01111010 01100011 01000000 11110111  ..zc@.
00001482: 00101000 11110000 01011001 11101110 01000111 10101110  (.Y.G.
00001488: 11011001 10111111 01011110 10101000 10010110 11001010  ..^...
0000148e: 11100000 10001100 00101010 01011011 00101011 11100111  ..*[+.
00001494: 01111111 00101101 10011100 01101000 10110000 11111001  .-.h..
0000149a: 10111111 01101000 11100011 11000101 01011001 11000011  .h..Y.
000014a0: 00101101 10010100 01001011 01100011 11100001 10111011  -.Kc..
000014a6: 11100001 00000010 10100101 10110010 10101110 00101101  .....-
000014ac: 10111111 10011111 11010010 11000010 11110010 11010001  ......
000014b2: 00110111 10100010 01011011 01001100 00110011 10000010  7.[L3.
000014b8: 11000110 00011011 00110111 11101011 00101101 11111000  ..7.-.
000014be: 01100111 10011100 10110001 10000110 11001101 11111010  g.....
000014c4: 11001011 01111110 00011001 01000101 00010100 01010001  .~.E.Q
000014ca: 01000101 00011111 01010111 10100100 10110011 01111110  E.W..~
000014d0: 10000101 11110000 11110101 11000111 01101011 11000001  ....k.
000014d6: 01110010 10000110 10111000 11111001 01000100 10101011  r...D.
000014dc: 11100110 01101111 01001000 01101010 10111010 01011011  .oHj.[
000014e2: 01001111 10011100 11101111 01101011 11010010 00001101  O..k..
000014e8: 01000111 01010111 00001000 11100111 00010100 00111111  GW...?
000014ee: 10101110 11111000 01100101 10110011 10110000 01011111  ..e.._
000014f4: 01011110 01111111 01001011 00001011 11001011 01000100  ^.K..D
000014fa: 11011111 11010010 10110011 01111011 11101000 01010100  ...{.T
00001500: 10101011 11100111 11100101 11011010 10100101 11011010  ......
00001506: 11100101 01001101 01110100 10110110 01010100 00000111  .Mt.T.
0000150c: 10111000 10011111 01111000 10100011 10001001 11001110  ..x...
00001512: 00101000 01111111 10111110 00011001 01101100 11100001  (...l.
00001518: 10011110 11111010 10100010 01011011 00101010 10100011  ...[*.
0000151e: 00110101 11010000 10001101 00000101 10011111 00011101  5.....
00001524: 10101100 11100111 00010100 00111111 11011111 00001100  ...?..
0000152a: 10110110 01110110 10001110 00110101 11001011 01111110  .v.5.~
00001530: 00010111 10101000 01010111 10011111 00010001 10100000  ..W...
00001536: 10110011 10100011 01110100 01110011 10000101 01001011  ..ts.K
0000153c: 01101001 11111011 00100110 11111001 11111011 00100110  i.&..&
00001542: 11001011 01101001 11110001 00011010 00001011 00000101  .i....
00001548: 01001011 01100101 01000000 10011011 11010101 00000001  Ke@...
0000154e: 11101111 00111010 11100011 10011101 11101010 11001001  .:....
00001554: 10111101 01010000 00011110 11100010 01110011 10001010  .P..s.
0000155a: 00011111 10011011 11000100 11100111 00010100 00111111  .....?
00001560: 00110111 11001111 11011000 11110111 10101011 00100110  7....&
00001566: 11001010 10111110 01100110 11110100 10000110 10101011  ..f...
0000156c: 10100101 10110010 10100001 11001000 01100111 10111000  ....g.
00001572: 11010111 00101100 10100011 11001111 10011001 10110000  .,....
00001578: 10011010 11110000 01001111 01110100 01110011 10111000  ..Ots.
0000157e: 11001001 01111011 00011011 10110010 00111011 00111011  .{..;;
00001584: 00000101 11001010 10011101 01010001 11010101 01010001  ...Q.Q
0000158a: 11001010 00011011 11010011 10001101 11000111 10001010  ......
00001590: 10000110 10001011 00110010 01010110 01110110 01010001  ..2VvQ
00001596: 11100100 01111111 00001011 10110111 01111111 00011100  ......
0000159c: 00111100 01010101 10011110 11111010 11110000 00110000  <U...0
000015a2: 11010111 00011110 11101000 11100111 00011011 10111111  ......
000015a8: 00010110 00101111 00001011 01101010 00111000 10000101  ./.j8.
000015ae: 11000110 01000001 11011001 11101110 00100010 10010101  .A..".
000015b4: 01111010 01100000 10001001 00111110 10110011 00111011  z`.>.;
000015ba: 00000101 11110101 11101001 01011001 10111100 10100111  ...Y..
000015c0: 11110100 10110000 10111100 10110100 01001101 11111101  ....M.
000015c6: 10101111 01001000 00110111 00101000 01111111 10100001  .H7(..
000015cc: 01101111 11101001 11000110 11100110 10000101 11110100  o.....
000015d2: 01110011 10111100 00001100 00110111 10101000 11011101  s..7..
000015d8: 11001000 01011011 11110100 00101101 11111101 01100100  .[.-.d
000015de: 00011100 11101110 11111000 01100101 10110011 10011010  ...e..
000015e4: 00010111 11000111 01001010 10110011 11001000 01101011  ..J..k
000015ea: 01000101 01010011 01100101 01011110 01111101 00001100  ESe^}.
000015f0: 11001011 01011100 10101001 10101110 10010101 01111010  .\...z
000015f6: 10110011 11110111 01100110 11001011 01011100 10101001  ..f.\.
000015fc: 10101110 10010110 11001010 10000001 00110111 10011111  ....7.
00001602: 11000010 11100110 11110011 11111000 01011010 10010110  ....Z.
00001608: 11001110 00111100 01010101 01110010 01010011 10111111  .<UrS.
0000160e: 01110110 00001111 01010110 01010001 00101101 10111100  v.VQ-.
00001614: 11111001 11001110 11110110 10111101 00100000 11001111  .... .
0000161a: 01110110 00000100 01100101 00110101 11011111 00000100  v.e5..
00001620: 01101110 00100111 01110101 11001110 11001110 11010001  n'u...
00001626: 11000011 00010010 11001111 01111010 10010000 10101000  ...z..
0000162c: 11110011 00100001 01101100 00111011 10100001 01101111  .!l;.o
00001632: 11010101 01010000 01000111 01100001 10011110 11101100  .PGa..
00001638: 11111100 01111001 01101001 10010001 11001111 10100101  .yi...
0000163e: 10011011 10001101 01101011 11100001 01101111 10100111  ..k.o.
00001644: 10111100 00001100 00110111 10000010 11101001 11011111  ..7...
0000164a: 00001011 11011001 11001111 11011100 10110111 11110101  ......
00001650: 10101111 01001110 11000011 11011101 10001101 11010011  .N....
00001656: 01110011 11011000 01001100 10111011 01100101 00011100  s.L.e.
0000165c: 01001110 11101000 00111101 10011110 11101101 00110110  N.=..6
00001662: 01011011 00101010 00010111 01100000 11001111 01101000  [*.`.h
00001668: 01001101 11111010 01010010 10010111 00101010 00111100  M.R.*<
0000166e: 11001101 11001010 10011111 01110110 11101111 11011101  ...v..
00001674: 10000011 11010101 10001111 01111001 10010000 10110110  ...y..
0000167a: 00011101 01000100 10110110 10011000 01100001 10101000  .D..a.
00001680: 11101010 10000000 11110111 10000000 10011011 00101101  .....-
00001686: 10000100 11100011 10100001 00101000 11011101 11110100  ...(..
0000168c: 10111011 01110110 10001111 01001110 00110111 10000010  .v.N7.
00001692: 11101100 00011001 11101101 00001001 10111111 01001010  .....J
00001698: 01010010 11100101 01000100 10110110 01010111 00000100  R.D.W.
0000169e: 01101111 10111101 11110111 11100010 01111101 00100001  o...}!
000016a4: 10111010 01010110 10000101 10110111 11010101 11001010  .V....
000016aa: 10011011 10010101 00100010 10100101 10110001 11110101  .."...
000016b0: 00001011 10001001 11011111 00001011 11101001 10011101  ......
000016b6: 10000010 10100101 10110100 11110110 00101000 10010110  ....(.
000016bc: 11000111 11010100 00101110 00100111 00000101 11010101  ...'..
000016c2: 11101110 11000010 10100101 10110100 11111001 11001110  ......
000016c8: 11110110 10111101 00100000 11001111 01110000 01011101  .. .p]
000016ce: 01011110 11101101 01000100 10101011 11100110 00001011  ^.D...
000016d4: 10101010 10101011 10010101 00110101 11010010 10010101  ...5..
000016da: 01111100 11000110 11001011 00100110 11010101 01110100  |..&.t
000016e0: 10101011 11010101 11000010 11110101 01001110 11001011  ....N.
000016e6: 01011100 10101001 10101110 10010110 11001010 11000000  \.....
000016ec: 10001100 10100110 10111110 00010100 00101110 10010000  ......
000016f2: 10100011 11001100 00110001 01001101 01111011 01100010  ..1M{b
000016f8: 01101110 01101110 11010001 11011001 00011100 01110101  nn...u
000016fe: 00010010 10101111 00111110 11000010 11101001 00001011  ..>...
00001704: 10010101 00110101 11010010 10101111 01010101 10100010  .5..U.
0000170a: 11101001 00001011 10010101 00110101 11010010 10101111  ...5..
00001710: 00111110 10111011 00010010 11011010 11101100 00010110  >.....
00001716: 10000100 01101010 11101001 01101100 00101110 10101100  .j.l..
0000171c: 10011110 11110110 01011001 00111101 11101100 10110010  ..Y=..
00001722: 01111011 10100110 10111000 11001011 11010011 01110100  {....t
00001728: 11010111 00110100 00101111 10001110 10000101 01000111  .4/..G
0000172e: 00111111 10000101 11110001 11010000 10010100 01101110  ?....n
00001734: 00111010 00110000 11100001 11101010 11001010 00111000  :0...8
0000173a: 10001010 01010101 11011000 00110011 11001010 10011011  .U.3..
00001740: 10010101 00111001 01101010 11010110 11000100 11011111  .9j...
00001746: 11010100 10000101 00110110 01011011 00011111 11000010  ..6[..
0000174c: 11111010 01011011 00111010 01111010 10100000 10110100  .[:z..
00001752: 11011001 01101010 00100101 10110000 10001010 01010101  .j%..U
00001758: 11001010 00011011 10110000 01100111 10101010 00001011  ...g..
0000175e: 01001101 10010110 11100001 10010110 11001010 00111001  M....9
00001764: 11111100 00101111 10100101 10110010 10001110 01111111  ./....
0000176a: 00001011 11101000 01011011 11110110 00001100 11110110  ..[...
00001770: 11001101 00110111 10000001 10111011 00000010 00110111  .7...7
00001776: 00011001 00101111 01100011 01111001 00110010 00111011  ./cy2;
0000177c: 00111011 01011001 00110100 00001111 01111001 11010001  ;Y4.y.
00001782: 01111101 01000001 01011100 10101001 11110101 00011011  }A\...
00001788: 11001110 11001011 00001101 10000011 10110111 01111110  .....~
0000178e: 00101100 11101101 11101000 11110011 11011000 01111101  ,....}
00001794: 11101110 11011000 11100111 01111010 10110010 01101111  ...z.o
0000179a: 01010111 00001100 10110110 01110100 10110110 01110110  W..t.v
000017a0: 00001100 11110010 10000110 00001100 10110110 10000101  ......
000017a6: 01001011 01101001 11100100 10001101 11101010 11001001  Ki....
000017ac: 10110101 11110011 00011011 00101100 10011011 01010101  ...,.U
000017b2: 11010010 11011000 01000101 00001111 01100111 01101011  ..E.gk
000017b8: 01011111 00110111 11101101 00011110 10110110 01110001  _7...q
000017be: 10010010 11110110 11101101 00011100 11010000 10111110  ......
000017c4: 00111101 10110001 00011001 01110110 11001101 01010001  =..v.Q
000017ca: 11100111 10110000 11111111 10101000 11011110 01110010  .....r
000017d0: 00110101 11110000 10000111 11001110 00001001 10101111  5.....
000017d6: 01101100 01000001 11000011 00110111 11110010 10111011  lA.7..
000017dc: 01101011 11100001 01101111 00110111 10101011 01100011  k.o7.c
000017e2: 10011101 11101010 11001111 00010110 11100010 00101000  .....(
000017e8: 11100111 01111101 10111110 11010010 11011010 01111011  .}...{
000017ee: 00001111 01110010 10000111 10111001 01000011 01110110  .r..Cv
000017f4: 00001100 11110101 10010110 11001101 00000101 10101010  ......
000017fa: 00111100 11110110 00011011 11010100 01101111 01001010  <...oJ
00001800: 11101010 11011110 11010001 00111011 11010110 01011011  ...;.[
00001806: 00110100 00010110 10101000 10010110 11010011 11100111  4.....
0000180c: 00111011 11011010 11110100 10000011 01110110 00001100  ;...v.
00001812: 00101010 00111010 10111000 01000010 10011010 11100001  *:.B..
00001818: 01111101 11101110 01010100 11110110 00001100 10101000  }.T...
0000181e: 01010100 10110110 01010100 00111001 00001100 11110111  T.T9..
00001824: 00010001 01000111 00111011 10110110 00111001 11011100  .G;.9.
0000182a: 11010000 10111010 00111010 10101010 00111001 10100001  ..:.9.
00001830: 01111100 11100010 10000111 11111011 00000110 01111010  |....z
00001836: 10010110 00110000 11010111 00101111 01010010 00010000  .0./R.
0000183c: 10101001 01101100 10101100 00011001 11101010 01011000  .l...X
00001842: 11000011 01011100 10111101 01001000 01000010 10100101  .\.HB.
00001848: 10110010 10110000 01100111 10101001 01100011 00001101  ..g.c.
0000184e: 01110010 11110101 00100001 01010001 00101101 10001111  r.!Q-.
00001854: 11110011 01001111 01110001 00111001 11000101 00001111  .Oq9..
0000185a: 11110110 00001100 11110101 00101100 01100001 10101110  ...,a.
00001860: 01011110 10100100 00100111 10111011 11100001 00011101  ^.'...
00001866: 11010111 00111101 10011010 11110000 01011101 01010101  .=..]U
0000186c: 01100101 11011000 11011101 01010110 10000101 10000010  e..V..
00001872: 10100101 10110010 10111110 00111001 11001111 01111101  ...9.}
00001878: 00000110 00101001 10101111 01010010 01011010 11010111  .).RZ.
0000187e: 11001101 11111011 01000111 01100000 11001111 01010010  ..G`.R
00001884: 11000110 00011010 11100101 11101010 01000010 10100010  ....B.
0000188a: 01011011 00101011 00000110 01111010 10010110 00110000  [+.z.0
00001890: 11010111 00101111 01010010 00010000 10101001 01101100  ./R..l
00001896: 10101100 00011001 11101010 01011000 11000011 01011100  ...X.\
0000189c: 10111101 01001000 01010011 01100101 10110100 11001000  .HSe..
000018a2: 01100010 10011010 11110101 00100101 10101101 01111100  b..%.|
000018a8: 11011111 10110100 01110110 00001100 11110101 00101100  ..v..,
000018ae: 01100001 10101110 01011110 10100100 00101010 00100101  a.^.*%
000018b4: 01011110 10101010 10001000 10110111 10001001 11011000  ^.....
000018ba: 01011010 10101110 10010110 11010011 11110001 10111011  Z.....
000018c0: 10100010 11011011 11001101 11101010 11111001 11000110  ......
000018c6: 10000101 10010110 11111110 11101101 01000100 10110110  ....D.
000018cc: 01010110 00001100 00101110 11111000 00100011 01110100  V...#t
000018d2: 10110110 01110011 01000010 11111011 11101001 01110110  .sB..v
000018d8: 10111001 01010011 11000110 10001011 00001010 11100111  .S....
000018de: 11001011 01011100 10101001 11110111 01101111 01110010  .\..or
000018e4: 10100010 01010101 11110011 11110010 00010111 10100110  .U....
000018ea: 11001011 00100110 10111001 01010011 01011101 00101010  .&.S]*
000018f0: 11111001 10001010 01101010 01110101 11001010 10011010  ..ju..
000018f6: 11101001 01101100 10101000 00010011 01100101 10110100  .l..e.
000018fc: 11111100 10010100 11011100 01111111 01010101 11101101  ....U.
00001902: 01101000 10110111 11011011 11101101 11100101 10110010  h.....
00001908: 10101010 00001001 01000110 11101101 10001110 01110111  ..F..w
0000190e: 00001011 11010101 11010000 10001100 11000001 01110010  .....r
00001914: 10100110 01101100 10110110 10011110 11000100 11011001  .l....
0000191a: 01010111 11001100 01101110 01011001 01101010 11010110  W.nYj.
00001920: 11000100 11011111 11010100 10000101 11011111 00001011  ......
00001926: 11101010 01110110 01011011 01010101 11010010 11011010  .v[U..
0000192c: 01111001 00011110 11000010 10111001 01010011 01000111  y...SG
00001932: 10011111 10101111 01101011 01000101 10011110 11110101  ..kE..
00001938: 01011110 11010110 10001011 01111000 00101110 11000001  ^..x..
0000193e: 10011101 11110100 01110011 10101000 11100010 01101011  ..s..k
00001944: 10110000 01011111 01011100 10100001 10111011 00000110  ._\...
0000194a: 01111010 10100011 01001101 11100111 01100101 10000110  z.M.e.
00001950: 11000001 11011011 11001000 11101011 10010101 00111011  .....;
00001956: 11000101 01011110 00000110 11101100 00011001 01010111  .^...W
0000195c: 01000111 00111000 01010100 10110110 01010111 11000111  G8T.W.
00001962: 00111001 11101110 11011000 00111000 00010101 11000111  9..8..
00001968: 01000111 00111000 11011100 11010000 10110101 00101101  G8...-
0000196e: 10011100 10100001 10111010 01110011 10101110 01010100  ...s.T
00001974: 11010001 00101101 10000101 11000000 01111011 10101011  .-..{.
0000197a: 00000110 00111010 00001010 11101011 11010101 00010010  .:....
00001980: 11011000 11111110 00010111 11011111 11001011 01100111  .....g
00001986: 11010010 00011010 11100101 01001000 10101001 01101100  ...H.l
0000198c: 10101110 00001000 11011100 01001111 01010110 00100001  ...OV!
00001992: 01111011 11101001 11101110 01101000 01011010 10010110  {..hZ.
00001998: 11001110 01010000 11011101 00111001 11010111 00101010  .P.9.*
0000199e: 01111001 10110001 10101000 11100111 11000101 10110111  y.....
000019a4: 00110100 00101111 10001110 10000101 11101011 01100000  4/...`
000019aa: 11110001 01010110 01111000 00101100 10100011 11111001  .Vx,..
000019b0: 11110011 10011101 11100100 01101000 01011111 00000100  ...h_.
000019b6: 00111101 10011101 10100011 11101111 00011110 11111010  =.....
000019bc: 11110101 00100101 10101100 01101110 10011110 01110101  .%.n.u
000019c2: 10101110 01000011 11100110 10110101 01000100 10110110  .C..D.
000019c8: 10011000 11000111 10000010 10100010 01010101 11100111  ....U.
000019ce: 11010000 01011000 11100111 00111011 00110101 01011101  .X.;5]
000019d4: 00101101 10100110 01100001 11101110 00101101 01011110  -.a.-^
000019da: 10011011 11101010 11101101 11101011 00100000 11100111  .... .
000019e0: 01110100 00101101 11111101 10110001 11001001 00111100  t-...<
000019e6: 01011110 11110101 00011011 10111010 00101101 10111011  ^...-.
000019ec: 11011110 10110110 00001110 10001011 11010110 01111011  .....{
000019f2: 10110010 10011010 11101101 01111010 10110011 10001101  ...z..
000019f8: 00010110 11100110 10000101 11110110 10001111 00101010  .....*
000019fe: 10110011 00011011 10110100 01101110 10000110 01010011  ...n.S
00001a04: 01011111 00011101 01111010 01101111 01011001 11011001  _.zoY.
00001a0a: 11101011 00100000 11100001 10001110 10001011 01100011  . ...c
00001a10: 00110110 01101010 10001111 00111110 00101101 11111000  6j.>-.
00001a16: 01100101 10110011 10110000 01100001 10111010 01011011  e..a.[
00001a1c: 00100110 11110011 11100010 00001110 00011000 11101000  &.....
00001a22: 10110110 00110011 01100111 10010001 00101110 10101010  .3g...
00001a28: 11011001 01101111 00000101 10011110 11111010 11101001  .o....
00001a2e: 11101010 11000010 01100100 01110011 10001101 11010010  ..ds..
00001a34: 10110010 11110101 10011011 11111101 00000010 11011011  ......
00001a3a: 01101011 10010111 00011010 11010001 01010111 01001110  k...WN
00001a40: 01110101 11001010 10011101 11100010 10101110 00110010  u....2
00001a46: 01011001 11101110 00110010 01011011 10100011 11101000  Y.2[..
00001a4c: 01101010 00111100 10100110 01000011 00111011 10101110  j<.C;.
00001a52: 01110110 01101011 11101001 01111010 00001011 11110100  vk.z..
00001a58: 00101101 11111000 01000011 01110110 01011101 01101010  -.Cv]j
00001a5e: 11010111 00101010 01111010 00010001 10011010 11110101  .*z...
00001a64: 01100101 00011110 01100001 10010110 11100001 00010101  e.a...
00001a6a: 10101011 01011111 00110101 11101110 01000011 10111001  ._5.C.
00001a70: 01111011 11100111 00011110 00100000 11101011 10010101  {.. ..
00001a76: 00111110 01001000 01011011 11110001 11011101 10001000  >H[...
00001a7c: 01010111 00101010 01111000 11010001 01101110 00011001  W*x.n.
00001a82: 01101110 11001111 11000111 11000011 11010111 01110111  n....w
00001a88: 11010101 11110100 11011001 01101101 01010001 11000101  ...mQ.
00001a8e: 10001110 11000100 11010110 01110111 11110001 11000011  ...w..
00001a94: 11000101 01011001 11001111 10110111 00101101 11110010  .Y..-.
00001a9a: 11011000 11100111 00100101 00010010 11011000 11111000  ..%...
00001aa0: 10000011 10000110 00111010 00101101 10001100 11011001  ..:-..
00001aa6: 11001001 01110101 01010110 11001011 01110110 01111110  .uV.v~
00001aac: 00111101 11110101 11010011 10001110 10010011 10110011  =.....
00001ab2: 01100111 11110001 00101101 01110010 10100111 11010011  g.-r..
00001ab8: 01111011 00111011 10001101 01101000 10101011 10110000  {;.h..
00001abe: 01100111 01110010 00010110 11111110 00000110 11110010  gr....
00001ac4: 00011001 00001000 01110011 01010001 11100111 11001110  ..sQ..
00001aca: 01100000 10000101 11010010 00011111 01000001 10011101  `...A.
00001ad0: 11010111 00111101 10011010 11101111 11011101 10000011  .=....
00001ad6: 11101011 00001111 01100001 01111000 01100000 11001011  ..ax`.
00001adc: 01111010 10110000 10011110 11111010 00001100 01010011  z....S
00001ae2: 01011100 10100001 10111110 00100110 10001101 01000111  \..&.G
00001ae8: 10011110 00000101 11101001 10111100 10001110 10111110  ......
00001aee: 10110101 11000011 00101101 11110111 11000100 11011101  ..-...
00001af4: 11101110 00110101 10100010 01111001 10110000 10111011  .5.y..
00001afa: 10101111 00111011 01011101 00001011 01111110 00110101  .;].~5
00001b00: 11001011 01111111 00001011 01101110 11111000 00100011  ...n.#
00001b06: 01110100 11101110 10111001 11101100 11101111 11011110  t.....
00001b0c: 11011001 11110100 00011001 11101111 10101010 00111001  .....9
00001b12: 11110110 00101010 11001111 00101000 00101010 00111100  .*.(*<
00001b18: 11000110 11100111 10110011 11011101 10111010 11100111  ......
00001b1e: 01110001 10100010 11011110 01100100 10100001 11111110  q..d..
00001b24: 10101110 00010111 01101100 10011011 00101101 10100111  ..l.-.
00001b2a: 11000101 10111111 01110010 01101001 10011110 11110101  ..ri..
00001b30: 10010110 11011100 01111100 10110011 00100101 11001001  ..|.%.
00001b36: 11000110 11100101 00001101 11011100 10011010 01100111  .....g
00001b3c: 10111101 01100100 00011100 00110001 11010001 01101100  .d.1.l
00001b42: 01100110 11001110 01001011 10101010 10110110 01011011  f.K..[
00001b48: 10110000 01011011 00110011 11011111 01011101 00111100  .[3.]<
00001b4e: 10000110 10111110 01011000 11011110 11011001 10111000  ..X...
00001b54: 01100010 01101111 11000110 10110100 01010101 11010011  bo..U.
00001b5a: 11101111 01100100 10100110 00001011 01101010 01010110  .d..jV
00001b60: 10010110 11011111 00110111 11100011 10100110 10011001  ..7...
00001b66: 11011001 11110100 10111011 01011010 00010110 01011011  ...Z.[
00001b6c: 11100110 11111110 10110001 10111000 01000011 01111010  ....Cz
00001b72: 11010001 01110111 01011100 10101001 11110010 01110010  .w\..r
00001b78: 00011110 01001001 10111100 11111000 10110110 11111011  .I....
00001b7e: 11000001 00101000 11011101 11011000 11011101 10000001  .(....
00001b84: 00011011 10001111 00010000 11101110 01101000 01011111  ....h_
00001b8a: 10000001 10000110 10100011 11001100 10000110 00101001  .....)
00001b90: 10101110 10011101 11010000 10011011 11100110 11111110  ......
00001b96: 01110101 11110100 11010000 11101110 11111000 01000111  u....G
00001b9c: 01110101 11001110 11001101 01111001 01001110 10111001  u..yN.
00001ba2: 00100111 00011110 00011100 10011011 11101011 10100001  '.....
00001ba8: 01101111 11101001 11000110 01101011 10010101 00111100  o..k.<
00001bae: 01110100 01011101 00100000 11011110 11100101 11011000  t] ...
00001bb4: 00110011 11011001 00101110 01010100 01110011 11111000  3..Ts.
00001bba: 01011101 10110101 11000110 10001011 01110110 00001100  ]...v.
00001bc0: 11110110 11001101 00001110 10111011 10010101 00101111  ...../
00001bc6: 01111001 00001011 00101101 01110010 00011111 00110101  y.-r.5
00001bcc: 10101111 00111111 11011110 00001001 00100110 11001011  .?..&.
00001bd2: 01101001 10011000 11101111 11011101 11001110 11110111  i.....
00001bd8: 01101111 01011011 00111101 01100100 00011100 00110001  o[=d.1
00001bde: 11010001 01101100 01100110 11001110 01001011 10101010  .lf.K.
00001be4: 10110110 01011011 11000001 01100011 11011110 10110010  .[.c..
00001bea: 00001110 00011000 11101000 10110110 00110011 01100111  ....3g
00001bf0: 00100101 11010101 01011011 00101101 11011001 11111000  %.[-..
00001bf6: 11110001 01101111 00101010 11001000 00111000 01100011  .o*.8c
00001bfc: 10100010 11011000 11001101 10011100 10010111 01010101  .....U
00001c02: 01101100 10110111 01100000 10110110 01100000 10101001  l.`.`.
00001c08: 01101100 10101100 11111100 01001101 11101010 11001111  l..M..
00001c0e: 11000100 11011001 01101100 10101100 00010110 11001100  ..l...
00001c14: 10011011 11010101 10000010 11011001 10010011 01100101  .....e
00001c1a: 10110010 10110011 11110001 00110111 10101011 00111111  ...7.?
00001c20: 00010011 01100101 10110010 10110000 01011011 00110010  .e..[2
00001c26: 01101111 10010110 11001010 11000001 01101100 11000001  o...l.
00001c2c: 01011101 01010000 10110000 01010100 10101011 11100110  ]P.T..
00001c32: 01000001 01111011 11101111 10010110 11010101 01110111  A{...w
00001c38: 01010110 00001011 01100110 00001010 10010110 11011011  V.f...
00001c3e: 00101011 00000101 10110011 00100110 11110001 01100101  +..&.e
00001c44: 11000111 00111011 10010010 11101010 10101101 10010110  .;....
00001c4a: 11101100 00010110 11001100 01111011 11010100 01101110  ...{.n
00001c50: 11101000 10110110 11110011 01100101 10110010 10100001  ...e..
00001c56: 11001000 01100111 10111100 00011100 10000110 01111011  .g...{
00001c5c: 10101100 00011110 11100100 10111010 10101011 01100101  .....e
00001c62: 10111011 00000101 10110011 00100110 11001011 01100101  ...&.e
00001c68: 01011100 01011011 01111111 00111111 10100101 10000101  \[.?..
00001c6e: 11100101 10100010 01101110 11110111 00110100 00101101  ..n.4-
00001c74: 01000011 11011001 11000111 00001000 11010110 00010111  C.....
00001c7a: 00010110 01011010 11100100 00111110 01101011 01011110  .Z.>k^
00001c80: 01111111 10111100 00010010 01010001 00101001 00001000  ...Q).
00001c86: 00110111 00110100 00101111 10111010 11100111 01100111  74/..g
00001c8c: 10011101 01110010 01001110 00111100 00111001 00110111  .rN<97
00001c92: 01001101 01001010 01111100 01011011 11111010 01110001  MJ|[.q
00001c98: 10011010 11100101 01001111 00011101 00010111 01001000  ..O..H
00001c9e: 00110111 10111001 01110110 00001100 11110110 01001011  7.v..K
00001ca4: 10010100 10100101 10110000 10110010 11010111 00100001  .....!
00001caa: 11110011 01011010 11110011 11111101 11100000 10010010  .Z....
00001cb0: 10001001 01001000 01000001 10111001 10100001 01101010  .HA..j
00001cb6: 01011011 00111001 01000011 01111011 10010011 01000111  [9C{.G
00001cbc: 00110100 01010010 10010010 10010110 11010011 00100001  4R...!
00001cc2: 10001010 01101011 11001110 11001011 00001101 10000011  .k....
00001cc8: 10110101 00011110 01111100 11100111 01110001 00111000  ..|.q8
00001cce: 00100001 11101100 11101101 00011111 01111000 11110111  !...x.
00001cd4: 11010111 00010110 10101111 01001101 11000110 10111001  ...M..
00001cda: 01101111 11110101 00010101 01100100 00010110 01110111  o..d.w
00001ce0: 11000010 00111000 11101000 01011110 10011000 11111011  .8.^..
00001ce6: 01111101 10111100 10110110 00111110 00101101 10111000  }..>-.
00001cec: 10011110 01110101 10100010 10110010 01010110 01110001  .u..Vq
00001cf2: 10111110 10000010 00010110 11101101 11111101 01011000  .....X
00001cf8: 01001101 01111000 00101110 11000001 10011101 11010111  Mx....
00001cfe: 01100110 01110110 01110110 00001011 10010101 00111101  fvv..=
00001d04: 10000001 00011011 10000010 01001110 10011101 10000101  ...N..
00001d0a: 10101110 10001101 11001010 11110100 10000011 01010001  .....Q
00001d10: 00101101 10000100 01010001 11001110 11111011 11000111  -.Q...
00001d16: 10111011 01010001 00101101 10001111 11110011 01001111  .Q-..O
00001d1c: 01111010 11001011 01101110 10000011 00110110 01011011  z.n.6[
00001d22: 11101001 01100101 10101100 01101111 10110111 11011010  .e.o..
00001d28: 01011011 01001100 11011101 11011000 01000011 11100100  [L..C.
00001d2e: 11011110 00100111 01111110 11101110 01110111 10101001  .'~.w.
00001d34: 00001110 11001110 11000001 01111101 01110001 01100101  ...}qe
00001d3a: 10101110 01000011 11100110 10110101 11100111 11111011  .C....
00001d40: 11000001 00100111 10101000 11011100 01011110 01011110  .'..^^
00001d46: 01100001 00111101 11010000 10110111 11101010 10100101  a=....
00001d4c: 10101010 11100000 01111110 11111101 11011100 11101111  ..~...
00001d52: 00100001 10101110 01001000 11100111 00011011 10000010  !.H...
00001d58: 00011110 11001110 11000001 10011110 01110110 01011000  ....vX
00001d5e: 01101100 00011101 10111001 11010111 00101010 01100110  l...*f
00001d64: 11001000 11111010 10010011 10011001 00101110 01001111  .....O
00001d6a: 01110100 11010110 10110010 10101010 11001110 11001110  t.....
00001d70: 01101000 01011101 10111000 11010111 00101100 11010011  h]..,.
00001d76: 01111010 10110000 10101000 11101010 11111000 10100101  z.....
00001d7c: 10110011 11010011 00010111 00101010 01111011 01000111  ...*{G
00001d82: 00000100 00111101 10011101 00111011 01000010 11101100  .=.;B.
00001d88: 01001001 01010110 00010011 01010001 00101001 01101100  IV.Q)l
00001d8e: 01111100 01011011 01110110 00000100 01100101 00110101  |[v.e5
00001d94: 11101110 11010100 01110101 01100000 01000110 01010011  ..u`FS
00001d9a: 01011110 11101101 11101101 01111010 01000001 10111011  ^..zA.
00001da0: 00000110 01011011 00101000 11101010 11000000 10001100  .[(...
00001da6: 10100110 10111010 10101001 01101010 10111000 00011110  ...j..
00001dac: 10001110 00100111 01101000 01110110 11111100 11001001  .'hv..
00001db2: 11000100 01010011 01111111 00100001 10101110 01011011  .S.!.[
00001db8: 11111011 10110101 00010010 11011010 01100110 00011110  ....f.
00001dbe: 11101100 00001000 11011110 10100101 11101001 10111101  ......
00001dc4: 01101100 11101010 10111000 10110110 11111110 01111111  l.....
00001dca: 01001011 00001011 11001011 01000100 11011101 01001101  K..D.M
00001dd0: 01110001 11010011 01001100 11101100 10100010 01011011  q.L..[
00001dd6: 00001011 10000001 10110000 00101100 00101000 11101010  ...,(.
00001ddc: 11000000 10001100 10100110 10111011 00000110 01111001  .....y
00001de2: 11001110 01000001 11110010 10001001 01101100 10101010  .A..l.
00001de8: 10001110 01101000 01011111 01100000 10111001 00011101  .h_`..
00001dee: 11101010 01000011 01010110 11001110 00011000 10100110  .CV...
00001df4: 10111000 11110001 01010100 11101100 00101101 00100011  ..T.-#
00001dfa: 01011100 10101001 11100011 01000101 10111110 10100010  \..E..
00001e00: 10101100 01100000 10111001 01010010 00101010 01010101  .`.R*U
00001e06: 11101010 10110100 01011101 00100001 10101010 11101001  ..]!..
00001e0c: 01010111 11001100 01101101 00001000 01011010 10101110  W.m.Z.
00001e12: 10010110 11010011 00001100 00110011 11011101 11110100  ...3..
00001e18: 10111011 01010001 11010101 11010010 11101101 11010111  .Q....
00001e1e: 00111001 11101111 00110010 00010110 11000011 10101000  9.2...
00001e24: 10010110 11010011 00000101 11011010 11000110 01111011  .....{
00001e2a: 11101110 10010110 01110101 11001010 10011010 00111010  ..u..:
00001e30: 10111110 00101001 01101100 11101110 01000110 11001010  .)l.F.
00001e36: 00111100 11000001 01110110 10110001 10101000 10010110  <.v...
00001e3c: 11010011 00001100 00110011 11011100 11010000 10111001  ..3...
00001e42: 10110010 10101111 10011001 00011110 11011000 10010101  ......
00001e48: 01101010 10111010 01011011 00101011 10100101 11011011  j.[+..
00001e4e: 10100111 11010110 00001111 00000101 10111101 00011101  ......
00001e54: 01010111 00010000 01110011 11011100 01000101 00101010  W.s.E*
00001e5a: 11100101 00001101 11101001 10000010 00100100 11111000  ....$.
00001e60: 10001101 11001101 00001011 10100011 10001001 11000101  ......
00001e66: 10101011 11010011 01111101 10111110 11011100 01001110  ..}..N
00001e6c: 00101101 01011110 10011011 11101101 11110110 10010101  -^....
00001e72: 01111010 10111000 01011110 10101001 11011001 01101011  z.^..k
00001e78: 10010101 00110101 11010010 10101111 10011001 10111101  .5....
00001e7e: 00100001 10101010 11101001 01010111 10101011 10000101  !..W..
00001e84: 11101010 10011101 10010110 10111001 01010010 11110111  ....R.
00001e8a: 10011000 11011010 00010000 10110101 01011101 00101010  ....]*
00001e90: 11110101 01100101 11011000 10110100 11010111 01110110  .e...v
00001e96: 01110001 11011100 10001100 11011001 01101101 01010111  q...mW
00001e9c: 01001010 10111100 11111010 00001011 00011100 11100111  J.....
00001ea2: 01100110 10101011 10100101 01011111 00110011 01111010  f.._3z
00001ea8: 01000011 01010101 11010010 11011000 01000110 01010011  CU..FS
00001eae: 01011100 01011110 01011101 11110001 10101000 11101010  \^]...
00001eb4: 11010001 00011100 01011110 01011101 11110001 10101000  ..^]..
00001eba: 10010101 01111001 11110110 11011000 10000111 01011100  .y...\
00001ec0: 10101001 10101110 10010110 11001010 11100001 10010110  ......
00001ec6: 11001111 01111101 01111100 00111101 10010110 00110101  .}|=.5
00001ecc: 01101000 11011100 11000010 10100101 10110100 11000011  h.....
00001ed2: 00001100 11110111 01110100 01000001 11011101 00011011  ..tA..
00001ed8: 10110000 01011111 01010011 01100101 01011110 01111101  ._Se^}
00001ede: 01110010 00110011 01100101 10101110 01010100 10111101  r3e.T.
00001ee4: 11011111 00001011 11011010 11010111 00101010 01011110  ....*^
00001eea: 11100011 10111010 11100011 10011101 01110010 10100110  ....r.
00001ef0: 10111010 01001010 11111000 11100001 11100010 10101100  .J....
00001ef6: 11101101 00011101 01010100 10110101 01011100 00001111  ..T.\.
00001efc: 11110100 10110001 11000011 10100111 10011101 10010110  ......
00001f02: 00011011 00000111 01101110 11010000 11111001 01001010  ..n..J
00001f08: 01100001 10010110 11001110 11111110 01110000 01000011  a...pC
00001f0e: 11011001 11110101 00010101 01100111 10110010 11011101  ...g..
00001f14: 10011010 10010010 10101111 00011011 10101111 01011101  .....]
00001f1a: 11001000 01101110 11000001 10010101 01111101 11100001  .n..}.
00001f20: 11110010 10010010 10101010 00001001 01000110 11110101  ....F.
00001f26: 00100001 11011001 11011111 01000011 11011001 10100111  !..C..
00001f2c: 10111110 10011001 00001101 11101110 01011101 11010111  ....].
00001f32: 00101100 10010100 11111000 10110111 11101111 11100010  ,.....
00001f38: 10001110 01110111 10100111 00011011 10100011 10100000  .w....
00001f3e: 10101001 11100011 01011100 10110010 01001010 10100101  ..\.J.
00001f44: 10101010 11100000 01111111 01111101 01111001 11011001  ...}y.
00001f4a: 01100001 10110000 01110110 11110011 10011100 10000011  a.v...
00001f50: 11100100 10000101 10001110 11000100 11010110 01110011  .....s
00001f56: 10110011 00100111 01111000 00011000 01101111 00000011  .'x.o.
00001f5c: 01110110 00001100 11110100 11011001 00110101 10101001  v...5.
00001f62: 01001100 10000101 11001011 00111001 10100001 01110110  L..9.v
00001f68: 11111010 00001000 11001101 00111101 11011111 10111100  ...=..
00001f6e: 11101100 11100110 10000101 11011010 10001010 00101000  .....(
00001f74: 11100011 00100000 11111001 00100101 01010010 11010101  . .%R.
00001f7a: 01110000 00111111 10111110 10011110 11101010 10100101  p?....
00001f80: 10101010 11100000 01111111 01111101 01001001 01010100  ...}IT
00001f86: 10110101 01011100 00001111 11101111 10101111 00111011  .\...;
00001f8c: 00101100 00110110 00001110 11011110 10001010 00101000  ,6...(
00001f92: 10100010 10001010 00111100 11100111 00100000 11111001  ..<. .
00001f98: 00101010 11110011 11101010 01010101 10010110 01001111  *..U.O
00001f9e: 10100000 01011011 00110110 01011011 10001110 11101011  .[6[..
00001fa4: 10001110 01110110 10100101 01011110 10101110 00010111  .v.^..
00001faa: 10110101 10101110 01010100 11010111 01001011 01100101  ..T.Ke
00001fb0: 01111000 01111110 01101111 01010101 11100011 00101001  x~oU.)
00001fb6: 10101111 10111100 01110110 00000100 01101110 10010100  ..v.n.
00001fbc: 10100101 11001010 01101100 10110110 10011110 11000101  ..l...
00001fc2: 00011110 01111011 00010100 01111001 11101100 00111101  .{.y.=
00001fc8: 11001010 00011110 11100101 00010011 01111100 11110110  ....|.
00001fce: 00101000 10010101 01111010 10110101 10010111 01010100  (.z..T
00001fd4: 11101100 01101110 00110010 00010000 11001001 01101100  .n2..l
00001fda: 10101110 10010101 01111001 11110110 11010000 11111110  ..y...
00001fe0: 11111100 01110000 11001100 10110101 11001010 10011010  .p....
00001fe6: 11101001 01101100 01111100 10110010 00011110 11001110  .l|...
00001fec: 01110001 01011110 10010000 01101101 01010001 00101101  q^.mQ-
00001ff2: 10001111 11100001 01111101 00101101 10011101 10000011  ..}-..
00001ff8: 00111101 01101100 11010011 01110100 00101101 11111101  =l.t-.
00001ffe: 01101011 01011110 10010000 01101100 11010011 01111011  k^.l.{
00002004: 10010111 01000111 00111011 10110000 01100111 01110010  .G;.gr
0000200a: 00010110 11110100 01001011 01100101 01101000 11011101  ..Keh.
00002010: 00001101 11100000 10110011 11000000 11011100 11010000  ......
00002016: 10111111 10100000 01000111 00111011 11001110 10110100  ..G;..
0000201c: 00011110 11001110 00010111 10101011 01011000 11100001  ....X.
00002022: 10111110 11011111 01101001 01101101 00111110 01110011  ..im>s
00002028: 10111101 10101111 01001000 00110101 00011100 11111110  ..H5..
0000202e: 00010110 10100101 10110011 11010011 00010111 00101010  .....*
00002034: 01111011 00000110 01111011 01011110 10010000 01101110  {.{^.n
0000203a: 11111010 00011011 10001101 00010110 11101001 11110101  ......
00002040: 01010010 00001110 01110110 01101111 11101011 01000011  R.vo.C
00002046: 00110100 01010101 01000100 10110110 10011001 10001011  4UD...
0000204c: 01011000 11011101 00101011 01000010 11011011 10110000  X.+B..
00002052: 00100011 01010001 00101010 11110011 11101000 01100110  #Q*..f
00002058: 01011010 11100101 01001101 01110100 10110110 01010110  Z.Mt.V
0000205e: 00000100 01101110 00111000 00100101 01010011 10101111  .n8%S.
00002064: 00000101 11110100 00001000 11100111 01110000 01000011  ....pC
0000206a: 11011001 11011000 00110011 10000100 00010100 01011011  ..3..[
00002070: 11101101 11110110 11100101 00001111 01110010 10001111  ....r.
00002076: 10110111 11011011 10110000 01100111 10011101 01101011  ...g.k
0000207c: 10011110 10111011 10110010 10011100 11101101 00011110  ......
00002082: 10011000 11110010 00011010 00101100 11000001 11010000  ...,..
00002088: 10110111 11110110 11001101 00001110 10111100 11101100  ......
0000208e: 00011001 11011101 00000111 10110001 11000110 11100010  ......
00002094: 11001011 01011100 10000111 11001101 01101011 11001111  .\..k.
0000209a: 11110111 10000010 01001110 00110101 10100010 10101110  ..N5..
000020a0: 11000001 10011100 01101011 11100101 10001101 11001110  ..k...
000020a6: 11001100 10011101 11100000 01101110 11000001 10011110  ...n..
000020ac: 01011011 11011001 00101001 10000010 10100011 10001000  [.)...
000020b2: 00110111 00011010 00101101 11010000 10001101 11101101  7.-...
000020b8: 10001001 10101000 00101110 11000001 10011101 11111011  ......
000020be: 10010001 01100101 10111101 11110101 11010110 01011010  .e...Z
000020c4: 01011000 11100011 11100110 10110100 00110010 11011100  X...2.
000020ca: 11110111 01100000 11001110 00110101 11101101 10100110  .`.5..
000020d0: 11110010 10110010 11001000 10110010 11011011 00101110  ......
000020d6: 01110111 01111110 11101110 01110111 01100100 00111011  w~.wd;
000020dc: 00111000 01011111 01011110 01110011 10010000 01111100  8_^s.|
000020e2: 11101000 01011011 11111101 01000111 10000010 11101000  .[.G..
000020e8: 01011011 11111101 01000111 00011010 00101100 11000001  [.G.,.
000020ee: 01000111 10011001 10001010 10110011 11000000 11011100  G.....
000020f4: 11010000 10111111 01010010 01100111 10010110 11110111  ..Rg..
000020fa: 11000111 10111101 01100101 10110111 10111011 00101001  ..e..)
00002100: 10101110 10011111 01001000 00111101 10101110 00110101  ..H=.5
00002106: 11000111 11001110 00100111 01001010 10111011 11110111  ..'J..
0000210c: 01110011 10101110 01010100 11110110 10001111 01010010  s.T..R
00002112: 00011101 10010100 01001010 10111100 11111010 00011001  ..J...
00002118: 10010110 10111001 01010011 01011101 00101101 10010101  ..S]-.
0000211e: 01111000 11011101 10000011 00111011 01000010 11101100  x..;B.
00002124: 01001001 01010110 00010011 01111010 11011001 01001101  IV.z.M
0000212a: 11001010 01101100 10101011 11100110 00101001 10101001  .l..).
00002130: 11011010 10101110 10010110 11001010 10000001 00110110  .....6
00002136: 01011011 00101011 10000010 00110111 10111110 10111011  [+.7..
0000213c: 00000010 00110000 10101001 01010111 11001100 01010011  .0.W.S
00002142: 01010011 10101110 01010100 11010111 01001011 01100001  S.T.Ka
00002148: 00011001 01001101 01110000 10111110 11111001 00001011  .Mp...
0000214e: 11010100 11011001 01101101 00111110 00000111 10111011  ..m>..
00002154: 00000010 00110010 10011010 11100101 00001101 11001111  .2....
0000215a: 01100101 10001101 11001010 11100011 11100101 00011100  e.....
00002160: 01000110 01010011 01011100 01011010 10111101 00110111  FS\Z.7
00002166: 01001111 10111100 00010001 11011000 01101010 00100101  O...j%
0000216c: 10110000 10000101 10111110 01100110 11110100 01111001  ...f.y
00002172: 11100001 00101011 11010010 00001101 10100111 10111001  .+....
00002178: 01100011 11111110 01110011 10010000 10100110 11110101  c.s...
0000217e: 01100000 11001111 00000101 10011101 11110000 10001110  `.....
00002184: 01110101 11011100 11101101 01110110 00001100 11110001  u..v..
0000218a: 01101010 01110011 10111111 01110111 00111011 11010110  js.w;.
00002190: 11001110 01001001 01010110 01101111 11100100 00111000  .IVo.8
00002196: 00100101 01010011 10101111 00000101 00110111 11001100  %S..7.
0000219c: 00010000 11110110 01111011 10110111 00001011 11010101  ..{...
000021a2: 00110110 01011011 01001100 01110001 10111000 01011110  6[Lq.^
000021a8: 10101001 10110010 11011001 01010000 00011110 11100001  ...P..
000021ae: 10000110 10011011 11100111 10110000 11111111 00011110  ......
000021b4: 00101010 11001111 00000101 00110111 11001100 00010000  *..7..
000021ba: 10101001 11110000 01011100 10100001 11111010 00100101  ..\..%
000021c0: 10110100 11000110 00111010 00000110 00100110 11110011  ..:.&.
000021c6: 01111100 11000111 00011011 10000101 11101010 10011011  |.....
000021cc: 00101101 10001111 10101000 01001010 00110111 01111111  -..J7.
000021d2: 00111000 10110101 01111010 01101111 10101100 01100110  8.zo.f
000021d8: 01110110 01110110 00001011 11101011 11000001 11101100  vv....
000021de: 10110111 01001111 00111010 11100100 11000010 10100101  .O:...
000021e4: 10110100 11110000 11011101 11001110 11101100 00011001  ......
000021ea: 11101011 01100010 01101001 10100110 11001011 01101001  .bi..i
000021f0: 11101100 00001010 11110011 11100111 00111011 11011010  ....;.
000021f6: 11110100 10000011 01110110 00001100 00101010 00111001  ..v.*9
000021fc: 11110110 00101010 11001111 00000101 00110110 01010010  .*..6R
00002202: 00010011 11101111 00000100 10100011 01111010 01101110  ....zn
00002208: 01111011 00111010 01111101 11010010 10100010 11101001  {:}...
0000220e: 01011010 00010110 11011110 10100011 01111011 01100100  Z...{d
00002214: 11100101 10110010 00110101 11100000 10100100 01111111  ..5...
0000221a: 00001011 01010010 11011001 11011101 01110011 11010111  .R..s.
00002220: 00101010 01111101 11001011 10110000 01100111 10011100  *}..g.
00002226: 10011010 01101111 00100001 00011001 01001101 01110100  .o!.Mt
0000222c: 11100101 10001111 11111010 01110000 10110010 11001000  ...p..
00002232: 11010111 10000010 10010100 10110110 01010101 00100101  ....U%
00002238: 01000101 00110110 01010101 11101010 11100001 01110010  E6U..r
0000223e: 00100011 01011100 10101001 10101110 10010100 10100111  #\....
00002244: 11011110 10011011 11011001 11011100 01110100 00101111  ....t/
0000224a: 10111100 01110111 11000001 00011011 11101000 00110011  .w...3
00002250: 10111110 10000100 11011010 11101101 00011111 01111000  .....x
00002256: 10010100 11111000 10110111 11101100 00001000 11001010  ......
0000225c: 01101011 10111110 00001000 11011100 01000101 00101010  k...E*
00002262: 11110100 11000001 00010010 01111101 11100010 01010011  ...}.S
00002268: 11100010 11011111 10001001 11110111 10000010 01010001  .....Q
0000226e: 10111101 00110111 00111101 10011101 00111110 11101001  .7=.>.
00002274: 01010001 01110100 10101101 00001011 01101111 01010001  Qt..oQ
0000227a: 10111101 01100100 11011111 11011011 00100111 00101101  .d..'-
00002280: 10010001 10101111 00000101 00100101 01000000 01111011  ...%@{
00002286: 10010100 00111101 11001010 00011110 11100101 00001111  .=....
0000228c: 01110010 10000111 10111001 01000101 00011110 01111011  r..E.{
00002292: 00001101 11101010 11001001 01001111 11011000 11110111  ...O..
00002298: 10101011 00011110 11110101 01100100 10100101 10110100  ...d..
0000229e: 11000011 00001100 11110111 10011001 00001011 01100001  .....a
000022a4: 11001111 01110110 01001010 01111101 01011001 00110111  .vJ}Y7
000022aa: 10101011 00100101 00111110 10101100 10011011 00101001  .%>..)
000022b0: 01001111 10001011 01111110 00100111 11011110 00001001  O.~'..
000022b6: 01000110 11110100 11011100 11110110 01110100 11111011  F...t.
000022bc: 10100101 01000101 11010010 10110100 00101101 10111101  .E..-.
000022c2: 01000110 11110101 10010011 01111111 01101100 10011100  F...l.
000022c8: 10110110 01000110 10111100 00010100 10100111 10111000  .F....
000022ce: 01111011 00101101 11110100 10010111 11011111 10001001  {-....
000022d4: 11011111 01000010 01101100 11011111 10110100 01111011  .Bl..{
000022da: 11010101 00111010 11010000 01111011 00111101 01000110  .:.{=F
000022e0: 11111010 01100100 01101011 11000001 01001010 01011011  .dk.J[
000022e6: 01001111 10000010 01101100 10101011 11010101 01101000  O.l..h
000022ec: 10111010 01000011 01010101 11010010 10010100 11111000  .CU...
000022f2: 10110111 11100010 00101001 01010111 01000111 00111110  ..)WG>
000022f8: 10000110 11010111 00011011 00110001 11010111 00100101  ...1.%
000022fe: 00111101 00110001 00011011 11110111 11000011 00001011  =1....
00002304: 10001000 10100101 01011100 00010000 11110101 11001010  ..\...
0000230a: 10011110 00110010 11001010 01010010 11011000 11111111  .2.R..
00002310: 00010000 00100110 11001010 01010011 11100010 11011111  .&.S..
00002316: 10001001 11110111 10000010 01010001 10111000 00100001  ...Q.!
0000231c: 11101100 11101101 00011110 01110011 10110001 00110101  ...s.5
00002322: 10011100 10100011 11000001 01100100 10100101 10110010  ...d..
00002328: 10110000 01100111 00011100 00010010 11110110 10011011  .g....
0000232e: 11100110 00110111 00111101 10011100 00101111 01010111  .7=./W
00002334: 01100000 11001110 00111000 00100101 11101101 00110110  `.8%.6
0000233a: 01010010 10011111 00010110 11111100 01001111 10111100  R...O.
00002340: 00010010 10001101 11101001 10111001 11101100 11101001  ......
00002346: 11110111 01001010 10001011 10100101 01101000 01011011  .J..h[
0000234c: 01111010 10001101 11101011 00100110 11111110 11011001  z..&..
00002352: 00111001 01101100 10001101 01111000 00101001 00101010  9l.x)*
00002358: 00000011 11011100 10100001 11101110 01010000 11110111  ....P.
0000235e: 00101000 01111011 10010100 00111101 11001010 00101000  ({.=.(
00002364: 11110011 11011000 01101111 01010110 01001010 01111110  ..oVJ~
0000236a: 11000111 10111101 01011000 11110111 10101011 00100100  ..X..$
00002370: 10101000 00001111 01110010 10000111 10111001 01000011  ..r..C
00002376: 11011100 10100001 11101110 01010000 11110111 00101000  ...P.(
0000237c: 10100011 11001111 01100001 10111101 01011000 11110111  ..a.X.
00002382: 00101000 01101111 01010110 01001010 10111100 11111001  (oVJ..
00002388: 10001110 01110111 11011110 11100101 01001110 10101011  .w..N.
0000238e: 10100101 01011110 01111101 00001100 11001011 01011100  .^}..\
00002394: 10101001 10101110 10010101 01111010 10101101 00010111  ...z..
0000239a: 01001000 01101010 10111010 01011011 00101010 00000011  Hj.[*.
000023a0: 11011100 11011000 10000001 00110111 11001111 10000010  ...7..
000023a6: 01101111 10011111 00000100 11011110 10101100 00001000  o.....
000023ac: 01000111 01110011 01000010 11100110 11110101 01100000  GsB..`
000023b2: 01000010 00111011 10011010 00010111 11001111 01100101  B;...e
000023b8: 10001101 11101010 01011000 11100001 00110111 10001000  ..X.7.
000023be: 10100101 01011100 00110010 11011001 11011010 11101110  .\2...
000023c4: 01110111 10010010 10110000 00101110 11011010 11011101  w.....
000023ca: 00001101 01000111 01010110 10110001 10111011 00000110  .GV...
000023d0: 01110011 11011000 10001110 10011011 11100110 00001000  s.....
000023d6: 11110111 00000100 10011011 00101010 11111001 10010000  ...*..
000023dc: 10110110 00011101 11011100 10001011 10100100 00110101  .....5
000023e2: 01011101 00101010 11110011 11101101 10100001 11111101  ]*....
000023e8: 11111101 00101001 10101001 11010111 00101010 01011110  .)..*^
000023ee: 11110101 00101110 11010101 00101110 11010111 00101010  .....*
000023f4: 01101011 10100101 10110100 11001000 00100011 10011101  k...#.
000023fa: 11000100 11110100 11011100 11110110 01110110 00001100  ....v.
00002400: 11110001 01101101 11110010 11001111 01111101 01011110  .m..}^
00002406: 11000010 10100101 10110100 11110110 00011110 11100010  ......
0000240c: 01110000 01000011 11011001 11010011 11010110 11000110  pC....
00002412: 01101100 10110111 10111110 11111000 10010100 01110001  l....q
00002418: 01100110 01000100 11100111 01100111 10000001 10111010  fD.g..
0000241e: 10101001 01101010 10111000 00011101 11101110 00100111  .j...'
00002424: 10100110 11100111 10110011 10011010 00010111 11100001  ......
0000242a: 01110110 11100011 10000010 01010101 00111010 11110000  v..U:.
00002430: 01010011 01100101 10110010 10111000 00100011 00001010  Se..#.
00002436: 10010110 11000111 11011000 00101010 01101100 10001100  ...*l.
0000243c: 10110111 00100011 01011110 00001011 01001111 01111000  .#^.Ox
00002442: 10110101 00111001 01000111 00111111 10000101 10101001  .9G?..
00002448: 01101100 11101111 11000001 01110110 00001100 11100001  l..v..
0000244e: 00000101 00010110 11110000 00110111 11001010 10101011  ...7..
00002454: 00100101 10001110 10111001 01010011 11100000 10111010  %..S..
0000245a: 01111010 01101101 10001000 11011110 01001000 01011011  zm..H[
00002460: 11110010 10001010 11001110 11001110 00101111 00101111  ....//
00002466: 00110100 11010100 01001011 01101001 11100111 00010111  4.Ki..
0000246c: 10011010 01100001 01011100 01000101 00101010 11101000  .a\E*.
00002472: 11101011 01100010 01101110 01101111 01110010 11101001  .bnor.
00002478: 11000101 11100101 11100110 10011001 11101110 10011100  ......
0000247e: 01011110 01011110 01101001 10111011 01000111 10100111  ^^i.G.
00002484: 00011011 11010100 01101111 10100111 11010010 10101001  ..o...
0000248a: 11011110 10110010 00001110 01110101 00010010 11011000  ...u..
00002490: 11111110 00010111 01101111 10100111 11010010 10101001  ..o...
00002496: 11000010 10100101 10110001 11111110 00100000 00111101  .... =
0000249c: 11101010 00110111 11010011 11101001 01010100 11101001  .7..T.
000024a2: 10111101 01011100 00110010 11011001 11001101 00001011  .\2...
000024a8: 11111011 10101110 10101001 11011001 10111111 01100000  .....`
000024ae: 10001101 01100111 01100100 01110110 01110001 11101101  .gdvq.
000024b4: 10001000 11001011 10110110 01101010 01101100 10101011  ...jl.
000024ba: 11001111 10110110 10000111 11110111 11110101 00101110  ......
000024c0: 11010101 00101110 11010111 00101010 01101011 10100101  ...*k.
000024c6: 10110000 10000101 10111110 01100110 11110100 01111001  ...f.y
000024cc: 11110011 10011101 11101101 01111010 01000001 10011110  ...zA.
000024d2: 11110001 01101010 01110010 10001110 00100010 10001110  .jr.".
000024d8: 01110111 10101001 00001110 11001110 01101000 01011111  w...h_
000024de: 01001111 10111110 00100011 10101000 11110011 00011000  O.#...
000024e4: 11110000 01011101 10000010 11111010 11100010 11110010  .]....
000024ea: 11110011 01001101 11000110 10001011 01111001 01010101  .M..yU
000024f0: 10001111 01110100 00101101 11111000 10001010 00111001  .t-..9
000024f6: 11011110 10011011 10011110 11001110 01101000 01011111  ....h_
000024fc: 00110100 00101110 11011111 01001111 10100101 01010011  4..O.S
00002502: 10111101 01100100 00011100 11101010 00100101 10110100  .d..%.
00002508: 11110010 10011110 00101000 00111011 00111000 11011101  ..(;8.
0000250e: 10000011 00111011 11101000 01101111 01110110 11101111  .;.ov.
00002514: 10100110 10000101 01001011 01100101 01010100 00111110  ..KeT>
0000251a: 01011101 10100011 10110000 01100111 01110010 01101001  ]..gri
00002520: 10111110 10011101 01111010 10110011 01100001 11100000  ..z.a.
00002526: 11110110 01011011 00110111 11101101 00001001 10111110  .[7...
0000252c: 10011010 00100001 11010100 01001011 01101001 11110001  .!.Ki.
00002532: 01101111 11011000 00110011 11101000 01011110 01011010  o.3.^Z
00002538: 00110011 01100101 10110100 00101010 01011011 01001111  3e.*[O
0000253e: 10110101 11101001 10001000 11011111 10100110 10111101  ......
00002544: 00110000 01011001 01000100 10110110 01010111 00000100  0YD.W.
0000254a: 01101110 01110101 11001011 01111111 00000011 01110001  nu...q
00002550: 01111001 01111001 10100110 00010101 00101101 10010101  yy..-.
00002556: 01111000 11011110 10101100 11110100 11100011 01110110  x....v
0000255c: 00001011 11101011 11101001 10101100 10010111 10100100  ......
00002562: 00011010 10001110 01111111 00001011 01010010 11011001  ....R.
00002568: 11101001 10000010 00100100 11110100 11000111 00011010  ..$...
0000256e: 11110100 10000011 01110100 11111011 11011001 00101001  ..t..)
00002574: 10000010 11101000 01011011 11111011 01100110 10000111  ..[.f.
0000257a: 01011110 01110100 11110010 10011101 01101011 10010000  ^t..k.
00002580: 11111001 10101101 01110001 01101010 11110100 11011111  ..qj..
00002586: 01010001 11100111 11110100 10110000 10111100 10110100  Q.....
0000258c: 01001101 11111011 11110111 01110011 10111101 00110111  M..s.7
00002592: 00111101 10011100 11010000 10111111 01011001 00000111  =...Y.
00002598: 00111011 10100111 11010011 11101001 01010100 11101110  ;...T.
0000259e: 11111000 01011100 01110000 11100110 10000101 11111000  .\p...
000025a4: 00100111 00011011 11001011 01111000 00100101 00011011  '..x%.
000025aa: 10000010 00011110 11001111 01011011 00000111 01000101  ...[.E
000025b0: 11101011 00111000 01100111 00011010 11101110 01110110  .8g..v
000025b6: 01101111 11101110 11011100 01100101 10111001 11011110  o..e..
000025bc: 00000110 11100011 01011011 00010000 11101101 01111011  ..[..{
000025c2: 10010111 01100000 11001110 00110101 11101101 10100110  .`.5..
000025c8: 11110011 10011100 10000011 11100101 00010010 11011000  ......
000025ce: 01001101 01110110 00000100 01101110 10010101 10100001  Mv.n..
000025d4: 01101101 11101101 01111010 01000001 10000101 01001011  m.zA.K
000025da: 01101001 11111001 00001101 01011011 00111011 00000110  i..[;.
000025e0: 01011011 00010100 11010111 01001111 01001100 01000110  [..OLF
000025e6: 11111110 11011000 10011010 10000010 11111011 11000001  ......
000025ec: 00011101 10000110 11010111 11010000 01000010 11011101  ....B.
000025f2: 10111001 00101000 11011101 10010001 11000111 01010001  .(...Q
000025f8: 00101101 10000100 11111011 11000001 00101000 11011110  -...(.
000025fe: 10011100 01101111 01110110 10100011 10101011 10000001  .ov...
00002604: 10111110 11110000 01001010 00110111 00110100 00101111  ..J74/
0000260a: 10001011 01010111 10100110 11110011 10010110 11100111  .W....
00002610: 01111101 01000101 01011001 11100000 01101110 11000000  }EY.n.
00002616: 10001101 11100010 11010100 11100111 11010011 00101100  .....,
0000261c: 01100001 10111100 00010111 10010000 01011110 10100001  a...^.
00002622: 01011101 01011000 00101101 00001100 11001110 11001110  ]X-...
00002628: 00010111 10101001 11101110 11100100 00110111 11010101  ....7.
0000262e: 11110010 10011100 11101101 00011100 00101111 10101110  ..../.
00002634: 00110100 01011001 10101101 10011010 11010011 11011110  4Y....
0000263a: 10011011 01011100 10110111 11010111 00001011 11101011  .\....
00002640: 11010110 10000010 11001101 01110110 10001111 01010010  ...v.R
00002646: 00011101 10011110 01000110 10000101 11011011 11010110  ..F...
0000264c: 10110110 00100110 11101111 01110110 00001100 11101111  .&.v..
00002652: 10000100 00111011 00111100 01011010 10011100 11101101  .;<Z..
00002658: 01101011 11001110 10100010 01011011 00101010 00000011  k..[*.
0000265e: 11011100 01001110 01110001 01000011 11111101 11110000  .NqC..
00002664: 01000110 10100011 11001111 11001000 01101010 11011001  F...j.
0000266a: 11000100 11100011 11000010 11011101 10111111 00000100  ......
00002670: 00111101 10011111 01111100 00011101 00100111 01011101  =.|.']
00002676: 10010001 10110011 01111110 10000101 11110000 10011010  ..~...
0000267c: 11110110 11001110 01111010 11101110 01110010 01010011  ..z.rS
00002682: 10011101 00001011 01111111 00101001 11001011 01101110  ...).n
00002688: 11000001 10010111 10110111 00001100 01001101 11110101  ....M.
0000268e: 11100000 10111010 01111001 11010111 00111011 00011110  ..y.;.
00002694: 11110100 11000011 00110110 00010111 01001110 01110001  ..6.Nq
0000269a: 01011100 01101100 01111011 10001110 10110110 11110001  \l{...
000026a0: 00111011 00001011 10110000 01100101 11101101 11110101  ;..e..
000026a6: 00111001 11011001 10000101 11010000 10110111 11110010  9.....
000026ac: 11011110 11010111 00100011 10111011 00000110 01011110  ..#..^
000026b2: 11011100 01100111 00101110 11111011 11101010 10001110  .g....
000026b8: 10101010 10001100 11010111 01100000 01000110 11111010  ...`F.
000026be: 10000101 10010110 11111110 10011000 10001101 11111011  ......
000026c4: 01000111 00110100 00101100 01010100 10110110 00010111  G4,T..
000026ca: 00000001 11101110 01010000 11110111 00101000 01101111  ..P.(o
000026d0: 01101100 01000111 00111000 11001111 01110010 10001010  lG8.r.
000026d6: 00100101 10110100 11111111 00010110 11100110 10000101  %.....
000026dc: 11011011 11011100 10000110 10001011 01010100 10001101  ....T.
000026e2: 01111000 00100111 10111011 00000110 01011011 00010100  x'..[.
000026e8: 11010111 01001110 11101000 01101111 01010100 01011011  .N.oT[
000026ee: 00111011 01000111 10001011 01010011 10011010 11101100  ;G.S..
000026f4: 00001000 01011110 01110110 01000100 11100111 01100111  .^vD.g
000026fa: 01100000 10111001 00011101 01000100 10110110 10011110  `..D..
00002700: 01010011 11000101 00101010 10011100 11101100 00010101  S.*...
00002706: 00101101 10100111 10010100 11110001 01001010 10100111  -...J.
0000270c: 00111011 00000101 01110101 01000011 10010000 11001111  ;.uC..
00002712: 01110101 11010100 11110111 10001011 01010011 10011010  u...S.
00002718: 11101001 01101100 11101110 10111001 11011001 11100000  .l....
0000271e: 10101111 00000101 10101010 00100101 10110101 01111100  ...%.|
00002724: 11001001 01011100 01100001 10110101 01011101 11010101  .\a.].
0000272a: 10000011 00001101 11110100 11010111 00100011 10000101  ....#.
00002730: 01001011 01100011 11111100 11010111 11011011 11101101  Kc....
00002736: 11100111 10110001 00110110 01011011 00101011 00000110  ..6[+.
0000273c: 00011011 11010100 10000111 01100111 00110100 00101111  ...g4/
00002742: 10001111 01100011 00001010 10010110 11010011 11011000  .c....
00002748: 10011011 00101101 10001111 11100001 01111101 11011000  .-..}.
0000274e: 10000111 10110011 10110000 01100101 01011110 11100101  ...e^.
00002754: 11011000 00110011 11101001 01100100 11110111 01100000  .3.d.`
0000275a: 11000011 01111010 01110001 10111010 00111001 11011110  .zq.9.
00002760: 10110101 10100001 11110010 01111011 11101001 10010010  ...{..
00002766: 11001101 11110101 00111010 11010000 10110110 10111001  ..:...
0000276c: 00101001 11011101 01110110 01100111 01100111 10010011  ).vgg.
00002772: 11100001 01110110 11001110 00001001 01111011 01101010  .v..{j
00002778: 10001001 01101101 00111101 10001001 10111101 01010110  .m=..V
0000277e: 10000110 11001011 01101010 01101111 01010100 00101011  ..joT+
00002784: 11000001 01101011 10000010 00011110 11001110 11100100  .k....
0000278a: 00110110 01011011 01010100 01110101 01001011 01010011  6[TuKS
00002790: 10011010 11100000 10000111 10110011 10111001 00001101  ......
00002796: 10010110 11010100 11011110 10101000 01010111 10000010  ....W.
0000279c: 11010111 00000100 00111101 10011110 01001110 01000011  ..=.NC
000027a2: 01100101 10110101 01000111 00111111 10000101 11111010  e.G?..
000027a8: 01110001 10111101 11011000 01010111 01010111 11001111  q..WW.
000027ae: 01011010 00011000 00111000 00100001 11101100 11101110  Z.8!..
000027b4: 01000011 01100101 10110101 01000111 10010101 01111100  Ce.G.|
000027ba: 11001101 11101001 00001101 01010111 01001011 01100101  ...WKe
000027c0: 01000000 01111011 10011010 00010111 11101011 01000011  @{...C
000027c6: 00000111 00000100 00111101 10011101 11001000 01101100  ..=..l
000027cc: 10110110 10101000 11101010 10000001 01000111 10101111  ....G.
000027d2: 10011001 00101011 10001100 00110110 10101011 10111001  .+.6..
000027d8: 11111100 00101111 10011100 01010000 11111011 11011100  ./.P..
000027de: 10100001 10111110 00011110 11001011 00011010 10110100  ......
000027e4: 01101110 01101110 11101011 10011101 10011010 11110010  nn....
000027ea: 10000010 10111100 00010110 10101000 11100111 11010100  ......
000027f0: 00111011 00100110 11111001 11100100 01111011 00101100  ;&..{,
000027f6: 01101010 11010001 10111001 10111011 10100000 11110110  j.....
000027fc: 01101011 10001110 10000111 01100110 10100110 11110011  k..f..
00002802: 11101010 00011101 10011010 11100000 10000111 10110011  ......
00002808: 10111001 00001101 10010110 11010101 00010010 11011000  ......
0000280e: 01001111 10111100 00010010 10001101 11000111 01001011  O....K
00002814: 01100101 00010100 01010001 11011111 00000100 01101111  e.Q..o
0000281a: 10000111 10110010 11000110 10000010 11001110 11101011  ......
00002820: 10011101 10011010 10100011 10101010 01011010 10011100  ....Z.
00002826: 11010111 01001011 01100111 00101000 01101110 11101011  .Kg(n.
0000282c: 10011101 10011100 01110100 00111011 00110101 01000100  ..t;5D
00002832: 10110110 00111111 10000101 11110011 10001010 00011111  .?....
00002838: 11101111 10000010 00110111 11000111 01101011 00111110  ..7.k>
0000283e: 00011110 11001011 00011010 10110100 01101110 01101110  ....nn
00002844: 11101011 10011101 10011010 00010101 11000101 10001001  ......
0000284a: 01100001 10010010 11101101 10101010 00111100 11000001  a...<.
00002850: 00001111 01100111 00110100 00101111 11100001 11101100  .g4/..
00002856: 10110111 10101011 00011011 10100111 10010100 11101100  ......
0000285c: 10110110 10100000 10011110 11100110 10000101 11111101  ......
00002862: 00100001 10011110 11100010 11111010 10101111 00011001  !.....
00002868: 01001101 01111010 01110001 10111110 10100010 10101100  Mzq...
0000286e: 11110011 10010010 11000011 00100101 11011001 11100001  ...%..
00002874: 01111111 10110000 01100001 10111110 10010000 11001111  ..a...
0000287a: 01110001 01111110 01111011 00001111 01110001 00111110  q~{.q>
00002880: 11110000 01001010 00110111 01110101 11001110 11001111  .J7u..
00002886: 00100010 10001111 00111001 00101100 00110010 01011101  ".9,2]
0000288c: 10000101 11110001 01011100 01011000 10010110 00011001  ..\X..
00002892: 00101110 11011010 11101001 01101100 11111011 11100011  ...l..
00002898: 10101110 00111101 11100001 01111010 10100010 01011011  .=.z.[
0000289e: 01001111 01100010 01101111 00111111 10000101 11111101  Obo?..
000028a4: 11110000 10110101 10001111 01111011 11011010 11010111  ...{..
000028aa: 01100100 01101011 10010101 00101111 01111010 10101110  dk./z.
000028b0: 01010111 01000110 01011101 10110011 11010110 11000100  WF]...
000028b6: 11010011 01111000 00011011 11010110 01011101 10110111  .x..].
000028bc: 11000010 10011011 11010101 00101101 01001110 01101011  ...-Nk
000028c2: 10100101 10110011 10111010 11100111 01100111 10010100  ....g.
000028c8: 00010101 11100000 10110101 00110111 11001111 10001011  ...7..
000028ce: 01111111 00000011 01111101 00110100 01011000 11010100  ..}4X.
000028d4: 01110011 11100001 10110011 01101010 11000110 11001010  s..j..
000028da: 00111100 11001110 01100111 00110010 01110111 00100011  <.g2w#
000028e0: 01100101 10101000 10010110 11000010 11000100 10110000  e.....
000028e6: 11001001 01110110 11010111 10101001 00001101 11101011  .v....
000028ec: 01100111 01100000 11001111 01010100 01101001 10111110  g`.Ti.
000028f2: 11111000 11101011 10001111 01111000 01011110 10111011  ...x^.
000028f8: 00000101 11001010 10011111 00000101 11011000 00110011  .....3
000028fe: 10111110 00010000 11101100 11111011 10100101 01000101  .....E
00002904: 11100111 00111001 00001011 00011010 10001001 01101100  .9...l
0000290a: 01111111 00001011 11100111 00010100 00111110 11110111  ....>.
00002910: 00010011 10110000 01011100 10001110 11100010 01111001  ..\..y
00002916: 11010110 11000001 10110010 11010110 11001101 11111001  ......
0000291c: 10100001 01110110 11100000 10111010 10101010 10111001  .v....
00002922: 01010011 01000111 01010101 01000111 00110100 00101111  SGUG4/
00002928: 10000010 00011110 11001110 10011101 10101111 10101101  ......
0000292e: 00101110 11011001 11100010 11011110 01011010 10001010  ....Z.
00002934: 10110001 10000010 11100101 01001000 10101110 00100010  ...H."
0000293a: 10010101 01111010 10010000 11101011 10010101 00111101  .z...=
00002940: 00111101 01011001 10101101 01010001 11100111 10000001  =Y.Q..
00002946: 01111010 01101110 11000001 10011101 11111000 10110110  zn....
0000294c: 11111110 01110010 01011000 01100100 10111011 01111010  .rXd.z
00002952: 10010000 11101100 11110101 01100111 11010011 00100101  ...g.%
00002958: 10011011 11001011 01001110 10001010 11010101 10110010  ..N...
0000295e: 11010111 00101010 01101000 10010100 10000100 01010010  .*h..R
00002964: 10101111 00000101 11101010 00110111 01111101 00001101  ...7}.
0000296a: 11000110 10110100 01010101 11101010 10111110 10110010  ..U...
00002970: 11000110 11101101 00011100 00010010 01110100 11101011  ....t.
00002976: 10010110 01101011 01011101 10100011 01110100 00110100  .k].t4
0000297c: 10000101 11000000 11011000 00010110 00001111 00101100  .....,
00002982: 00110110 00000101 10000011 11011101 01100001 10110000  6...a.
00002988: 00101100 00011110 11101011 00001101 10000001 01100001  ,....a
0000298e: 00100001 00010100 10101011 11000001 01111010 10001101  !...z.
00002994: 11011111 01000011 01110001 10101101 00010101 01111010  .Cq..z
0000299a: 10101111 10101100 10110001 10111011 01000111 00000100  ....G.
000029a0: 10011101 00111010 11100101 10011010 11010111 01101000  .:...h
000029a6: 11011101 00001101 00100001 01110000 00110110 00000101  ..!p6.
000029ac: 10000011 11001011 00001101 10000001 01100000 11110111  ....`.
000029b2: 01011000 01101100 00001011 00000111 10111010 11000011  Xl....
000029b8: 01100000 01011000 01001010 01111100 01011011 11111100  `XJ|[.
000029be: 00111101 10010110 00110011 00000101 11001010 10011110  =.3...
000029c4: 11000000 10001101 11001101 00001011 11110110 11000001  ......
000029ca: 11110010 11100111 10110011 10101110 01110111 00110100  ....w4
000029d0: 00010110 11111001 01101001 00001001 10101110 11111000  ..i...
000029d6: 00100011 01110011 01000010 11111101 00110111 00111101  #sB.7=
000029dc: 10011101 10100011 11010101 10011101 10000011 00111110  .....>
000029e2: 11101000 01101110 00100111 01111101 00001011 01111100  .n'}.|
000029e8: 10110100 10000100 01010010 10101111 00000101 11101010  ..R...
000029ee: 00110111 01111101 00001101 11100100 00100010 10010101  7}..".
000029f4: 01111000 00101111 01010001 10111011 11101000 01101111  x/Q..o
000029fa: 00100001 00010100 10101011 11000001 01111010 10001101  !...z.
00002a00: 11011111 01000011 01111001 01001011 01100101 01000000  .CyKe@
00002a06: 00001001 10111110 01100100 00101101 10000111 01001101  ..d-.M
00002a0c: 11101010 10101011 11101111 11001101 00001011 11111011  ......
00002a12: 11000111 01100000 01000110 00010101 00101101 10001111  .`F.-.
00002a18: 11100001 01111110 10011000 01100110 01001110 11111010  .~.fN.
00002a1e: 01011000 10111110 10100010 10101100 10101101 00011011  X.....
00002a24: 10011011 11010110 11000001 10100010 11011001 11001101  ......
00002a2a: 00001011 11100010 11010101 11101001 10111000 11110110  ......
00002a30: 01000001 11001110 11110000 01011001 11100000 01100001  A..Y.a
00002a36: 10101000 11110011 11110001 10111101 01010000 10110110  ....P.
00002a3c: 00001110 11111010 01101011 11001010 00100111 01100001  ..k.'a
00002a42: 01010001 11001111 10011000 11101011 11100001 11101100  Q.....
00002a48: 11110101 01100011 11011101 01010101 00000100 01110110  .c.U.v
00002a4e: 00011001 11101111 01110001 10111101 11011011 10111110  ..q...
00002a54: 10011010 11110101 01100011 11011100 11010000 10110101  ..c...
00002a5a: 00110111 11110101 10110011 11101111 10001001 10111101  7.....
00002a60: 00011110 10111110 01100100 10101110 00110000 11011010  ..d.0.
00002a66: 10101110 11100010 00110010 10011010 11110010 10101101  ..2...
00002a6c: 01101011 11010101 10100110 10000010 11001110 10101111  k.....
00002a72: 10011110 10100101 11101001 10111101 01101100 11110100  ....l.
00002a78: 11100011 00110101 11001010 10011110 00111011 10100011  .5..;.
00002a7e: 01011001 01000100 10110110 00111111 11000100 00000111  YD.?..
00002a84: 10111101 10101111 01001000 00110011 11011110 10110101  ..H3..
00002a8a: 10101111 01010110 10011010 00001011 00101000 11101010  .V..(.
00002a90: 10101000 00100101 00011011 11010110 11001110 11001000  .%....
00002a96: 11100011 10101110 01010100 11110100 10101101 00001011  ..T...
00002a9c: 01101111 01110110 01010011 01011101 10000011 00111101  ovS].=
00002aa2: 01101011 01011110 10101101 00110100 00010110 01010001  k^.4.Q
00002aa8: 11000100 11110010 00111000 10100001 11111110 11111000  ..8...
00002aae: 00100011 01110001 00111110 10101010 11000111 00111010  #q>..:
00002ab4: 10001110 00100011 01110111 11010011 01000100 10100011  .#w.D.
00002aba: 01110010 10001111 01011010 11010111 10101011 01001101  r.Z..M
00002ac0: 00000101 10010100 01110001 00011011 11101111 01111101  ..q..}
00002ac6: 11001001 01000110 11100011 11000101 01011001 11100000  .F..Y.
00002acc: 01100001 10111001 01000111 11010011 01000001 01100111  a.G.Ag
00002ad2: 10010001 01100101 11011000 00110010 11010100 01001010  .e.2.J
00002ad8: 10111100 01011101 01011101 01010101 10011101 01110010  .]]U.r
00002ade: 10100110 10111010 01011011 01001100 10101110 11011000  ..[L..
00002ae4: 11110111 10111011 00101001 10101111 01011010 11110100  ..).Z.
00002aea: 11111100 00101000 01011101 00100000 11110111 10101100  .(] ..
00002af0: 10110110 11101110 10001000 00111011 10100011 01110110  ...;.v
00002af6: 00001100 11101110 10000001 11010001 10101111 00000101  ......
00002afc: 01000100 10101011 11010101 01101000 10111010 01000010  D..h.B
00002b02: 11100101 01001101 01110100 10110110 00010111 00000001  .Mt...
00002b08: 11101111 00110010 00010110 11000011 10000101 01110001  .2...q
00002b0e: 01110000 00011110 11110110 11001010 10110010 10101010  p.....
00002b14: 11011001 01101110 11111000 01100001 01110011 01000010  .n.asB
00002b1a: 11111110 10010010 11111011 11111000 10110101 00111001  .....9
00002b20: 10101110 00001000 01111011 00111011 10010000 11011001  ..{;..
00002b26: 01101101 00001010 10010110 11001010 10000000 11110111  m.....
00002b2c: 01000011 01100101 00010010 11011001 01011111 00011100  Ce.._.
00002b32: 11100111 10111000 10011100 00010000 11110110 01110100  .....t
00002b38: 11110101 10101110 11011110 00000110 11101001 11000111  ......
00002b3e: 10000010 00011011 00110101 10101011 11000001 01110110  ..5..v
00002b44: 10001111 01010010 00011101 10010100 01110101 01010100  .R..uT
00002b4a: 00010001 11011000 01101101 01111101 11100000 10010100  ..m}..
00002b50: 01101110 00001000 01111011 00111100 10011100 10000110  n.{<..
00002b56: 11001011 01101010 10001110 10101111 10011101 11111100  .j....
00002b5c: 01001011 01111000 01011101 10111000 11011000 10010110  Kx]...
00002b62: 11110110 10111101 00100000 11011110 00010110 11011101  .. ...
00002b68: 10000011 00101101 10011110 00001011 11000010 11101101  .-....
00002b6e: 11110100 11101100 11000011 11011001 10101010 00100101  .....%
00002b74: 10110010 10111010 01011101 10111010 01111101 01100000  ..].}`
00002b7a: 11110000 01011011 11010001 11111010 10101010 00001000  .[....
00002b80: 11101100 00110110 10111110 11110000 01001010 00110111  .6..J7
00002b86: 00000100 00111101 10011111 01001110 11001100 00111101  .=.N.=
00002b8c: 10011010 10100010 01011011 00011111 11000010 11111001  ..[...
00002b92: 11000101 00001111 11110111 11000001 00011011 10001001  ......
00002b98: 11101010 11000100 00101010 00100101 10110001 11111100  ..*%..
00002b9e: 00101111 10001110 10000100 10100011 01110110 11000111  /...v.
00002ba4: 00111011 11010101 10011100 11010000 10110101 00101101  ;....-
00002baa: 10011101 00000110 10110010 01011111 01111111 00000011  ..._..
00002bb0: 01110000 11001011 11010010 00001101 10101010 00100101  p....%
00002bb6: 10110000 10001010 01010101 11000101 10101011 11010011  ..U...
00002bbc: 01110100 11101110 10111011 00110011 10110011 10101100  t..3..
00002bc2: 10000111 10001010 10000110 10001011 00110010 01010110  ....2V
00002bc8: 01110110 01110100 10101101 00001011 01101111 01011011  vt..o[
00002bce: 00101110 01010100 11111000 00101110 10011110 11010111  .T....
00002bd4: 00011100 11101100 01100011 01111010 11010110 10111110  ..cz..
00002bda: 11110100 11100111 10000011 11011001 01101111 00100100  ....o$
00002be0: 11110101 10100010 11101110 10111001 01010011 11011101  ....S.
00002be6: 01110011 10110011 11000000 11011101 11001000 01111001  s....y
00002bec: 00100110 11001011 01100011 11101100 01010101 10011110  &.c.U.
00002bf2: 00001001 11101110 10101010 10000010 00111011 00001101  ....;.
00002bf8: 01000111 00010001 01001010 10111101 10101111 01001000  G.J..H
00002bfe: 00110111 00001100 10110110 01111010 11011001 10101011  7..z..
00002c04: 11101111 10011100 11001000 11110111 10000011 10010000  ......
00002c0a: 11000010 10111100 11111111 00010110 11111001 01010100  .....T
00002c10: 00110101 11100000 10010001 11011110 01011010 01011100  5...Z\
00002c16: 11101001 11010001 01100110 10100001 11101110 11111110  ..f...
00002c1c: 00101000 11100111 01110001 01101010 11110100 11011101  (.qj..
00002c22: 10010000 01110011 10011101 10011101 10000010 11111010  .s....
00002c28: 11101100 00010111 00101010 01111011 01000101 00111000  ..*{E8
00002c2e: 11000001 10010110 11110000 01011001 11011101 01110110  ...Y.v
00002c34: 01100111 01100111 10101100 10010101 10001101 11110100  gg....
00002c3a: 11011001 00111011 11001001 00011011 10100111 01101011  .;...k
00002c40: 11010101 10010100 01001011 01100001 01110111 00010001  ..Kaw.
00002c46: 11001110 00110000 10101001 01101100 00101110 11100010  .0.l..
00002c4c: 00111001 11000110 01111011 11011011 00010001 11001110  9.{...
00002c52: 00110101 00010010 11011001 01010000 11100100 00110011  5..P.3
00002c58: 11011101 10000001 00011011 11010100 10000111 01100110  .....f
00002c5e: 10111101 01011001 11000110 11001100 01110111 11010100  .Y..w.
00002c64: 01111010 10010110 00111000 01111010 11011000 11001101  z.8z..
00002c6a: 10010110 10100010 01011011 01001111 00000010 11110100  ..[O..
00002c70: 11011100 11101100 11001001 11011110 10101000 00111101  .....=
00002c76: 01110010 10100110 10001111 00111110 00101101 11111110  r..>-.
00002c7c: 11110000 01001010 00110111 01110100 01000001 11011111  .J7tA.
00002c82: 11101111 00001111 10010101 00010010 11011001 01010000  .....P
00002c88: 11100100 00110011 11011111 01111000 00100101 00011011  .3.x%.
00002c8e: 10111010 00100000 11101111 11110111 10000111 11001010  . ....
00002c94: 10001110 10101010 10000010 01010001 10111011 10100010  ...Q..
00002c9a: 00001110 11111111 01111000 01111100 10101000 11101010  ..x|..
00002ca0: 10101000 00100101 00011011 10111010 00100000 11101111  .%.. .
00002ca6: 11110111 10000111 11001010 10001111 00111100 00111001  ....<9
00002cac: 10010011 10111100 00010111 10010101 01010000 01111010  ....Pz
00002cb2: 11100101 01001101 00011101 01010101 00000100 10100011  .M.U..
00002cb8: 01110111 01000100 00011101 11111110 11110000 11111001  wD....
00002cbe: 01010001 00101010 11111001 10001010 01101010 01110110  Q*..jv
00002cc4: 10101011 10100101 10110100 11001000 01011011 00001110  ....[.
00002cca: 10011011 11000100 01010010 10101110 11101000 10000011  ..R...
00002cd0: 10101110 01001010 01111101 11100001 11110010 10011011  .J}...
00002cd6: 11010101 00000001 11101111 00110001 10001101 11011110  ...1..
00002cdc: 11100010 01110001 11010000 10010100 01101111 10111100  .q..o.
00002ce2: 01110110 00001011 11101010 01101111 10011110 00000101  v..o..
00002ce8: 11101001 10111011 10110001 10111101 01011001 11100000  ....Y.
00002cee: 01100001 10011110 11110010 10011100 11101100 01001101  a....M
00002cf4: 01100100 11011111 00101101 10001111 10001011 01101110  d.-..n
00002cfa: 01101000 01011010 10010110 11001110 10001110 10110110  hZ....
00002d00: 00100110 11100110 11100000 10001110 00011001 11110100  &.....
00002d06: 00110101 00010010 11011000 11111000 10110110 11100010  5.....
00002d0c: 01110011 10001010 00011111 11101100 00001000 11011100  s.....
00002d12: 00010001 11000011 01111011 11101011 11101001 00000110  ..{...
00002d18: 11001001 10110010 11011001 01010000 11100100 00110011  ...P.3
00002d1e: 11011100 01101011 10010110 01010001 11000100 11111011  .k.Q..
00002d24: 11000001 00101000 11011100 00010000 11110110 01110110  .(...v
00002d2a: 10111101 01011001 11000110 10001011 01110110 00001011  .Y..v.
00002d30: 11101010 10001110 01111111 00001011 11110100 11000111  ......
00002d36: 10101100 10000011 10011101 01000100 10110110 10011001  ...D..
00002d3c: 00001011 01100001 11001111 01110010 10001001 10111101  .a.r..
00002d42: 01011101 00101110 11010011 01100101 10110100 11110000  ]..e..
00002d48: 00101111 01001100 11110111 01010101 01000001 00011101  /L.UA.
00002d4e: 10000110 11111011 01111101 10111010 10101111 00011001  ..}...
00002d54: 01001101 01110000 01000011 11011001 11010011 11101110  MpC...
00002d5a: 10000100 00111110 01110110 00001100 00100111 10111110  .>v.'.
00002d60: 10000001 00011100 11101111 01010110 00001010 10010110  ...V..
00002d66: 11001010 10101000 00100101 00011011 11101111 00011101  ..%...
00002d6c: 10000001 00011010 01101100 10110110 01010100 00000111  ..l.T.
00002d72: 10111000 10001010 01010101 11110101 00010110 10110001  ..U...
00002d78: 10101000 11101010 10101000 11101111 10000010 00110000  .....0
00002d7e: 10101001 01101100 10101000 00001111 01110110 00001011  .l..v.
00002d84: 11101000 01010100 10110110 00111111 11001101 00111101  .T.?.=
00002d8a: 11011000 00010001 10100110 11001011 01100011 11111100  ....c.
00002d90: 11010000 10101110 01111111 10011010 01111011 11101111  ....{.
00002d96: 00011110 11101101 01000111 01010100 00111001 00001101  ..GT9.
00002d9c: 01000100 10101011 11100110 01000111 10110110 00100101  D..G.%
00002da2: 01011010 10101110 10010110 11010011 11011000 01111011  Z....{
00002da8: 11001100 10000101 10110000 11101001 10111110 01111011  .....{
00002dae: 00010011 01111100 11001011 01000100 11101111 01110110  .|.D.v
00002db4: 10011011 00101101 10001111 11100001 01111111 01001001  .-...I
00002dba: 01111101 11111110 11110001 11101110 11010011 01111000  }....x
00002dc0: 10001010 01010101 11110111 10001011 10010010 10011110  .U....
00002dc6: 11101101 01000100 10110110 00010001 01001010 10111101  .D..J.
00002dcc: 00110000 01000100 10011111 01111011 11100101 00011100  0D.{..
00002dd2: 01000101 00101010 11110100 11000001 00010010 01111101  E*...}
00002dd8: 11101111 10010100 01111001 10010000 10110110 00011100  ..y...
00002dde: 11110111 00010001 01001010 10111101 00110000 01000100  ..J.0D
00002de4: 10011111 01111011 11100101 00011101 01010000 00100110  .{..P&
00002dea: 11001011 01100101 01100000 01000110 01010001 11001110  .e`FQ.
00002df0: 11111011 11000011 11011101 01010101 00000100 01110110  ...U.v
00002df6: 00011010 10001110 10101100 00001000 11001010 00111001  .....9
00002dfc: 11011111 01111000 10100010 01011011 00011111 01100010  .x.[.b
00002e02: 00011101 01000100 10110110 10011001 10001110 11111000  .D....
00002e08: 01100101 10110011 11011111 01011101 10000010 11111010  e..]..
00002e0e: 11100011 01011110 11011001 10110101 01101011 01100010  .^..kb
00002e14: 00110000 01011100 10101001 11110011 10010010 11100101  0\....
00002e1a: 10110101 11001011 01100110 00001100 11011000 10110000  ..f...
00002e20: 01110011 10111010 00010001 10011111 01000011 00001010  s...C.
00002e26: 10010110 11000010 00010110 10101111 10111110 00111101  .....=
00002e2c: 11011111 01001011 10110101 11001010 10011110 00110100  .K...4
00002e32: 01011011 10101111 01011101 10100011 11011011 00110100  [.]..4
00002e38: 00111010 11110011 10000110 01011010 10001001 01010111  :..Z.W
00002e3e: 10011111 01000001 01100011 10011100 11101100 11010101  .Ac...
00002e44: 01110100 10110110 00010011 10111110 10011010 11101100  t.....
00002e4a: 10001110 00111010 11100100 10100111 01001010 11010000  .:..J.
00002e50: 10110110 11101100 00011001 11110111 10110010 01010011  .....S
00002e56: 00000100 11110111 10011001 00001011 01100001 11010100  ....a.
00002e5c: 01001010 10111101 01011101 00011011 00101101 11110111  J.].-.
00002e62: 10110101 11100111 01001110 10111001 01010010 11110111  ..N.R.
00002e68: 01111110 11100101 10111111 00001000 01111101 11010111  ~...}.
00002e6e: 00101010 01101011 10100101 10110001 11111100 00101111  *k.../
00002e74: 10100000 11010110 01001011 11101110 00101010 01011011  ..K.*[
00002e7a: 01001111 01100010 10001001 01101100 01111100 01011011  Ob.l|[
00002e80: 01111101 10111110 11010010 11011011 11001100 10000000  }.....
00002e86: 01010001 00101101 10010101 00000001 11101111 01001100  Q-...L
00002e8c: 01000110 11110100 01111001 11111011 00111001 01100101  F.y.9e
00002e92: 11011000 00110010 11010100 01001010 10111110 01100010  .2.J.b
00002e98: 10011010 10011101 10101010 11101001 01101100 10100001  ....l.
00002e9e: 11110101 00010111 10101100 11101100 00011001 01101100  .....l
00002ea4: 01010011 01011100 10100001 10000010 11100100 10100111  S\....
00002eaa: 01111110 11010000 01010100 11110111 11101110 11000001  ~.T...
00002eb0: 11101011 01100101 11001001 01001110 10000011 01011001  .e.N.Y
00002eb6: 00101111 10111101 00011110 01111111 11000100 10110010  /.....
00002ebc: 10011010 11101001 11110101 10000101 10101011 11010110  ......
00002ec2: 01110110 01111001 01011011 00110101 00111010 00001011  vy[5:.
00002ec8: 01011001 11011010 00111010 00010111 01011001 00001100  Y.:.Y.
00002ece: 10010101 01011101 11010111 01001011 01111101 01011101  .].K}]
00002ed4: 10010110 10001101 01111000 00101010 00111000 10111000  ..x*8.
00002eda: 01000011 00100101 01010111 01110101 11010010 11011111  C%Wu..
00002ee0: 01110100 00101010 01110010 11010000 10111101 01111101  t*r..}
00002ee6: 01011101 10010110 10001101 01111000 00100111 10111000  ]..x'.
00002eec: 10011110 01010101 01011110 10010000 01101110 10011011  .U^.n.
00002ef2: 11101111 01000111 01010111 10111011 00000111 01001111  .GW..O
00002ef8: 10111101 10010010 10011000 00101110 11000000 10001101  ......
00002efe: 11101011 01011011 00010001 10000011 00110101 11000110  .[..5.
00002f04: 10111101 10110011 10100001 01101111 11110001 00011011  ...o..
00002f0a: 01011100 11100010 10111101 00100000 11011010 11101000  \.. ..
00002f10: 01011011 11111001 01010110 10110110 00100011 00000110  [.V.#.
00002f16: 01101011 10001101 01111011 01100011 11011110 11101101  k.{c..
00002f1c: 11110100 10111011 01100111 11011110 00110011 01000100  ..g.3D
00002f22: 10100011 01111010 10110001 00001011 10011010 00010110  .z....
00002f28: 10100101 10110011 10100111 00011110 00011111 01001011  .....K
00002f2e: 01101111 11101110 00110111 00110100 00101101 01001011  o.74-K
00002f34: 01100111 01001110 11101011 10110011 00111011 00111100  gN..;<
00002f3a: 10110100 00111010 01011011 00110111 10100011 10001001  .:[7..
00002f40: 11110100 10111011 01100111 01001101 01110000 11000001  ..gMp.
00002f46: 11001110 11101001 01110010 01010001 10111001 01000111  ..rQ.G
00002f4c: 00011110 00011111 01001011 01101111 01000111 00010011  ..KoG.
00002f52: 10011100 01010000 11111111 01100000 01000110 10100010  .P.`F.
00002f58: 01010101 11110011 00010100 11010100 11101101 01010111  U....W
00002f5e: 01001011 01100101 01010100 00010001 11011000 01100111  KeT..g
00002f64: 10111011 00111111 00011101 10000010 11100101 01001110  .?...N
00002f6a: 10011110 11110000 01110010 00011000 01010111 10011001  ..r.W.
00002f70: 00000101 10110111 10100010 10001010 00111010 11100111  ....:.
00002f76: 01010001 11100111 10110000 11111111 10100110 00111100  Q....<
00002f7c: 00011110 11001011 01110110 00001100 10110110 01110100  ..v..t
00002f82: 00101101 11111110 10110011 00111101 11000110 11110010  -..=..
00002f88: 00110100 00101111 10001110 10000101 11000110 10111001  4/....
00002f8e: 01101111 11010000 10001101 11110100 11001001 01111011  o....{
00002f94: 01101010 10001001 01101101 00110010 11001001 01111011  j.m2.{
00002f9a: 01101000 01010111 00010011 10110000 01000010 11101001  hW..B.
00002fa0: 00000110 11101111 11100111 01111101 00110101 11011101  ...}5.
00002fa6: 00010000 01110101 11001001 01001110 00110100 01011011  .u.N4[
00002fac: 10110000 01100111 10011101 01101011 10010000 11111001  .g.k..
00002fb2: 10101101 01010001 00101101 10010101 10000011 00111100  .Q-..<
00002fb8: 11101011 01011100 10000111 11001101 01101011 10111111  .\..k.
00002fbe: 01110111 00111011 11010110 11001110 10111001 11011101  w;....
00002fc4: 10000011 00111110 10011001 00101111 01101101 01111011  .>./m{
00002fca: 10010111 01100000 11001110 00010111 10100100 00110011  .`...3
00002fd0: 01001101 11101101 00010001 01010111 10111001 01110110  M..W.v
00002fd6: 00001100 11101100 10001110 01110110 01101001 10111100  ...vi.
00002fdc: 10011010 00011111 11001011 01010001 00101101 10010101  ...Q-.
00002fe2: 11000001 00011011 11010100 10000111 01100110 10111001  ....f.
00002fe8: 10100001 01111101 10000010 11100100 01110111 11010000  .}..w.
00002fee: 01100010 10001110 01110111 10101101 10011101 10000011  b.w...
00002ff4: 00101101 10000010 10100101 10110000 10011110 11011000  -.....
00002ffa: 10011011 11111011 10110111 10111001 01110100 11110101  ....t.
00003000: 10100010 00001110 11110000 01000011 11100101 00010010  ...C..
00003006: 11011000 11111011 00010000 11101010 00111001 11111100  ....9.
0000300c: 00101111 10000010 00010110 11101110 11001110 11000001  /.....
00003012: 10011111 01111011 00100101 00110000 01010100 01110001  .{%0Tq
00003018: 00010100 01110011 10111000 00100001 01101110 11101100  .s.!n.
0000301e: 11101100 00011001 11110100 11001001 01111011 01101010  ....{j
00003024: 10001110 00100010 10001110 01110111 00011010 11100101  .".w..
0000302a: 10111111 01100000 10001101 01100111 10010110 10011001  .`.g..
00003030: 00101111 01101101 01010001 11000100 01010001 11001110  /mQ.Q.
00003036: 11101111 10000101 11100111 01110110 00001100 10111101  ...v..
0000303c: 10111101 01100101 10110011 01110110 10001000 10100011  .e.v..
00003042: 10101011 00000100 01101011 00111110 10011001 00101111  ..k>./
00003048: 01101101 01110111 11100000 10010100 01101110 01110001  mw..nq
0000304e: 01000011 11111101 11110000 10111000 11100001 11011111  C.....
00003054: 01000011 01111001 00110000 01100001 10010100 10110110  Cy0a..
0000305a: 01111010 01100010 11100100 10100101 00010010 10101111  zb....
00003060: 00111110 11011011 00010000 01111011 10010101 00110101  >..{.5
00003066: 11010010 11011000 01000101 00101010 11110100 11000001  ..E*..
0000306c: 00010010 01110110 01000011 10110011 11101111 01100100  .vC..d
00003072: 11010011 01011100 01111111 10100110 11001001 11011010  .\....
00003078: 10100011 11001111 00001101 11000111 00111011 11011101  ....;.
0000307e: 10111011 01000111 01100000 11001110 00111010 11101101  .G`.:.
00003084: 01011010 10001110 10101010 10000010 01010001 10111101  Z...Q.
0000308a: 01011001 10101101 01110111 11101110 11000001 11100101  Y.w...
00003090: 01010110 01010001 11000100 01010010 10101110 11000001  VQ.R..
00003096: 10011111 01001100 10010111 10110111 10101001 00110100  .L...4
0000309c: 11011001 01101010 00111000 10001010 00011110 11001111  .j8...
000030a2: 01010010 01101001 10110010 11011001 10111111 01100000  Ri...`
000030a8: 11001111 10100110 01001011 11011011 01010100 01110001  ..K.Tq
000030ae: 00111011 11110111 11010000 01110001 00111000 00100110  ;..q8&
000030b4: 11111101 00111100 10110100 11011001 00111011 11011010  .<..;.
000030ba: 11110100 10000011 01110000 11001011 01100101 00011100  ..p.e.
000030c0: 01000101 00110111 11111010 01101100 10011101 11010001  E7.l..
000030c6: 11001110 11110000 01111011 00101101 11101110 11010100  ..{-..
000030cc: 01001011 01100101 01111100 01110011 10011110 11101000  Ke|s..
000030d2: 11011101 11011000 10011010 01101110 11111110 01110011  ...n.s
000030d8: 10001010 00011111 11101111 10000110 01011011 00111011  ....[;
000030de: 00000110 01111001 11010110 10111001 00001111 10011010  .y....
000030e4: 11010111 10111110 10011110 11110101 10010110 11011101  ......
000030ea: 11110000 11001011 01100010 10011010 11101100 00011001  ..b...
000030f0: 11110110 11111011 01111001 01101100 10101010 10110010  ..yl..
000030f6: 01010011 00000101 00110110 01010101 11110011 00100011  S.6U.#
000030fc: 11011011 00010010 10101101 01010111 01001010 10111110  ...WJ.
00003102: 01100010 10011010 10011101 10101010 11101001 01010111  b....W
00003108: 10001011 10110000 10010110 11010101 01110100 10110110  ....t.
0000310e: 01010101 01000001 00011101 10000110 01111011 10111010  UA..{.
00003114: 00100000 11101111 00001011 01101001 10110010 10101111   ..i..
0000311a: 10011001 00011110 11011000 10010101 01101010 10111010  ....j.
00003120: 01010101 11101010 11100001 01111010 10100111 01100101  U..z.e
00003126: 10101110 01010100 11010111 01001011 01101001 10001100  .T.Ki.
0000312c: 00110111 00110010 01001101 10010101 01111000 10111011  72M.x.
00003132: 00001001 01101101 01010111 01001010 10111110 01100010  .mWJ.b
00003138: 10011010 10011101 10101010 11101001 01010111 11001100  ....W.
0000313e: 10000100 00101101 10110101 01011101 00101101 10010101  .-.]-.
00003144: 11000010 00010010 01101111 01010111 00001000 01001001  ..oW.I
0000314a: 10111101 01011100 00100001 00100110 11001010 10111110  .\!&..
00003150: 01100100 01111011 01100010 01010101 01110010 10100110  d{bUr.
00003156: 10111010 01010101 11110011 00010100 11010100 11101101  .U....
0000315c: 01010111 01001011 01100101 01000000 10011011 11100111  WKe@..
00003162: 11001000 00010011 01111100 11111001 00000010 01101100  ..|..l
00003168: 10101011 11100110 00101001 10101001 11010111 00101010  ..)..*
0000316e: 01101011 10100101 01011110 01111101 10110100 00111110  k.^}.>
00003174: 11101101 01010111 01001011 01101001 11101100 01010001  .WKi.Q
0000317a: 11010101 00000001 11101110 01010000 11110111 10011110  ...P..
00003180: 11000100 11011001 01010111 11001100 10001111 01101100  ..W..l
00003186: 01001010 10110101 01011101 00101101 10010101 00000001  J.]-..
0000318c: 11101110 11111000 00100011 01110111 00100101 10101001  ..#w%.
00003192: 11001110 11011001 10001100 00011100 11010000 10111110  ......
00003198: 00001000 01111011 00101000 10010101 01111001 11110110  .{(.y.
0000319e: 11010000 11111011 10110101 01011101 00101101 10000100  ...]-.
000031a4: 11110101 01100010 00010111 01111100 00101110 11011000  .b.|..
000031aa: 11110111 11010100 11100100 10110001 11001110 10111001  ......
000031b0: 01010011 11011011 00110001 10000010 10001110 00100111  S.1..'
000031b6: 00111000 10100001 11111110 01101000 01011111 10011101  8..h_.
000031bc: 01101000 10101100 10010101 10011100 01101110 00011000  h...n.
000031c2: 10010110 11101100 00010111 11010111 01000111 00111011  ....G;
000031c8: 10110101 11101010 11001111 00100001 10101101 00010101  ...!..
000031ce: 01110011 01000010 11101101 11000110 10001000 11011101  sB....
000031d4: 11101111 01011001 01101101 11001101 00001011 11110101  .Ym...
000031da: 00101111 01001101 11101011 00111011 00010000 01110000  /M.;.p
000031e0: 01111011 10101000 00111010 00101111 01011001 11011000  {.:/Y.
000031e6: 00010001 10111101 11110101 11100000 10110011 11101110  ......
000031ec: 10010011 11001101 00111100 11001110 10111001 01010011  ..<..S
000031f2: 11110101 01010101 11011101 10011110 01000110 10000101  .U..F.
000031f8: 11111010 01100001 10111111 01100000 11001011 01100101  .a.`.e
000031fe: 00011101 01010101 00011100 01001111 10111110 00110110  .U.O.6
00003204: 00001110 11011101 00111000 01011100 10011011 11000000  ..8\..
0000320a: 11011110 10101011 10010011 00011011 10001101 01101100  .....l
00003210: 11010000 00010110 01101011 01000010 10111100 11111000  ..kB..
00003216: 10110111 11100110 10000101 11110011 10001010 00011111  ......
0000321c: 11110010 01111100 00010001 10111110 00111011 01011000  .|..;X
00003222: 00101011 10011111 11000010 11010100 10110110 01111101  +....}
00003228: 10111110 11011100 11111110 00010110 10100101 10110011  ......
0000322e: 10100111 10100110 11110110 01110111 11011110 11001001  ...w..
00003234: 01001100 00010100 11011110 10101000 00001111 01111101  L....}
0000323a: 00101110 11011001 00110111 10001001 11101010 11000100  ..7...
00003240: 00100111 10111100 00001101 11100100 00111100 00101110  '...<.
00003246: 11011010 11001110 01101000 01011010 10010110 11001110  ..hZ..
0000324c: 10011110 10011011 11011001 11011111 01111011 00100101  ....{%
00003252: 00110000 01010100 01110011 11111000 01011010 10010110  0Ts.Z.
00003258: 11001110 00101101 01011110 10011011 11011011 00110000  .-^..0
0000325e: 11101011 10010101 00111110 00000110 11100011 01100101  ..>..e
00003264: 01010111 00101011 10010110 01111010 11011000 10001011  W+.z..
0000326a: 01100011 01010001 11100100 10101110 00001000 11001010  cQ....
00003270: 01101011 10110000 01100111 10101001 00011001 10110010  k.g...
00003276: 11011101 11111011 10110000 01110011 01000010 11000101  ...sB.
0000327c: 01110011 11111000 01011111 10100110 00011011 11101010  s._...
00003282: 00101010 11000110 00001011 10010101 00111110 11100101  *...>.
00003288: 11001101 00001011 10110111 11000011 01100000 10101110  ....`.
0000328e: 10101000 00000001 01000111 01010100 00001010 00111100  ..GT.<
00003294: 10010101 00000010 10001111 00111111 00100001 00111101  ...?!=
0000329a: 11000100 01010011 01111111 01101100 01000111 00111000  .S.lG8
000032a0: 11011101 11010000 01111011 00111011 01000111 11010011  ..{;G.
000032a6: 00100001 10011110 11110101 10010110 11011100 11010000  !.....
000032ac: 10111110 01110001 01000011 11101111 01110001 00010100  .qC.q.
000032b2: 10101001 11101110 10110000 11111011 01111101 10111100  ....}.
000032b8: 10100111 10011110 10001111 10110000 10111010 01000011  .....C
000032be: 01010011 11001110 10100101 10110000 10001010 01010101  S....U
000032c4: 11010000 10111010 01101001 10000010 10100100 01101011  ..i..k
000032ca: 10001110 11110111 01000010 11011111 10001001 11110111  ..B...
000032d0: 10000010 01010001 10111001 11000101 00001111 11111011  .Q....
000032d6: 10001101 11101110 11001010 01101111 11011111 10001011  ...o..
000032dc: 00011101 11100001 01101101 11101110 00110111 00110100  ..m.74
000032e2: 00101101 01001011 01100111 10100110 00001000 10010011  -Kg...
000032e8: 11001010 10110011 10100001 11111111 10101010 10100000  ......
000032ee: 11101100 11110110 10111001 01010011 10101010 00111100  ...S.<
000032f4: 11001000 01011011 00001110 10011011 00101010 11111001  .[..*.
000032fa: 10001010 01101010 01110110 10101011 10100101 01011110  .jv..^
00003300: 10101110 00010111 10101010 01110110 01011010 11100101  ...vZ.
00003306: 01001101 01110100 10110110 10011110 11000100 11011111  Mt....
0000330c: 00110010 00010110 11000011 10100110 11111001 10010000  2.....
00003312: 10110110 00011101 00110111 11001100 10000101 10110000  ..7...
00003318: 11101001 10110010 10101111 10011000 11011010 00010000  ......
0000331e: 10110100 11110111 10011001 10111101 00100001 10101010  ....!.
00003324: 11101001 01010111 11001111 00111111 00000011 10100011  .W.?..
0000332a: 10101111 00111100 11010111 00101010 01101011 10100101  .<.*k.
00003330: 10110010 10100000 01001101 11101010 10000001 00110110  ..M..6
00003336: 01011011 00101011 10100001 11011001 11010111 00111010  [+...:
0000333c: 01101100 10110110 01010111 00000100 01100001 01010010  l.W.aR
00003342: 11011010 01111101 01101100 11100110 10000101 11110001  .}l...
00003348: 01100101 10101110 01000011 11100110 10110101 11100111  e.C...
0000334e: 11111011 11000001 00100000 10101001 01101100 00100111  .. .l'
00003354: 01001010 10011110 11101000 11111010 01011101 10101110  J...].
0000335a: 01010100 11110100 11100111 00010101 11101001 00000110  T.....
00003360: 11111010 10001111 01011010 00011101 10111111 01001101  ..Z..M
00003366: 01110110 10001111 01101100 11010000 11101011 11001111  v.l...
0000336c: 01010110 01010001 00101101 10010101 00000001 11101110  VQ-...
00003372: 11000000 10001100 10100110 10111001 01011100 01111100  ....\|
00003378: 10100011 11001111 01100001 11111110 11101100 01100101  ..a..e
0000337e: 00110101 11101001 10001001 10110010 11011000 11111000  5.....
00003384: 10110110 11101111 10100101 11011001 11101111 00110011  .....3
0000338a: 01111011 01111001 11100001 00101011 11010010 00001101  {y.+..
00003390: 01000111 01010110 00001011 11101011 11010110 11001101  GV....
00003396: 10101110 11000001 11100001 01110110 11100011 01011110  ...v.^
0000339c: 11011010 01101111 01010110 01100011 01011100 10101001  .oVc\.
000033a2: 10100011 11001100 10000100 00101101 11011011 11111011  ...-..
000033a8: 10110111 00101000 01101111 01011011 00111100 10010011  .(o[<.
000033ae: 10111111 00000101 10111110 01011000 01100101 10111001  ...Xe.
000033b4: 11101111 01101000 10101001 00001001 10101110 00111111  .h...?
000033ba: 10101010 00101010 11000010 01100001 01010010 11011000  .*.aR.
000033c0: 11111111 00010000 00011110 11111010 10001011 01011000  .....X
000033c6: 11001111 01110111 00100110 11100110 10100011 10101011  .w&...
000033cc: 00000110 01011011 00010100 11010111 00101000 11101101  .[..(.
000033d2: 01111010 10110010 10001001 01101101 00110000 11000011  z..m0.
000033d8: 00111101 11011111 01001011 10110101 00011101 01011100  =.K..\
000033de: 00010001 10111010 01011011 00111001 10100001 01111111  ..[9..
000033e4: 01111000 10111001 01010010 00101011 10011111 11000010  x.R+..
000033ea: 11111110 10000010 00010110 11101101 11111110 10011111  ......
000033f0: 11001100 10011101 11101010 11001111 00000011 00001101  ......
000033f6: 11101010 00110111 00011011 00110001 10111100 00101101  .7.1.-
000033fc: 10111100 10001101 00000101 10111110 01011011 10111111  ....[.
00003402: 01110010 11011110 00011111 11101000 01011011 11111101  r...[.
00003408: 11100001 11110010 11101001 11101101 00010011 10110011  ......
0000340e: 11000001 00110100 01110011 01000010 11101101 11001111  .4sB..
00003414: 00100011 10101110 10000100 11011111 01001101 10011001  #...M.
0000341a: 10111101 00010010 11011000 11111110 00010110 10100001  ......
00003420: 11101100 11100000 10011011 11110100 11101110 10000110  ......
00003426: 11110000 00110111 01101011 11010101 10011101 10100011  .7k...
0000342c: 11001110 01110010 00010111 01100000 10111110 10011110  .r.`..
00003432: 11100000 10000111 10110000 10010100 01101110 01101000  ....nh
00003438: 01011000 10101001 01101101 00111111 01010101 10110000  X.m?U.
0000343e: 01010101 01010101 00010010 10101111 10011001 00011110  UU....
00003444: 11011000 10010101 01101001 11101111 01001101 10010110  ..i.M.
0000344a: 01001101 10101010 11101001 01101100 01111100 01011011  M..l|[
00003450: 01110111 11110011 10000010 00011110 11001110 11010001  w.....
00003456: 11110100 10000111 10100010 11011101 10000010 11111010  ......
0000345c: 11110101 01000101 01011000 01001101 00110111 10011111  .EXM7.
00003462: 11000010 11111000 11110000 10110111 01101111 11101101  ....o.
00003468: 10000011 11011101 10110011 10100001 01111100 10011101  ....|.
0000346e: 01110001 11111100 11101000 11001010 10111000 11010001  q.....
00003474: 01101111 00101010 10110010 10001111 00111110 11110101  o*..>.
0000347a: 10010001 11001110 01001101 11000101 01111001 11110111  ..M.y.
00003480: 11010100 00010001 01100011 01001101 11110011 11101110  ..cM..
00003486: 11101011 11010101 10010110 10111000 11100111 00001010  ......
0000348c: 11101010 10010110 11111010 10001010 10110001 10000010  ......
00003492: 11100101 01001100 11011001 01101100 00100111 11011110  .L.l'.
00003498: 00001001 01000110 11101100 00010111 00100011 10111110  .F..#.
0000349e: 10100010 10001001 01101100 01111101 01000010 11100010  ..l}B.
000034a4: 01110100 01101110 11101100 01001101 00110111 00111000  tn.M78
000034aa: 10100001 11111110 11000001 10011100 10010010 10101100  ......
000034b0: 11110000 00110111 10101000 11011100 01110000 01001010  .7..pJ
000034b6: 10100111 01011110 00001000 01010100 10110110 00010111  .^.T..
000034bc: 00101010 01111011 11001100 10000101 10110000 11101010  *{....
000034c2: 00100101 10110100 11001101 11101101 11100110 01000010  %....B
000034c8: 11011000 01110101 00010010 10101111 00111110 10111011  .u..>.
000034ce: 00010000 10110101 11011000 00101101 00001000 11010101  ...-..
000034d4: 11010010 11011000 01001111 00111010 11001000 01101110  ..O:.n
000034da: 11000000 10001101 11001101 00001011 11101100 10000111  ......
000034e0: 01100111 01100000 10111110 10111000 11001000 01111010  g`...z
000034e6: 00101101 11010011 01011101 00111011 01000001 11011000  -.];A.
000034ec: 01011110 00000110 11110101 00011011 11010011 01100100  ^....d
000034f2: 01101011 10110010 11110111 11001010 00100101 10110010  k...%.
000034f8: 10110000 00100001 00011101 10101001 10110010 10101111  .!....
000034fe: 00010111 01100001 00101101 01110010 10100110 10111010  .a-r..
00003504: 01011011 00011111 11000010 11111110 11110111 11011100  [.....
0000350a: 10010100 01101111 10100111 00100001 10111011 00000110  .o.!..
00003510: 01111101 11101100 10010100 11000001 00001010 10010110  }.....
00003516: 11000010 00110010 10011010 11110000 01011110 10100011  .2..^.
0000351c: 01110110 10001101 10110111 10001110 11101011 11101001  v.....
00003522: 10101000 11110011 11011000 01111111 10001111 00010101  ......
00003528: 01100111 10000010 10011011 00101010 11111001 10010001  g..*..
0000352e: 11101101 10001001 01010110 10101011 10100101 10110001  ..V...
00003534: 11110001 01101101 11011000 00101111 10101111 01111101  .m./.}
0000353a: 00010010 10001101 11101101 01111010 01000001 10100110  ...zA.
00003540: 11110011 11111000 01011111 01111111 00101101 10011110  .._.-.
00003546: 10101100 01000010 01101110 11010001 11000111 00000100  .Bn...
0000354c: 10110101 00111001 11101110 01001111 01111101 00111111  .9.O}?
00003552: 00010110 11011111 11101111 01100100 01111100 10011110  ...d|.
00003558: 11110010 10101100 10000100 01011001 01101110 00110011  ...Yn3
0000355e: 10001101 01110010 10100110 10001110 10101100 00001000  .r....
00003564: 11001010 01101011 10111110 00001000 11011101 00011100  .k....
0000356a: 11101110 11000001 10011110 00011000 00110010 11011100  ....2.
00003570: 11100010 10111101 00100000 11011010 11111011 11011111  .. ...
00003576: 01111010 00100101 10110001 11111110 00100000 00111101  z%.. =
0000357c: 11101101 01111010 01000001 10111101 01101100 00011010  .zA.l.
00003582: 00101101 10011101 10000011 00001101 11101011 00101110  -.....
00003588: 11011010 01101111 01110010 01101000 11100011 00111001  .orh.9
0000358e: 00101010 11001010 00100101 10110010 10110000 00100011  *.%..#
00003594: 00101001 10101110 01010000 11011101 10000011 00111100  ).P..<
0000359a: 11101000 10111001 00110101 00011101 01010000 00100110  ..5.P&
000035a0: 11001011 01100101 01110100 10111011 01010001 11010101  .et.Q.
000035a6: 11000011 00101101 10011101 00101101 10011100 11010000  .-.-..
000035ac: 10111111 01001100 01011100 10101001 00010101 11010101  .L\...
000035b2: 10000011 00111001 01100100 11110001 01100101 00110101  .9d.e5
000035b8: 11100000 11110110 01011011 10110000 01100101 10110010  ..[.e.
000035be: 10001001 01101100 10101111 10001110 01110011 11011100  .l..s.
000035c4: 01001110 00001000 01111011 00111011 01000111 11010010  N.{;G.
000035ca: 00011110 11001111 01010001 10111010 01101011 01010100  ..Q.kT
000035d0: 01001011 01100101 01110000 01000110 11100111 01011100  KepF.\
000035d6: 10110111 11110000 00110111 00111000 10101111 01001000  ..78.H
000035dc: 00110111 01001011 01100111 00110100 00101100 01010100  7Kg4,T
000035e2: 10110110 01010100 00101100 11110000 00110111 01001110  .T,.7N
000035e8: 01110101 11001011 01111010 00100101 10110100 11001011  u.z%..
000035ee: 10100001 11111111 10111100 00111110 01010100 01111001  ...>Ty
000035f4: 10010111 01000011 11111111 01111000 01111100 10011110  .C.x|.
000035fa: 11110101 10010010 10110001 10011110 11110011 10011101  ......
00003600: 10001001 10101100 10100011 10001001 11101011 01100011  .....c
00003606: 10101111 10000111 10110011 11011101 10010100 11010111  ......
0000360c: 00001100 01000111 00110000 00011011 10110100 01111010  .G0..z
00003612: 01110001 10111011 01000111 10010001 11000101 00001111  q.G...
00003618: 11111101 01000101 01011001 00000101 10011110 00001111  .EY...
0000361e: 01100101 10111010 01110111 01000001 01010011 11100111  e.wAS.
00003624: 01100101 10101101 01111000 11011111 11000000 11011101  e.x...
0000362a: 10101111 01010110 01010001 11100111 10000001 01111010  .VQ..z
00003630: 01101110 00111010 00111001 11011110 10101100 11110000  n:9...
00003636: 11101101 11110110 00011001 00110100 00010111 10000010  ...4..
0000363c: 11001101 11101000 11110010 10101111 01010101 10100010  ....U.
00003642: 11101001 00001101 01010111 01001011 01100001 00111110  ..WKa>
00003648: 11110000 01001010 00110111 01111101 00001001 10111011  .J7}..
0000364e: 01000111 10110010 11110100 00011110 11100100 11010001  G.....
00003654: 11010011 11001110 00000011 01101010 11100011 10100011  ...j..
0000365a: 10111101 10110001 11001000 11010111 10000010 11010000  ......
00003660: 01011110 01110101 00011100 01000101 00101010 11100101  ^u.E*.
00003666: 00001101 11100101 10010101 01000011 01011110 00001001  ...C^.
0000366c: 00011100 11100011 01111011 01100010 01101110 01101110  ..{bnn
00003672: 00110100 01011011 10100111 00011110 00101010 10101010  4[..*.
00003678: 11101101 01010110 00010011 01111000 00011001 11101110  .V.x..
0000367e: 10110000 01111011 10110000 01011111 01011111 01101111  .{.__o
00003684: 10110111 11110011 11110010 01010010 01010111 01100101  ...RWe
0000368a: 11101111 10011110 11011000 10001110 01110001 10111100  ....q.
00003690: 10101111 10101110 11000001 10011101 11111000 10110110  ......
00003696: 11111100 01000101 00101010 11101110 10001000 00111010  .E*..:
0000369c: 11100101 01001111 00011010 00101101 01000111 10011111  .O.-G.
000036a2: 10010010 10010010 10111011 00101111 01111100 11011011  .../|.
000036a8: 11101101 11100110 00011000 01100111 10111011 00000010  ...g..
000036ae: 00110111 10111110 10111010 11001001 11110100 00100110  7....&
000036b4: 11001101 11111100 10100111 00000001 10110101 01110001  .....q
000036ba: 11010001 11011100 01111000 00100110 01000001 11011010  ..x&A.
000036c0: 10001111 00110000 11000011 00111101 11011111 00000100  .0.=..
000036c6: 01101110 10010110 11001110 01101000 01011111 11011110  n..h_.
000036cc: 00101110 01010100 10001010 11101010 10000111 00100001  .T...!
000036d2: 10011110 11110000 01110010 00011010 10001110 10101011  ..r...
000036d8: 11000110 01010011 01011100 01011010 10111101 00110111  .S\Z.7
000036de: 10101100 10000011 10011101 11100100 10111001 11011101  ......
000036e4: 00111011 10101110 11001100 11101100 11101000 01011011  ;....[
000036ea: 11110110 01000011 10110011 10110000 01011111 01011110  .C.._^
000036f0: 00001011 00111110 10011011 00100111 01110100 01101110  .>.'tn
000036f6: 10011101 10101111 01010110 01010001 11010101 11110011  ..VQ..
000036fc: 11011011 00010001 11001110 00110111 11010000 01000010  ...7.B
00003702: 11011101 10111111 10100111 00011011 10110100 01111001  .....y
00003708: 00011100 01010000 11111111 11000100 00011100 00111100  .P...<
0000370e: 00110000 01100101 10111000 11010111 10110110 10011011  0e....
00003714: 10100110 10111000 11010110 10111110 00010110 11111010  ......
0000371a: 11110001 01101111 00111011 00001011 11001110 01000111  .o;..G
00003720: 01101010 10001110 00100010 10010101 01111000 00101110  j.".x.
00003726: 11000001 10011110 11010000 10011011 11110100 11101110  ......
0000372c: 10000110 01111011 11001010 10110010 11011011 10001001  .{....
00003732: 11000101 10101011 11010011 01110111 01000001 11101100  ...wA.
00003738: 11110110 11000001 11110010 11100111 10101110 01010100  .....T
0000373e: 11110001 11010010 11011011 11101011 11101101 11110110  ......
00003744: 11111100 01000101 00110111 11110110 11000100 01110011  .E7..s
0000374a: 10001101 11011101 00000111 10110011 10110100 01111101  .....}
00003750: 00110010 00011001 11101111 01011001 01101101 11110110  2..Ym.
00003756: 11111011 01111001 00101010 10100000 10010100 01101111  .y*..o
0000375c: 10111100 01110110 00000100 01101001 10111101 01011000  .v.i.X
00003762: 00010001 10010100 11010111 10101000 11011101 10010010  ......
00003768: 11101110 10011011 11010101 10000001 00011001 01001101  .....M
0000376e: 01111010 10001101 11100111 01100101 10110101 00000100  z..e..
00003774: 10001110 11101100 10010111 01110101 00011100 11111110  ...u..
0000377a: 00010110 10100101 10110011 11010011 00000100 01001001  .....I
00003780: 11100100 11011000 10010110 11110111 01101111 00000011  ....o.
00003786: 00001101 01000111 00010011 11101111 00000100 10100011  .G....
0000378c: 01111010 01101110 01111011 00111100 11101100 10110101  zn{<..
00003792: 01010111 11010110 10101111 00000101 11110110 11111011  W.....
00003798: 01110101 01110000 01000110 11101001 01101100 11100110  upF.l.
0000379e: 10000101 11111010 01100000 10001001 00111110 11110001  ..`.>.
000037a4: 11011111 10111011 00000111 10010011 00000010 00110000  .....0
000037aa: 10101111 00110000 11000011 00111101 11001010 00011111  .0.=..
000037b0: 10100011 11001111 01100011 10111110 10000110 10100011  ..c...
000037b6: 11001111 01100010 01101111 10011110 11000100 11011111  .bo...
000037bc: 00111101 10000111 10111001 01000100 11011111 00111101  =..D.=
000037c2: 10001010 00111100 11110110 00011110 11100101 00001111  .<....
000037c8: 01110010 10001010 00111100 11110110 00100110 11110101  r.<.&.
000037ce: 01000000 10011011 00101010 11111001 10001101 10100001  @.*...
000037d4: 11110111 01101010 10111010 01010101 11100010 11101100  .j.U..
000037da: 00100101 10101110 01010100 11010111 01001010 10111110  %.T.J.
000037e0: 01100010 10011010 10011101 10101010 11101001 01101101  b....m
000037e6: 00110000 10111011 11011100 01011001 01101011 10010000  0..Yk.
000037ec: 11111001 10101101 01001101 10010110 11000010 00110111  ..M..7
000037f2: 01100100 01110001 11011010 10011011 00101101 10001111  dq..-.
000037f8: 11110001 00000001 11101111 01110110 01010011 01011110  ...vS^
000037fe: 10011100 01100110 10111001 01010011 11000010 11110101  .f.S..
00003804: 01110110 10001111 10100000 01011011 01110101 11001110  v..[u.
0000380a: 11101100 00001000 11001010 01101011 10110000 01100111  ...k.g
00003810: 01101011 01011100 01110011 10101000 10010101 01111100  k\s..|
00003816: 11001000 11110110 11000100 10101011 01010101 11010010  ....U.
0000381c: 10101111 10011001 00011110 11011000 10010101 01011100  .....\
00003822: 10101001 10101110 10010110 11001010 10000001 00110110  .....6
00003828: 01010101 11101010 11000000 10111101 11110101 01011101  U....]
0000382e: 00101010 11111001 10001101 10100001 00001011 01010101  *....U
00003834: 11010010 10101111 00010111 01100001 00101101 10101010  ...a-.
0000383a: 11101001 01010111 10001011 10110000 10010110 10111001  .W....
00003840: 01010011 01011101 00101101 10010101 00001110 01000011  S]-..C
00003846: 00111101 11001101 00001011 11101100 11111100 00111101  =....=
0000384c: 11000011 00010010 11011011 11110001 10100010 11011101  ......
00003852: 10000011 00111110 01001111 00011011 10110100 11011110  .>O...
00003858: 00100010 10001110 01110111 01100100 00111011 00111000  ".wd;8
0000385e: 11101001 01101100 11110000 00110111 01100000 11001111  .l.7`.
00003864: 10111101 10010010 10011000 00101010 00100101 01011111  ...*%_
0000386a: 00111111 10001110 00010001 01110010 10100110 10111010  ?..r..
00003870: 01011011 00001011 10101011 00101001 10110010 10101111  [..)..
00003876: 10011000 10100110 10100111 01011100 10101001 10101110  ...\..
0000387c: 10010101 01111100 11001000 11110110 11000100 10101010  .|....
00003882: 11100101 01001101 01110100 10101011 11000101 11011000  .Mt...
00003888: 01001011 01011100 10101001 10101110 10010101 01111100  K\...|
0000388e: 11001000 11110110 11000100 10101011 01010101 11010010  ....U.
00003894: 10101111 00010111 01100001 00101101 10101010 11101001  ..a-..
0000389a: 01010111 10001011 00010000 10011010 11100101 01001011  W....K
000038a0: 11011111 01010111 10100100 00110101 01011101 00101010  .W.5]*
000038a6: 11110101 01110000 10111101 01010011 10110010 11011010  .p.S..
000038ac: 10101110 10010101 01111000 10111011 00001001 01101101  ..x..m
000038b2: 01010111 01001011 01100011 11111000 01011111 11011110  WKc._.
000038b8: 11111011 11111011 10110100 11011001 01101100 01111111  ....l.
000038be: 00001011 11110110 11001101 00001110 10111100 11011111  ......
000038c4: 11010101 10010011 01111001 11111100 00101101 01001011  ..y.-K
000038ca: 01100111 01001010 10010010 01111001 10101110 01010100  gJ.y.T
000038d0: 11010001 11001111 11100001 01101010 01011011 00111110  ...j[>
000038d6: 11011111 01101110 01111111 00001011 01010010 11011001  .n..R.
000038dc: 11011111 10000010 11011111 00101100 00110010 11011101  ...,2.
000038e2: 01000111 10010001 11111100 00101101 01001011 01100101  G..-Ke
000038e8: 00010100 01010001 11010011 10111010 11101100 11001110  .Q....
000038ee: 11001110 10110010 10001011 00110000 01000110 11110001  ...0F.
000038f4: 00111100 01111000 10001010 00111001 11011101 00110111  <x.9.7
000038fa: 10101010 11101101 01000111 00111110 00101101 10111011  ..G>-.
00003900: 00000110 00011011 11101111 10011001 10111111 10111110  ......
00003906: 10111101 00110110 11000100 01100111 10111010 00010110  .6.g..
0000390c: 11111110 01001100 00010111 00101100 11100001 10001001  .L.,..
00003912: 01100110 11110111 11010111 10011100 10111011 01100101  f....e
00003918: 00011100 01001110 10010101 01111100 01101100 10110001  .N.|l.
0000391e: 00100011 10011100 01101111 01110010 11100110 10000101  #.or..
00003924: 11011011 11101111 10010101 10011010 10001111 00101010  .....*
0000392a: 11110011 11101011 10110001 00101101 10101110 11000001  ...-..
00003930: 01101000 01000110 10101110 10010110 11010011 11100010  hF....
00003936: 11011111 10111110 00011001 01101100 11101111 11000010  ...l..
0000393c: 11011101 10111111 01001111 01011010 11001000 01111011  ..OZ.{
00003942: 00111001 11000101 01111010 01000001 10111101 01101100  9.zA.l
00003948: 11101111 11011101 10000010 00010110 11011100 00101111  ...../
0000394e: 10101110 01010001 01011001 11011001 11110100 11011001  .QY...
00003954: 10011011 10001010 10010110 11000010 01110000 10001001  ....p.
0000395a: 11011001 11001101 00001011 11100001 10001001 01101101  .....m
00003960: 11111011 00000010 00110101 00011110 01100100 00110011  ..5.d3
00003966: 10001110 10001110 01110110 01101111 11101010 11001110  ..vo..
0000396c: 10011100 10100010 10110011 10110011 11101001 10110011  ......
00003972: 00110111 10100011 11001100 10000110 01110110 00001011  7...v.
00003978: 10010001 11011100 01000101 00101010 11101001 11100101  ..E*..
0000397e: 10100110 11001100 11011110 10001001 01101100 10101100  ....l.
00003984: 00011001 11101011 00100011 00110011 10110011 11011111  ..#3..
0000398a: 01011101 11111000 00101010 00111001 11111100 00101111  ].*9./
00003990: 11010100 10000110 11110110 11001010 10100000 11110110  ......
00003996: 01110011 01000010 11101101 11000011 00011101 01010110  sB...V
0000399c: 00110011 11011110 10011000 10001101 11111100 11001101  3.....
000039a2: 11101101 11100111 10000100 10101111 01001000 00110101  ....H5
000039a8: 00010010 11011000 01011100 00000111 10111001 01000101  ..\..E
000039ae: 00010010 11011001 01011100 00001101 11001010 00011000  ..\...
000039b4: 01010100 10110110 00010011 10000010 00011110 11001110  T.....
000039ba: 00011000 11101010 10110001 10111000 00100101 11101101  ....%.
000039c0: 01000100 10110110 00010110 00111011 00010011 01011001  D..;.Y
000039c6: 01000111 00010011 10111111 00001011 01110110 11101010  G...v.
000039cc: 01101001 10111011 10100010 00001110 11101011 10011101  i.....
000039d2: 00000101 11011000 00110011 10001100 10000011 11100111  ..3...
000039d8: 10000001 10111101 01000110 11110110 11001101 00001110  ..F...
000039de: 10111100 10110101 00010010 11011010 01111011 00001111  ....{.
000039e4: 01110010 10000111 10111001 10100001 01111101 11111000  r...}.
000039ea: 01011011 10110111 00100101 00011011 11101101 11110110  [.%...
000039f0: 11101010 01101001 10101000 10010110 11000111 11000101  .i....
000039f6: 10110111 00001000 01111111 10111111 01110111 00111011  ....w;
000039fc: 10011010 00010111 11001110 10111110 10110101 11101010  ......
00003a02: 11000001 01010010 11011001 01011100 00010001 10000101  .R.\..
00003a08: 01110101 01100000 01000110 11101111 10100110 10001001  u`F...
00003a0e: 01000110 11110111 00101110 11000001 10011100 01011011  F....[
00003a14: 00010101 10111110 11111001 10100001 11101101 01111001  .....y
00003a1a: 11001101 01111000 00101010 00100101 10110100 11111100  .x*%..
00003a20: 10000110 10101101 10011110 11101100 10100110 10111010  ......
00003a26: 01111001 11011001 01100011 10101000 10010110 11010011  y.c...
00003a2c: 11011000 01111011 11011101 10010100 11010111 11011111  .{....
00003a32: 00110100 11010111 00100011 01010001 11010101 00000001  4.#Q..
00003a38: 11101110 01101000 01011111 10101001 01111010 01101110  .h_.zn
00003a3e: 01110001 01000011 11111100 00100001 11111111 01110110  qC.!.v
00003a44: 11110100 11000110 01101010 10001111 00111110 11110011  ..j.>.
00003a4a: 10101101 01110010 00011111 00110101 10101110 11101000  .r.5..
00003a50: 00011100 11101100 11011111 11011100 10111100 10010011  ......
00003a56: 10110100 00111111 10010110 11101000 01011011 11111010  .?..[.
00003a5c: 11011001 10101100 01101111 01011000 11011101 00111110  ..oX.>
00003a62: 11110110 01001010 01100000 10111101 11110101 11101101  .J`...
00003a68: 10011010 00011101 01111001 10111111 10101100 01101110  ..y..n
00003a6e: 10011110 10110101 10010000 11110110 01110011 10001010  ....s.
00003a74: 11110100 10000011 00111101 11010000 10110111 11101100  ..=...
00003a7a: 00011000 01011110 01001100 00011000 01101111 10100000  .^L.o.
00003a80: 01001011 01100111 01101011 00101111 00111011 10100000  Kgk/;.
00003a86: 11110110 00101001 10101110 00110101 11101101 10100110  .).5..
00003a8c: 11100111 01011111 01011010 10100010 01011011 01001100  ._Z.[L
00003a92: 00101010 10101000 01010111 01010111 10111011 00000111  *.WW..
00003a98: 10011001 00001011 01100001 11000010 10111001 11111100  ..a...
00003a9e: 00101111 10110000 01011100 10001110 11011011 11101101  /.\...
00003aa4: 11010101 11010010 11101101 01000111 01010111 01001011  ...GWK
00003aaa: 10110101 00011100 11111110 00010111 11011000 00101110  ......
00003ab0: 01000111 01110110 00000100 01101111 00110010 00010110  Gv.o2.
00003ab6: 11000011 10111101 11110101 11001101 00001011 11110010  ......
00003abc: 01101011 00101111 00111011 10100000 11110110 00001010  k/;...
00003ac2: 10010110 11001010 11111000 11100111 00111101 11001101  ....=.
00003ac8: 10011010 10100010 01010101 11101010 10110100 01011101  ..U..]
00003ace: 00100001 01110010 10100110 10111010 01011011 00011111  !r..[.
00003ad4: 11000010 11111011 00000101 11001000 11101111 00110010  .....2
00003ada: 00010110 11000011 10111101 11110101 11001101 00001011  ......
00003ae0: 10110111 01101011 00101111 00111011 10100000 11110110  .k/;..
00003ae6: 01001101 10010110 11001010 11100000 10001101 11101111  M.....
00003aec: 10101111 10101000 11100011 00101100 10001000 11000010  ...,..
00003af2: 10100101 10110010 10101111 00011001 01001101 01110001  ....Mq
00003af8: 01101010 11110100 11011111 01001000 01101110 00100010  j..Hn"
00003afe: 10010101 01110010 10000110 11100110 10000101 11011011  .r....
00003b04: 10110101 11100111 01100011 11011110 00001110 01000011  ..c..C
00003b0a: 00001010 10010110 11001010 10000011 01110001 11100001  ....q.
00003b10: 01110110 11010110 00111101 11001101 00001011 11101001  v.=...
00003b16: 01101100 10100011 10011111 11000010 11010100 10110110  l.....
00003b1c: 01111010 10001101 11101101 10011010 00011101 01111001  z....y
00003b22: 01101010 00111100 11110110 00011111 11111011 01111101  j<...}
00003b28: 10111100 11110110 00011111 11110110 11001010 10100000  ......
00003b2e: 11110110 01110011 01000010 11101101 11100100 00011000  .sB...
00003b34: 11101010 10110001 10101000 10010110 11001010 10111000  ......
00003b3a: 10000011 10101000 11100010 01111011 01100010 00111001  ...{b9
00003b40: 11000110 11111011 11000001 00101000 11011101 10000010  ...(..
00003b46: 11100100 01110111 01100000 10111110 10111101 11110101  .w`...
00003b4c: 11010011 11010011 00010001 10111111 10111110 11111000  ......
00003b52: 10010100 01001011 01101001 11100000 01011110 10011011  .Ki.^.
00003b58: 10110010 00011101 10011110 00000110 00011011 10110000  ......
00003b5e: 01100111 00001100 01110101 01011000 11010100 01001011  g.uX.K
00003b64: 01100001 00010100 10101011 10010100 00110111 10100110  a...7.
00003b6a: 00101110 01010100 11110110 10001010 00100101 10110010  .T..%.
00003b70: 10110010 00011101 10011110 00011011 11000000 11000011  ......
00003b76: 01010001 00101101 10100111 10110001 00110110 01011011  Q-..6[
00003b7c: 01001111 01100001 11111001 10110010 11011001 01010000  Oa...P
00003b82: 11100100 00110100 11011111 00111100 10010011 01000110  .4.<.F
00003b88: 10100011 11001111 10110101 11001101 00001011 11100011  ......
00003b8e: 11000101 01010101 00100001 01101111 01000111 00111111  .U!oG?
00003b94: 10000101 11011011 11001100 00101111 01001000 00010110  .../H.
00003b9a: 01101011 01010100 01001011 01100011 11111000 01011110  kTKc.^
00003ba0: 11011111 01101110 01111111 00001011 01010010 11011001  .n..R.
00003ba6: 11010011 01101111 10110111 01000010 11110001 01101010  .o.B.j
00003bac: 01110010 10001001 01101100 10101000 00001111 01110011  r.l..s
00003bb2: 01000010 11111011 11111001 01101100 11111001 00111100  B..l.<
00003bb8: 01100111 01100000 11101101 01110010 10100111 10001011  g`.r..
00003bbe: 00101101 01110010 00011111 00111001 11110100 00010010  -r.9..
00003bc4: 11010101 01011100 10101001 10100010 01011011 00101011  .\..[+
00003bca: 11100011 10011100 11110111 00110110 01101001 11101110  ...6i.
00003bd0: 10000011 10110010 11010001 11001110 00110101 00011101  ....5.
00003bd6: 01010000 00011110 11100101 00010100 01110101 01100000  P...u`
00003bdc: 10111110 10111101 11110101 11010001 11001110 11101111  ......
00003be2: 11011010 00001010 10011010 00111001 11111100 00101101  ...9.-
00003be8: 01001011 01100111 00101000 01101111 10100101 11001110  Kg(o..
00003bee: 10011101 00011010 11001101 11111100 10011010 00111101  .....=
00003bf4: 01101100 11101000 01011110 00101101 01001110 01010001  l.^-NQ
00003bfa: 00101010 11111001 10011011 11010010 00011010 10101110  *.....
00003c00: 10010110 11000010 11001011 01011100 10000111 11001101  ...\..
00003c06: 01101001 11101110 00100111 01111101 00110101 11110101  i.'}5.
00003c0c: 10000100 11011101 10100011 11011011 00110100 00111010  ....4:
00003c12: 11110011 10011010 00010111 11101011 00011011 10101010  ......
00003c18: 11100010 11011011 11111001 11111101 00101100 00101111  ....,/
00003c1e: 00101101 00010011 01110111 10111100 00011100 10000110  -.w...
00003c24: 00010101 11100110 00011001 11101111 10101110 11000001  ......
00003c2a: 10011110 01010000 01011001 11011111 00001000 11101111  .PY...
00003c30: 10100001 00110110 10111011 01000111 10101001 00101101  .6.G.-
00003c36: 01100011 01110011 01000010 11101000 10010110 11001010  csB...
00003c3c: 11000001 10000101 11011111 00000011 01111101 11101111  ....}.
00003c42: 10111001 00101000 11011100 00110011 10001111 00010101  .(.3..
00003c48: 01100111 10110110 01101000 01110101 11100111 10101011  g.hu..
00003c4e: 00000101 01001011 01101001 10001100 01000110 11111100  .Ki.F.
00003c54: 01011110 01011110 01101001 10101111 00000101 01000111  ^^i..G
00003c5a: 00111111 10000101 11111101 00000100 00101101 11011011  ?...-.
00003c60: 11110100 11010001 11011100 00101111 01010111 01100000  .../W`
00003c66: 01000110 11101111 10000110 00010111 01111111 00111101  F....=
00003c6c: 00111000 11011101 10000011 00101101 10010100 01001011  8..-.K
00003c72: 01100011 11100010 11011011 10001001 11000001 00001111  c.....
00003c78: 01100111 01101000 11110101 10110011 11011011 00110100  gh...4
00003c7e: 00111010 11110011 01111111 01011000 11011110 10100011  :..X..
00003c84: 01110110 10110010 11110011 10111010 00001111 01100011  v....c
00003c8a: 11011100 10100001 10111101 01100011 01111101 01000101  ...c}E
00003c90: 01011001 11100111 01011010 10011100 11101000 01011011  Y.Z..[
00003c96: 11110000 10111110 10110110 11111011 01111001 00000101  ....y.
00003c9c: 11110101 11100111 01100011 01010001 00101101 10100110  ..cQ-.
00003ca2: 01100011 11010100 10110001 11000011 10001101 00010110  c.....
00003ca8: 11100101 00010101 10011101 10011111 01001101 10011001  ....M.
00003cae: 10111101 00010010 11011000 11111110 00010110 10100101  ......
00003cb4: 10110011 10010100 00110111 10101001 00001110 10111001  ..7...
00003cba: 01010011 11101010 00110111 00010110 11000101 01101110  S.7..n
00003cc0: 10000100 01101111 10001001 10101011 11100101 10101000  .o....
00003cc6: 10010110 11000010 00101001 01010111 11010100 01011010  ..)W.Z
00003ccc: 11000110 01111011 11010110 01011011 01110011 01000010  .{.[sB
00003cd2: 11101101 11000101 10110001 01011011 11011111 01011100  ...[.\
00003cd8: 10100001 10111101 01000110 11110011 10101101 00010101  ..F...
00003cde: 10011101 10010101 01010001 11001111 11100001 01111100  ..Q..|
00003ce4: 01110100 00101110 11011000 11100111 01110101 01011100  t...u\
00003cea: 01011011 01111111 00111111 10100101 10000101 11100101  [.?...
00003cf0: 10100010 01101111 11100100 11000000 10001101 11101110  .o....
00003cf6: 00110111 00001100 11101111 10100001 00110110 10111011  7...6.
00003cfc: 01000111 10110110 01101000 01110101 11100111 10101011  G.hu..
00003d02: 00111100 11101011 01000100 11101100 10110011 10001100  <.D...
00003d08: 11110111 00010001 01000111 00111011 11010110 11001110  ..G;..
00003d0e: 11111010 01011101 10101110 01010100 11110001 10100010  .].T..
00003d14: 11011100 00101111 01010111 10110101 11101001 00000110  ./W...
00003d1a: 11110010 00001100 10110110 01010001 00101101 10100110  ...Q-.
00003d20: 00011000 01101001 10111100 01000101 00101010 11100101  .i.E*.
00003d26: 00011110 00001011 00010100 11010111 10101011 00110101  .....5
00003d2c: 10101100 00101010 01110010 11011110 10110100 00011001  .*r...
00003d32: 11101110 10001110 01110111 10110101 11101001 00000110  ..w...
00003d38: 00010101 11000100 01010010 10101110 10011111 01111100  ..R..|
00003d3e: 01110101 11001111 01100101 10001101 11101011 01000001  u.e..A
00003d44: 10101000 10010110 11000111 11110000 10111110 11111100  ......
00003d4a: 00101101 11011011 10010010 10001101 11110111 01001011  -....K
00003d50: 01100101 00011100 01011000 10110110 11110101 01100111  e.X..g
00003d56: 11011110 00011111 00101001 10110010 11011000 11111101  ..)...
00003d5c: 00111000 11110001 01010101 11001001 01000111 10111010  8.U.G.
00003d62: 10101010 00001000 11101100 00110000 10101001 01101100  ...0.l
00003d68: 00100010 10010101 01111011 01011110 10010000 01101111  ".{^.o
00003d6e: 01011011 00000010 11100101 10111111 00110010 01010001  [...2Q
00003d74: 00101101 10000101 10001011 01101111 01010110 01111101  -..oV}
00003d7a: 11100001 11110010 01111011 11000101 10111001 10100001  ..{...
00003d80: 01111101 11111011 10111001 11011111 01001011 00011000  }...K.
00003d86: 01101100 10110111 01100000 11001110 00111100 00010110  l.`.<.
00003d8c: 10110000 01011110 01011110 00010000 11111001 10101001  .^^...
00003d92: 10111101 01011000 00101111 10101111 01111101 01110010  .X/.}r
00003d98: 10000110 11110010 11011110 11110100 10010101 11000110  ......
00003d9e: 10111110 01101111 00110111 10001011 00010110 11011110  .o7...
00003da4: 10101100 11111011 11000011 11100101 00110110 01011011  ....6[
00003daa: 00101010 00011100 10000110 01111011 11101010 00111000  *..{.8
00003db0: 01100101 10110001 01001101 01110100 00101000 01100000  e.Mt(`
00003db6: 11001011 01110001 01111001 01111001 10100110 10111100  .qyy..
00003dbc: 00010101 00011110 01100101 00001101 11011000 00110010  ..e..2
00003dc2: 11011000 10100110 10111010 01110111 11100010 10100100  ...w..
00003dc8: 00101110 11000000 10001101 11110111 10111101 00111010  .....:
00003dce: 11100110 10000101 10111101 11100101 01101011 11010010  ....k.
00003dd4: 00001100 11110111 10101100 10110110 11100110 10000101  ......
00003dda: 11111101 11100000 10010100 01101111 01101100 01000111  ...olG
00003de0: 00111000 11011101 11010111 00111011 00111000 01100101  8..;8e
00003de6: 10111011 00000010 00110111 01111101 00001101 01000111  ..7}.G
00003dec: 10011000 01000011 11111111 01111000 11100110 10000101  .C.x..
00003df2: 11110111 01100011 01110000 11001011 01111101 11100001  .cp.}.
00003df8: 11110010 11110010 10110110 00100011 10111110 00100110  ...#.&
00003dfe: 10001101 11110101 00011100 00110010 11011100 01101100  ...2.l
00003e04: 11000111 01011100 10101001 11010111 01001011 01100001  .\..Ka
00003e0a: 00101000 11011100 00010111 01100110 01111011 11010110  (..f{.
00003e10: 01011011 01110011 01000010 11111110 11110000 01001010  [sB..J
00003e16: 00110111 10100111 00011011 11010110 01011101 10001011  7...].
00003e1c: 00110111 11101101 00011101 00111100 10000111 10110101  7..<..
00003e22: 11110101 00111011 10100001 01101111 11110001 00011011  .;.o..
00003e28: 00001000 01010100 10110110 00111111 10000101 11110001  .T.?..
00003e2e: 01101010 11110100 11011101 10110001 11001110 11100001  j.....
00003e34: 10010110 11111010 00001100 01010011 01011100 10100001  ...S\.
00003e3a: 10111001 10100001 01110110 11101101 01100101 11100111  ..v.e.
00003e40: 01110100 00011110 11001010 00111100 11110010 00111101  t..<.=
00003e46: 10010110 00110100 00010110 01110011 10001010 00011111  .4.s..
00003e4c: 11001101 00110111 01111100 00010001 10111100 10000001  .7|...
00003e52: 00100111 01001110 11000010 11010111 01111100 00110000  'N..|0
00003e58: 10111001 10100001 01111100 01101011 10010110 11111100  ..|k..
00003e5e: 11010000 10111011 01111101 10111110 11011111 11001100  ..}...
00003e64: 00110000 11010011 01100101 01011111 00110011 01111010  0.e_3z
00003e6a: 01000011 01010101 11010010 11011001 01011000 00110011  CU..X3
00003e70: 11101010 00100000 10110010 11011101 11111100 11110100  . ....
00003e76: 11100011 01110110 10001110 10101010 01011010 10101110  .v..Z.
00003e7c: 00000111 11101100 00011001 11101011 01100011 00110110  ....c6
00003e82: 01011010 10001001 01101100 01111111 00001011 01010010  Z.l..R
00003e88: 11011001 11101001 10000010 00100100 11101110 10000011  ...$..
00003e8e: 11011001 11101110 11011101 10000011 00101101 10001111  ....-.
00003e94: 01110001 01100101 10101110 01000011 11100110 10110101  qe.C..
00003e9a: 01000111 00010001 10010100 11010111 10101101 10001000  G.....
00003ea0: 10110110 10111000 11001011 01110100 11011001 01101101  ...t.m
00003ea6: 00111110 00101101 11111011 11100000 10001101 11100000  >-....
00003eac: 01101111 01010001 10111101 00110110 10001000 10101011  oQ.6..
00003eb2: 01100110 10001101 10101011 01100000 10101110 10101011  f..`..
00003eb8: 10001011 01101111 11100111 11110100 10110000 10111100  .o....
00003ebe: 10110100 01001101 11000101 01110101 01110000 01000110  .M.upF
00003ec4: 01010011 01011100 00110011 10111010 11100111 01100000  S\3..`
00003eca: 10101001 01101100 10101011 11000110 11110101 01100111  .l...g
00003ed0: 10011100 10110110 11110111 01101110 11000001 01111101  ...n.}
00003ed6: 01110111 11010000 11001111 01110001 01100101 10101110  w..qe.
00003edc: 01000011 11100110 10110101 01000111 10011111 10110000  C..G..
00003ee2: 10111100 00001101 11100111 11110100 10110000 10111100  ......
00003ee8: 10110100 01001101 11010100 11010111 11010011 00100011  .M...#
00003eee: 00101110 11011001 11010010 11011001 11101110 01011110  .....^
00003ef4: 01011010 00001000 10110011 01111101 00101110 01110100  Z..}.t
00003efa: 11100111 00011010 10001001 01010111 10101010 11010001  ...W..
00003f00: 01110100 10000110 10101011 10100101 10110000 10011111  t.....
00003f06: 01111000 00100101 00011011 10011100 01010000 11111101  x%..P.
00003f0c: 00011101 01011000 00110010 11011001 11010010 11011001  .X2...
00003f12: 11011000 00100011 01011001 11011111 00001000 11101100  .#Y...
00003f18: 00010111 00100011 10111011 10101110 11001100 11101100  .#....
00003f1e: 11110000 00110111 00001011 11010101 01000100 10110110  .7..D.
00003f24: 10011001 01101000 10011101 11101110 11010100 01111001  .h...y
00003f2a: 10010110 10001001 11011110 11101100 11110111 10101101  ......
00003f30: 00001100 00011110 00000110 11100110 10000101 11010001  ......
00003f36: 11001111 11100001 01101010 01011011 00111000 10110101  ..j[8.
00003f3c: 01111010 01101110 00101101 11000100 01110100 00101111  zn-.t/
00003f42: 01011100 11010000 10111110 00111010 00010111 00101100  \..:.,
00003f48: 00111101 10010110 11110010 10101011 00010011 01001011  =....K
00003f4e: 10110110 01110101 11001110 11101101 00011101 00111101  .u...=
00003f54: 00110110 11000100 01101111 01100101 10111011 00101101  6.oe.-
00003f5a: 11011101 01110011 10110011 10101010 11100010 11011011  .s....
00003f60: 11111001 11111101 00101100 00101111 00101101 00010011  ..,/-.
00003f66: 01111010 00100101 10110001 11111110 00100000 00111101  z%.. =
00003f6c: 11011111 11000111 00111001 11101111 01010010 00011010  ..9.R.
00003f72: 10110110 01110011 01000010 11010100 10110110 01111011  .sB..{
00003f78: 01011110 10010000 01100111 10111000 10110010 11010111  ^.g...
00003f7e: 00100001 11110011 01011010 10100011 10011111 00010110  !.Z...
00003f84: 11011100 01000101 00011100 11101110 11101100 01101110  .E...n
00003f8a: 01101000 01011111 11011110 00111011 00000110 01111001  h_.;.y
00003f90: 00001011 11110101 01100010 01101001 01110110 10111001  ..biv.
00003f96: 01010010 00101111 11110111 11000011 00001011 10011010  R/....
00003f9c: 00010111 11110101 10011001 11000010 11110101 01110110  .....v
00003fa2: 10001010 10100010 11010110 10000111 11101000 10010110  ......
00003fa8: 11001010 11010001 01010100 01011010 11010000 11111000  ..TZ..
00003fae: 10101110 00100011 00101000 11100111 01110110 01000011  .#(.vC
00003fb4: 10110011 10110000 00100011 01110111 01000001 01010010  ..#wAR
00003fba: 00101011 11001100 10000100 00101101 11011011 10010010  +..-..
00003fc0: 10001101 11011111 11001111 10100110 10001001 11011101  ......
00003fc6: 10100011 11010100 10000111 01100111 00011101 00101010  ...g.*
00003fcc: 10011100 00101010 01011011 01001111 01100001 11101110  .*[Oa.
00003fd2: 11000000 10001100 10100011 10011101 11011001 00001110  ......
00003fd8: 11001110 11101000 00101010 01110010 11010100 01110101  ..*r.u
00003fde: 01111100 11100011 10100001 01110011 10110011 00100111  |..s.'
00003fe4: 01111010 01100010 11100101 01001101 00010010 11011000  zb.M..
00003fea: 11111000 10110110 11101100 00011001 01101100 01010011  ....lS
00003ff0: 01011110 11010001 01011010 10110110 01011011 01011110  ^.Z.[^
00003ff6: 11100101 11011000 00110011 10111111 00010001 10111110  ..3...
00003ffc: 10101000 10010110 11001010 11100001 00001001 00110111  .....7
00004002: 10101011 01011110 10101100 11110000 10110110 01111011  .^...{
00004008: 11001100 10000101 10110000 11101001 10111100 11111010  ......
0000400e: 10010101 01001110 10111001 01010010 10100110 10111110  .N.R..
00004014: 10011001 00101100 11010111 00101010 01111011 01000111  .,.*{G
0000401a: 11010100 00101100 10110111 11110100 11000100 01101111  .,...o
00004020: 01000100 10110110 10011000 01100001 10011110 11100011  D..a..
00004026: 11000101 01011001 11100000 10101000 11100010 00101001  .Y...)
0000402c: 01010111 11010000 11101001 01101011 11100101 10111011  W..k..
00004032: 00000010 00010111 01000010 00110011 00000101 11001010  ..B3..
00004038: 10011110 11111110 00101001 01101100 11110100 11000101  ..)l..
0000403e: 11001010 10011110 11010001 11110101 10011001 11101110  ......
00004044: 01011101 10000010 11111010 11110010 00011010 00101101  ]....-
0000404a: 10011010 01101010 00100101 10110000 10011100 10110011  .j%...
00004050: 00110111 11101101 00011100 01101011 10010110 11111111  7..k..
00004056: 01010001 01010110 00111110 00011001 01101100 11101101  QV>.l.
0000405c: 00011100 01110100 10101010 01110111 00101000 01111110  .t.w(~
00004062: 01101100 10101011 11001111 10010111 10110110 11111010  l.....
00004068: 11101111 11011100 10101001 11010111 00011001 11001011  ......
0000406e: 01100110 11001011 01011100 10101001 10101110 10010101  f.\...
00004074: 01111100 11000110 11001011 00100110 10111001 01010011  |..&.S
0000407a: 01011101 00101101 10100110 00011000 01101001 10111101  ]-..i.
00004080: 01010000 11110110 01011011 10000110 01011011 00101000  P.[.[(
00004086: 10010110 11010011 00100001 01101100 00111001 11101110  ..!l9.
0000408c: 11111110 01110001 11010000 10111110 11110001 11101011  .q....
00004092: 01100011 00110110 01011011 10110000 00100001 01110110  c6[.!v
00004098: 00000100 01101010 00111000 10011111 01111000 00100101  .j8.x%
0000409e: 00011011 10110000 01011100 10001110 11101100 00010111  ..\...
000040a4: 11010111 10111110 10111000 11010111 01101110 00110100  ....n4
000040aa: 01011011 10100111 10010100 11101011 01011100 10000111  [...\.
000040b0: 11001101 01101010 10001001 01101101 00111101 10000111  .j.m=.
000040b6: 10111001 01000011 11011110 11101100 10100110 10111100  .C....
000040bc: 11101100 10110000 11011000 00111011 01010001 11000100  ...;Q.
000040c2: 01101110 00101101 01011110 10011011 10010110 01100110  n-^..f
000040c8: 11111010 11101001 11000110 11000111 11111000 01000101  .....E
000040ce: 01011000 01101110 11010000 10110001 11000011 00110101  Xn...5
000040d4: 01000100 10110110 10011000 01000101 01011000 01101110  D..EXn
000040da: 11010000 10110001 11000011 00110100 00101011 10101010  ...4+.
000040e0: 11101110 01110110 01110111 11000001 00011000 01010100  .vw..T
000040e6: 10101011 11001111 10110110 01001101 00000101 11001010  ...M..
000040ec: 10011010 11101001 01101101 00111110 11111011 11000100  ..m>..
000040f2: 01011000 01010111 01010111 11000111 00111001 11101111  XWW.9.
000040f8: 01001110 00010011 00111011 00101010 11000010 01111011  N.;*.{
000040fe: 10001001 11101011 01011111 01111110 11000001 10011001  .._~..
00004104: 11101001 10001000 11011111 10010101 11101001 00000110  ......
0000410a: 10100010 01011011 00011111 11000010 11111011 11101000  .[....
00004110: 01001101 11101010 11001110 11010001 11101101 10001001  M.....
00004116: 10111111 00110100 00101111 10100111 10101101 10011011  .4/...
0000411c: 10110101 11101010 11001111 10100110 10001011 00011000  ......
00004122: 01010111 00010011 10111111 01110111 00111010 10001001  W..w:.
00004128: 01101100 00100111 11010010 01011111 01111111 01001100  l'._.L
0000412e: 01000110 11111100 10101111 01001000 00110100 11011001  F..H4.
00004134: 01101101 00110010 00010110 11000011 10011110 11101010  m2....
0000413a: 11100000 10001101 11010010 11011001 11001101 00001011  ......
00004140: 11111011 11000101 11001010 10010001 01010010 10101111  ....R.
00004146: 01010101 10100010 11101001 00001101 01010111 01001011  U...WK
0000414c: 01100001 00111000 10110101 01111010 01101101 10111110  a8.zm.
00004152: 11011100 11111110 00010111 11001110 00101000 01111111  ....(.
00004158: 11101101 11110110 11101010 10000000 11110111 00011110  ......
0000415e: 00101010 11001111 00000101 01000111 00010011 10111110  *..G..
00004164: 10011010 11100010 11010101 11101001 10111001 11010111  ......
0000416a: 11011111 01111011 10010101 00110100 01001010 10111110  .{.4J.
00004170: 01111111 10111101 10110011 10001111 01100100 00011100  ....d.
00004176: 11101011 10010101 00110101 11010010 11011010 01111100  ..5..|
0000417c: 01011011 10111101 11010110 00001111 01110110 00000100  [...v.
00004182: 01101111 00000101 10001111 01110110 00000100 01100101  o..v.e
00004188: 00110101 11010101 10000010 11010000 11111101 01100100  5....d
0000418e: 00011100 11100111 10111011 00000110 01111000 00100111  ....x'
00004194: 00011011 11000101 10101001 11001110 11010001 11110000  ......
0000419a: 11110110 01011011 11101010 01110101 11011011 11000001  .[.u..
000041a0: 11101100 10110111 10010011 00000101 10110011 00111011  .....;
000041a6: 11100001 10001000 11011100 01101011 11100011 10110111  ...k..
000041ac: 11010101 00011100 01011101 10111101 00100000 11010100  ..]. .
000041b2: 01110011 11111100 01000000 10100010 01011011 01001100  s.@.[L
000041b8: 00110000 11001111 01110001 11010000 10111001 10100001  0.q...
000041be: 01111101 10110001 11001110 11110101 00011011 10001100  }.....
000041c4: 10110110 01011101 10110011 10001101 01101000 10101011  .]..h.
000041ca: 10110000 01100110 10110011 11101001 10010010 11011010  .f....
000041d0: 00010101 00101101 10010101 10000011 00111110 10011001  .-..>.
000041d6: 00101101 10101111 10111100 00010010 10001101 11011011  -.....
000041dc: 00011100 11101110 11000001 10011100 01100101 10110010  ....e.
000041e2: 11101101 10001111 01110101 01010100 00010001 11011000  ..uT..
000041e8: 01101010 00111010 10110000 01100001 10111011 01100011  j:.a.c
000041ee: 10011101 11110100 11010001 01101011 11100110 10101000  ...k..
000041f4: 11101010 10111000 10000011 10011110 11110010 01100000  .....`
000041fa: 11001011 01100010 10011010 11100111 11000111 01000100  .b...D
00004200: 01101110 01001011 01100111 10111011 00000110 01111001  nKg..y
00004206: 11111101 11001000 11001011 01110110 00010011 01010001  ...v.Q
0000420c: 11001111 11100001 01111100 01110100 00101111 01001010  ..|t/J
00004212: 11110011 01011010 11101111 10000010 00110111 00001100  .Z..7.
00004218: 01010011 01011100 01100100 10101010 00010111 10101110  S\d...
0000421e: 00110100 01011010 10001001 01101100 00100111 00111000  4Z.l'8
00004224: 10100001 11111110 01101000 01011010 10010110 11001111  ..hZ..
0000422a: 01010010 00011101 01110010 10100111 10110000 01011111  R.r.._
00004230: 01011101 01110011 10101000 10010110 11010011 11011000  ]s....
00004236: 01111011 10111010 00100000 11101010 00111010 10110000  {. .:.
0000423c: 01100101 10110011 10000110 01111011 11101001 11101111  e..{..
00004242: 11010000 10110111 11101100 00011001 01101100 01010011  ....lS
00004248: 01011101 10000011 00111101 00110110 10000101 11001110  ].=6..
0000424e: 11110000 00110111 00000101 10010011 01100101 10110101  .7..e.
00004254: 11101100 10110010 00101011 10010101 00111101 00011111  ..+.=.
0000425a: 01000011 01111001 00001101 01101000 10101011 10000101  Cy.h..
00004260: 11110101 11110100 11011000 01000011 10000101 00010010  ...C..
00004266: 11011001 01011000 00010001 10111010 01011100 10010100  .X..\.
0000426c: 01101110 01010000 11000001 01110010 01010011 11010110  nP.rS.
00004272: 01011011 01110100 11110101 10010110 01000011 10000111  [t..C.
00004278: 10000001 10111011 10101110 11001100 11101100 11111011  ......
0000427e: 11000011 01101010 10001001 01101100 01111111 00001011  .j.l..
00004284: 11100111 00010100 00111110 11110111 01010101 01000001  ..>.UA
0000428a: 00011101 10000110 01111011 11101010 00101010 11000110  ..{.*.
00004290: 10111101 01011001 10101110 11000001 01110010 10100111  .Y..r.
00004296: 01011101 00101101 10011110 10101000 10110110 01110110  ]-...v
0000429c: 00000100 00101110 11000001 10000110 11101001 00111010  .....:
000042a2: 01110110 00100101 10101000 11110011 00001010 10101010  v%....
000042a8: 00010101 11100101 00111111 11000101 10101001 11000110  ..?...
000042ae: 11110111 01101010 00100101 01011111 00110011 01111010  .j%_3z
000042b4: 01000011 01010101 11010010 11011010 01100001 10000110  CU..a.
000042ba: 01111011 11001100 10000101 10110000 11100111 10111011  {.....
000042c0: 11100000 10001101 11011111 11001111 01001100 00010001  ....L.
000042c6: 00100111 11011110 00111011 11100001 10000101 11011111  '.;...
000042cc: 11001111 01001110 00110111 10000101 11011011 11101001  .N7...
000042d2: 11110100 10101010 01110111 01000010 00110011 11101000  ..wB3.
000042d8: 01100001 01010010 11011001 01010001 01110110 11111010  aR.Qv.
000042de: 01111101 00101010 10011100 00101010 01011011 00011111  }*.*[.
000042e4: 11000010 11111001 11000101 00001111 10111101 11011111  ......
000042ea: 00001100 00101110 11111110 00101001 01101100 11101100  ...)l.
000042f0: 00010110 10000101 11010010 00011110 11011001 10100001  ......
000042f6: 11010111 01110010 10100111 10110000 01100111 10011101  .r..g.
000042fc: 01101011 10010000 11111001 10101101 01010001 00101101  k...Q-
00004302: 10010101 11110000 01010111 01010101 01000001 00011101  ..WUA.
00004308: 10000110 01111011 10110000 01100101 10110001 01001101  .{.e.M
0000430e: 01110010 10001110 00101111 10111111 10000010 11111101  r./...
00004314: 00011101 01011000 00110010 11011000 10100110 10111001  .X2...
0000431a: 01000111 00010111 11100001 01110110 00010111 11101000  G..v..
00004320: 11101010 11000001 10010110 11000101 00110101 11000101  ....5.
00004326: 10101011 11010011 01111010 10110011 10100001 01101111  ..z..o
0000432c: 11101010 00110111 10010110 10011111 01001010 10100111  .7..J.
00004332: 01010001 11010101 10000011 00111000 11010111 10110110  Q..8..
00004338: 10011011 10110000 01011100 10101001 11100010 00101001  ..\..)
0000433e: 01010111 10100110 00001000 10010011 11101111 00011110  W.....
00004344: 11111010 11110101 10010111 01110111 01101111 11010011  ...wo.
0000434a: 10110110 00010110 11000011 01000100 00110111 01111101  ...D7}
00004350: 00011100 11101110 10010110 10000010 11011111 11010100  ......
00004356: 01101111 00100111 00100001 01101111 01000100 10110110  o'!oD.
0000435c: 00111111 10000101 11110001 11010110 11011110 10101100  ?.....
00004362: 11111011 11100110 01001110 01111011 11001100 10000101  ..N{..
00004368: 10110000 11101010 00111001 11111100 00101111 10001110  ..9./.
0000436e: 10110110 11110101 01100111 10110110 00100011 10111110  ..g.#.
00004374: 11111001 10010011 10111000 10110101 01111010 01101110  ....zn
0000437a: 01010000 11111101 00011100 11111110 00010111 11001110  P.....
00004380: 00101000 01111111 10111110 00001000 11011110 01000010  (....B
00004386: 01110110 00001011 10010001 11000010 10111000 10011101  v.....
0000438c: 10000010 11100100 01110111 01100000 10111110 10111011  ..w`..
00004392: 11100001 00001110 11001110 11111010 00111001 11011101  ....9.
00004398: 10000010 11100101 01001111 10111110 10111000 10110101  ..O...
0000439e: 01111010 01101110 10011101 11110100 00110111 01101000  zn..7h
000043a4: 11100111 01100110 01001110 11111010 10001010 10110010  .fN...
000043aa: 10110100 01101110 01101111 00101000 01011011 01010001  .no([Q
000043b0: 00101101 10100111 10110000 11110111 11011110 00111001  -....9
000043b6: 10010011 10110000 01011100 10001110 00010101 00101101  ..\..-
000043bc: 10100111 11010110 11001110 01101000 01011111 00001011  ...h_.
000043c2: 11101111 01110010 01010011 11101010 00101010 11000110  .rS.*.
000043c8: 00001011 10010101 00100010 10100101 10110100 11110111  .."...
000043ce: 00001111 01100101 10111101 01010111 00101101 11011110  .e.W-.
000043d4: 11101010 10101000 00100011 10110000 11010100 01001011  ..#..K
000043da: 01100101 01000000 01111011 10110000 01011111 01011110  e@{._^
000043e0: 11111010 11101000 01010000 11000001 10010110 11110000  ..P...
000043e6: 01011001 11100000 01101110 11000001 00011010 11001111  Y.n...
000043ec: 00000101 01111000 00101110 11000001 01110010 10100111  .x..r.
000043f2: 01001111 01111011 11101000 10010100 01101111 01110110  O{..ov
000043f8: 00010101 00101101 10100111 10110000 11110111 01100000  .-...`
000043fe: 10111110 10111101 11110101 11100000 10110011 11000000  ......
00004404: 11011101 10000010 00110101 10011111 01111011 01000100  ..5.{D
0000440a: 11101101 10101110 11011101 00001011 01111110 11101100  ....~.
00004410: 01000011 11011001 10110101 11011011 10100011 10100000  C.....
00004416: 10110011 10110000 01011100 10101001 11010101 00010010  ..\...
0000441c: 11011001 01011100 00001101 11110111 10000010 01010001  .\...Q
00004422: 10111001 10100001 01111101 11110100 00100110 11101101  ..}.&.
00004428: 00011101 10010001 11000111 01110100 10101101 00001011  ...t..
0000442e: 01101111 01110110 00010101 00101101 10010101 11000000  ov.-..
00004434: 11011111 01111000 11100110 10000101 11110111 11010000  .x....
0000443a: 10011011 10110100 01110110 01000111 00011101 11010010  ..vG..
00004440: 10110100 00101101 10111101 11011000 01010100 10110110  .-..T.
00004446: 01010111 00000011 01110100 10110110 01110011 01000010  W.t.sB
0000444c: 11111101 01100111 01000000 11100111 01011100 10101001  .g@.\.
00004452: 00010101 00101101 10000100 01010010 10101110 01010000  .-.R.P
00004458: 11011110 10110011 10100000 01110011 10101110 01010100  ...s.T
0000445e: 11010001 00101101 10010101 00000001 11101110 01101100  .-...l
00004464: 11010011 11011100 11010000 10111110 10010110 11001010  ......
0000446a: 00100101 10110010 10101010 00001000 11101100 00110011  %....3
00004470: 11011100 01000101 00101010 11101111 10100101 10001010  .E*...
00004476: 11100101 01001111 00110100 00101110 10001001 01101100  .O4..l
0000447c: 10101110 00010001 11001101 00001011 11101101 01100011  .....c
00004482: 01011100 10101001 11101101 00011100 11101100 11001001  \.....
00004488: 11011110 00010110 11000010 10100101 10110100 11110010  ......
0000448e: 00111101 10010110 00110100 00010110 01001101 11101010  =.4.M.
00004494: 10000111 00100001 10000101 01001011 01100101 01000000  .!.Ke@
0000449a: 01111011 10010100 00111111 11011111 11000101 00101101  {.?..-
000044a0: 10011110 10011100 01100110 10111001 00101001 11110101  ..f.).
000044a6: 00010101 01100011 11100001 10010110 11001010 00100101  .c...%
000044ac: 10110010 10100000 01001101 11110011 11111100 01011011  ..M..[
000044b2: 10110000 01100111 01110100 00011110 11001111 00000011  .gt...
000044b8: 01110001 01100110 00110110 01001101 10010110 11001010  qf6M..
000044be: 11100000 10001100 10100110 10111001 10100001 01110110  .....v
000044c4: 11110011 10101101 00010101 10011101 10010101 00001010  ......
000044ca: 11101010 11100000 10001101 11001101 00001011 11110100  ......
000044d0: 11000011 01110100 10100101 00101110 01011010 01101110  .t..Zn
000044d6: 11000001 10011101 11110000 10000111 01100111 01111110  ....g~
000044dc: 00101100 11101101 11111010 00010001 10011111 01000011  ,....C
000044e2: 00001010 10010110 11001010 10111000 10000011 10011110  ......
000044e8: 11100010 00101001 01010111 00101000 01101110 11000001  .)W(n.
000044ee: 10011110 00001011 00111011 11110111 01100000 11101100  ..;.`.
000044f4: 00011001 11100111 01011010 00101011 00111011 00101010  ..Z+;*
000044fa: 01111011 11000001 11001000 01100001 01011100 01000110  {..a\F
00004500: 01010011 01011101 10000011 00111011 11110001 01100111  S].;.g
00004506: 01101111 11011000 00010001 10111100 10110101 10011001  o.....
0000450c: 01010110 10111011 01000111 00000100 00111101 10011101  V.G.=.
00004512: 00111100 11101011 01000101 01100111 01100101 01011101  <.Ege]
00004518: 11111011 10110000 01111010 10110010 10001110 00101100  ..z..,
0000451e: 11001000 10011100 11101100 11101100 10000111 01100111  .....g
00004524: 10000010 11001110 11101000 10000011 10111010 00110111  .....7
0000452a: 10101011 00111010 00010110 11111110 10011000 10100011  .:....
00004530: 11001000 01011111 10011111 00100000 01001101 11110011  ._. M.
00004536: 00001100 01110100 11101001 10111100 01011101 01011001  .t..]Y
0000453c: 01001101 11110011 11101111 01011010 11110100 10111101  M..Z..
00004542: 11110100 11001011 10011101 01111101 11011110 11101011  ...}..
00004548: 10100101 11000110 11110001 01101010 01110010 01101000  ...jrh
0000454e: 10111111 11010101 10000011 00001101 11000101 10101011  ......
00004554: 11011110 10011100 11110101 01100111 10101101 10000011  ...g..
0000455a: 01000101 10110011 10110000 01100001 10111100 10110000  E..a..
00004560: 11110110 00010111 00111000 10100001 11111111 01010110  ..8..V
00004566: 01010001 11010101 10000001 00011001 01001101 01110111  Q...Mw
0000456c: 11000000 11011100 01000101 00101010 11110101 10110001  ..E*..
00004572: 10011011 00101101 11100000 01100001 10111010 00111010  .-.a.:
00004578: 00001011 00101000 10010110 11000111 11110000 10111110  .(....
0000457e: 01110001 01000011 11111101 11110000 01000110 00010101  qC..F.
00004584: 11010101 11000011 00001011 10111111 10011110 10101100  ......
0000458a: 01100111 10111000 10011111 01111011 11101110 01001010  g..{.J
00004590: 00110111 01100000 10111001 00011101 11001101 00001011  7`....
00004596: 11101111 10100110 10111000 10110101 01111010 01101110  ....zn
0000459c: 10011110 10110101 11101001 01111011 11001011 01001100  ...{.L
000045a2: 10111001 11010111 11011101 11101110 10111010 01011100  .....\
000045a8: 01101111 00010110 10100111 00101000 10010110 11000111  o..(..
000045ae: 11111000 10000000 11110111 00010011 10011100 01010000  .....P
000045b4: 11111101 00010010 11011010 01100110 00011110 11101011  ...f..
000045ba: 00000111 10111010 01011011 00111011 00000110 01011011  ..[;.[
000045c0: 00111010 00010001 10111110 11110000 01000111 01100001  :...Ga
000045c6: 10110101 11010111 00111011 10110000 01100101 10110000  ..;.e.
000045cc: 01010100 10110110 01010111 11000111 00111001 11101110  T.W.9.
000045d2: 11000001 10010110 11000101 00110100 11110111 01011101  ...4.]
000045d8: 01001111 01111001 10001010 01010110 10101100 01100111  Oy.V.g
000045de: 10111011 00000110 01111001 10011010 10010001 11001110  ..y...
000045e4: 11101000 01011011 11111001 11110001 00010100 00011010  .[....
000045ea: 11100101 01001101 00010010 11011001 01010000 11100100  .M..P.
000045f0: 00110011 11011110 00001110 01000011 00111101 11000100  3..C=.
000045f6: 11111010 11001100 11110111 01101110 01010000 11111101  ...nP.
000045fc: 00011101 01011000 00110011 11010110 10111101 00111111  .X3..?
00004602: 01000001 01110010 00110111 10000010 11000111 10111101  Ar7...
00004608: 10101111 01001000 00110111 01100000 11001011 01100101  .H7`.e
0000460e: 00011101 01011000 00010001 10111100 00010110 01111001  .X...y
00004614: 00110000 01100101 10110000 01010100 10110110 01010110  0e.T.V
0000461a: 00000100 01100101 00110101 11011000 00110011 11010101  .e5.3.
00004620: 00010000 01010100 01001011 01100101 01000000 01111011  .TKe@{
00004626: 11000001 11001000 01101010 00100101 00101010 11110101  ..j%*.
0000462c: 01001011 00001110 00011001 10100110 10110010 01010111  K....W
00004632: 01001010 10111101 01010100 10110111 00001111 01111010  J.T..z
00004638: 10110010 11010101 11010010 11011010 01111101 01001010  ....}J
0000463e: 01011100 10011110 11111010 00001000 01111111 11010101  \.....
00004644: 10011101 00101001 01001011 10010101 00011110 01111110  .)K..~
0000464a: 10111101 10101101 00010110 01111011 11010101 01111011  ...{.{
00004650: 01011010 00101100 11110111 11010000 01000011 11111100  Z,..C.
00004656: 00110010 11011101 10100011 11010101 10010100 01111001  2....y
0000465c: 10010000 10000111 11111101 01011001 11011000 00110011  ...Y.3
00004662: 11001010 01110101 10101110 01000011 11100110 10110101  .u.C..
00004668: 01000100 10110110 10011000 01010101 00111000 00101000  D..U8(
0000466e: 10010110 11010011 11100000 10100011 10001011 00110010  .....2
00004674: 11000011 01100000 11101101 01000100 10101011 11000100  .`.D..
0000467a: 00100000 01000111 01100110 10101011 10100101 00101010   Gf..*
00004680: 11111001 10010010 10001011 01011100 10101001 10101110  ...\..
00004686: 10010101 01111100 11110011 11110000 00111010 00111010  .|..::
0000468c: 11110011 11001101 01110010 10100110 10111010 01010101  ..r..U
00004692: 11101010 11100001 01111101 00110011 10101110 01010100  ..}3.T
00004698: 11010111 01001010 10111110 01100110 11110011 11001101  .J.f..
0000469e: 00111100 11001110 10111001 01010011 01011101 00101010  <..S]*
000046a4: 11111001 10010010 10111000 11000011 01101001 11101110  ....i.
000046aa: 01100100 01111100 10110101 01011101 00101101 10100111  d|.]-.
000046b0: 11101010 10101010 01111011 10011011 00010000 00011110  ..{...
000046b6: 11100110 10000101 11110011 10001010 00011111 11100010  ......
000046bc: 01110111 01011100 11101100 11110111 01101110 11101011  w\..n.
000046c2: 10011101 10011101 10000001 00011010 10001001 01101101  .....m
000046c8: 10110001 11110110 00101010 11001111 00000100 11110111  ..*...
000046ce: 10101100 10010101 10001101 01000111 00010011 11101001  ...G..
000046d4: 00101111 10111111 00010011 10111010 11100111 01100111  /....g
000046da: 10111011 01010001 00101101 10010101 01010000 01000111  .Q-.PG
000046e0: 01100001 10011110 11101111 10100001 11011001 11010111  a.....
000046e6: 00111010 10001001 01101101 00110000 01011000 00001010  :.m0X.
000046ec: 11101010 11100000 10001100 00101010 01011011 00101011  ...*[+
000046f2: 10100001 11011001 11010111 00111010 10001001 01101100  ...:.l
000046f8: 10101110 00001000 11000010 10100101 10110100 11000110  ......
000046fe: 00100011 01111111 01010100 01011000 10101110 01010100  #.TX.T
00004704: 11010001 11100110 00010101 00111101 11000010 00011111  ...=..
0000470a: 11111011 11000111 00110100 00101111 10111010 11100111  ..4/..
00004710: 01100111 00110100 00101110 11011111 00101001 10100111  g4..).
00004716: 01000010 10100101 10110100 11000110 00100011 01111111  B...#.
0000471c: 01010100 01011000 10101110 01010100 10111101 11000101  TX.T..
00004722: 10010110 10111001 00001111 10011010 11010100 11011001  ......
00004728: 01101100 10101110 00001000 11001010 01101011 10100011  l...k.
0000472e: 10011101 11011000 00101111 10101110 10010101 10100001  ../...
00004734: 01101100 00101010 01011011 00011111 11000010 11111001  l*[...
0000473a: 11000101 00001111 10111101 11011111 11001110 01110101  .....u
00004740: 11001011 01111111 00000011 01111010 01100001 10111100  ...za.
00004746: 00001100 00110111 01101000 11101001 11101011 00100110  .7h..&
0000474c: 11111111 01001100 10010110 01101110 01101100 11010011  .L.nl.
00004752: 01100101 10110111 01000011 01010001 11000100 11101111  e.CQ..
00004758: 10100001 00110110 01101111 11011010 00111100 10101010  .6o.<.
0000475e: 01000011 10110011 11011101 10111010 11100111 01110110  C....v
00004764: 10001110 01101000 01011101 00011100 01001111 01010110  .h].OV
0000476a: 00100001 00111101 11010000 01100110 11001011 01110100  !=.f.t
00004770: 01110011 10011110 11100110 10000101 11111101 11101111  s.....
00004776: 10111111 10110110 01101000 01110101 11100111 10101011  ..hu..
0000477c: 00101000 10010110 11000010 11100000 00111101 11011000  (...=.
00004782: 00010000 10001110 11010101 00010010 10101111 10011001  ......
00004788: 00101011 10001100 00110110 10101011 10100101 10110010  +.6...
0000478e: 10111110 00111001 11001111 01111100 01000110 11101011  .9.|F.
00004794: 10011101 01000111 01010111 11000101 00001111 01100111  .GW..g
0000479a: 10100110 00011011 10100111 10101101 01111010 01111110  ....z~
000047a0: 11101000 01101110 10000001 10001001 10111111 10000001  .n....
000047a6: 10111010 11110101 01000100 10101011 11001111 10011000  ..D...
000047ac: 11100001 11000011 00110101 01011101 00101101 10100110  ..5]-.
000047b2: 01000010 11011000 01110100 11011001 01101100 10101110  B.t.l.
000047b8: 00001000 11000010 10111000 10001100 10100110 10111010  ......
000047be: 01110001 11100010 10101001 11001110 10111101 01011000  q....X
000047c4: 01001101 01000111 00111110 01100011 00110110 01011011  MG>c6[
000047ca: 11000010 11011011 10110000 00100001 01111011 10010011  ...!{.
000047d0: 11011100 01001110 10001110 01111101 00001101 10101111  .N.}..
000047d6: 10100100 00110101 00011110 10111101 01010110 10001011  .5..V.
000047dc: 10100100 00110101 01011101 00101101 10010101 11110001  .5]-..
000047e2: 11001110 01111011 11011101 10010100 11010111 00101000  .{...(
000047e8: 11101111 10100001 10111011 01000111 10101101 10000000  ...G..
000047ee: 10000111 10110011 11011100 10111000 11010110 10000010  ......
000047f4: 01101111 00000011 01110100 11110011 10101101 01110010  o.t..r
000047fa: 00011111 00110101 10101010 00100101 01011110 01111100  .5.%^|
00004800: 11000111 00001110 00011001 10101010 11101001 01101100  .....l
00004806: 10101100 00001000 01000111 01101010 10001001 01101101  ..Gj.m
0000480c: 00110010 00011000 10100110 10111010 01101011 10010010  2...k.
00004812: 01101001 10001101 11010011 01011100 11010000 10111110  i..\..
00004818: 10010110 11001010 00100101 10110101 01111010 10101101  ..%.z.
0000481e: 00010111 01001000 01101010 10111011 10011111 11000010  .Hj...
00004824: 11111001 11000101 00001111 10111101 11001101 00001011  ......
0000482a: 01010010 11011001 11001010 00011011 11100100 11110001  R.....
00004830: 01000001 11011001 11000110 11101111 10000010 00110111  A....7
00004836: 00010011 11100100 11110001 10011101 10000011 10110110  ......
0000483c: 01101111 01000100 10110110 01010111 11000111 00111001  oD.W.9
00004842: 11101111 01010010 00011010 10110110 01110011 01000010  .R..sB
00004848: 11111110 10000010 00010110 11101101 11001001 01000110  .....F
0000484e: 11100010 11010101 11101111 01001110 01111001 11011001  ...Ny.
00004854: 00010011 10011101 10011110 10110110 00001101 00010110  ......
0000485a: 11001110 01101000 01011111 10100111 00011011 10110100  .h_...
00004860: 01110011 10001010 00011111 11101100 00011001 01010101  s....U
00004866: 00010010 10101111 10011110 01111110 00000111 01000111  ...~.G
0000486c: 01011110 01111001 10101110 01010100 11010111 01001010  ^y.T.J
00004872: 01011011 00101010 11010011 10111010 11110101 10110010  [*....
00004878: 11001101 10010011 01111100 11000011 00001101 00110110  ..|..6
0000487e: 01011011 00001011 00101101 01110010 00011111 00110101  [.-r.5
00004884: 10101001 10110010 10101111 01010101 10100010 11101001  ...U..
0000488a: 00001101 01010111 01001011 01100101 01110000 01000110  .WKepF
00004890: 11101001 01101100 11100110 10000101 11111101 11100010  .l....
00004896: 11100101 01001000 10101001 01101100 01111100 11001111  .H.l|.
0000489c: 10100110 10111011 10011100 11110111 10101010 00001011  ......
000048a2: 10001110 00011001 01101011 11100011 11011100 01101000  ..k..h
000048a8: 10110111 00010011 10100101 01011100 11010000 10111111  ...\..
000048ae: 10100100 00111101 01111000 10110100 11011111 00111110  .=x..>
000048b4: 00101101 11111000 10011101 00101010 11110110 11001101  -..*..
000048ba: 00001110 10111011 10010101 00111100 11010000 10111110  ...<..
000048c0: 00110101 10100010 10101111 00100110 00001011 11101011  5..&..
000048c6: 11010011 01101100 11000010 11111011 01111101 10100101  .l..}.
000048cc: 01011111 00111100 00110111 11010110 10101110 01010100  _<7..T
000048d2: 11111101 01000010 11001011 01111101 01010111 01001011  .B.}WK
000048d8: 01101010 11011000 10011010 01101010 00100101 10110100  j..j%.
000048de: 11000011 00001101 00110110 01011011 00101011 00000010  ..6[+.
000048e4: 00110010 10011010 11110101 00011011 11001110 10110101  2.....
000048ea: 11001000 01111100 11010110 10100110 11111001 10001100  .|....
000048f0: 01110001 10101110 01011011 11110011 01000010 11111100  q.[.B.
000048f6: 00111110 01010011 01100101 10110000 10110001 11011000  >Se...
000048fc: 10011010 11000111 10111101 01010000 01011010 01101100  ...PZl
00004902: 10110100 11011110 01111101 01000010 01010001 10111001  ..}BQ.
00004908: 10100001 01111111 01011001 10011100 01000101 00101010  ..Y.E*
0000490e: 11101001 11011101 01110110 01100111 01100111 10101100  ..vgg.
00004914: 10111101 00011011 10000110 01011011 00000101 01001011  ...[.K
0000491a: 01100101 01011100 01000001 11001111 01111001 11001000  e\A.y.
00004920: 11100111 10111000 10011111 01111000 00100101 00011011  ...x%.
00004926: 10011100 01010000 11111111 01111100 00100011 10011010  .P.|#.
0000492c: 00010111 11011000 00101110 01000111 01110011 01000010  ...GsB
00004932: 11111010 01011011 00100110 11001011 01100101 01000000  .[&.e@
00004938: 10011011 11010101 00000110 11100011 11000010 11110101  ......
0000493e: 10010011 01111010 10100000 00111101 11000010 00011111  .z.=..
00004944: 11110110 01011110 11111001 01000111 00010110 00111011  .^.G.;
0000494a: 00010011 01011001 11011101 10001101 11101010 11001111  .Y....
00004950: 01110010 01101011 01000110 11101011 11010110 01111010  rkF..z
00004956: 10001101 10101100 01110000 11010100 01110101 01000000  ..p.u@
0000495c: 01111011 11001111 11011001 01101011 00011011 11001010  {..k..
00004962: 01111110 11000010 10100011 11001010 10111101 01010110  ~....V
00004968: 10001011 10100100 00110101 01011101 00101001 01010111  ..5])W
0000496e: 11001111 10000111 00011110 00101101 10111101 11100000  ...-..
00004974: 10101011 10100100 10101100 10001111 01111101 11010000  ....}.
0000497a: 00011110 11111011 10100000 00111101 11110111 01000000  ...=.@
00004980: 01111011 10111110 00010001 00010100 01001000 01001111  {...HO
00004986: 10100110 11000100 01110111 00011010 11010001 01010111  ..w..W
0000498c: 01100000 11001111 01101011 10001110 00011101 00001011  `.k...
00004992: 01111111 01001101 11001111 01100111 01101000 11101100  .M.gh.
00004998: 00011001 11001011 00110011 01110011 01010001 00101001  ..3sQ)
0000499e: 10000110 01110110 01000011 10110011 01011101 00111011  .vC.];
000049a4: 11111001 10011110 01110110 01011000 01111100 00100110  ..vX|&
000049aa: 01001010 01110001 11101111 00100011 11100010 11011011  Jq.#..
000049b0: 10001000 10100101 01011100 10100001 10111101 00110110  ..\..6
000049b6: 11001100 11011100 11010100 01110001 00111101 10110011  ...q=.
000049bc: 01000011 10101111 00111100 11101011 01100011 00110001  C.<.c1
000049c2: 10111110 11101001 01010110 10110001 11011010 10010100  ..V...
000049c8: 11111100 10000100 11110111 00010001 01001010 10111101  ....J.
000049ce: 00110001 00011011 11001001 01011100 00010001 10111010  1..\..
000049d4: 01111010 01010110 01100111 10111100 11111101 00000101  zVg...
000049da: 10101011 11100010 11101101 11100110 00010001 00011011  ......
000049e0: 11001000 11111001 01101100 01000011 10111101 11011011  ..lC..
000049e6: 11101111 00001111 10010100 10000100 11101110 10111001  ......
000049ec: 11011001 11010000 10111000 01000001 01100110 10011011  ...Af.
000049f2: 10001101 01111010 01000001 10100100 10000101 10111111  .zA...
000049f8: 01001111 10100100 01011000 11100110 11101110 10111011  O.X...
000049fe: 00110011 10110011 11010100 10010111 11011110 01001010  3....J
00004a04: 11100000 10001101 11000011 00010100 11010111 10101100  ......
00004a0a: 10011010 10111000 11101000 11100111 00011011 11101001  ......
00004a10: 00001101 01110010 10100110 01010111 11010111 00001100  .r.W..
00004a16: 11101110 10111001 11011001 10101110 11010001 11101001  ......
00004a1c: 11000110 11111011 01111101 10111100 10000101 10001001  ..}...
00004a22: 01111101 11100101 00110011 00010010 01010111 00001100  }.3.W.
00004a28: 00101110 10000101 11100010 11010100 11100111 10111001  ......
00004a2e: 01110110 00001100 11110101 10010111 10100000 10010101  v.....
00004a34: 00110110 01001010 11011010 11101001 11011100 10011011  6J....
00004a3a: 10011011 11010110 00110111 01100000 11001110 11001011  ..7`..
00004a40: 11010000 01001001 01011000 00010001 10010100 11010111  .IX...
00004a46: 10101100 10011011 11001001 01011000 00010001 10010100  ...X..
00004a4c: 11010111 10101100 10011011 11001001 01011100 00110000  ....\0
00004a52: 10111010 01111010 11011000 10001011 01100011 00101001  .z..c)
00004a58: 10101110 11111101 11011000 00111010 01111010 11011000  ...:z.
00004a5e: 10011010 01101001 01011101 10111101 01001000 01110110  .i].Hv
00004a64: 01101011 11010101 10011101 00011111 00011001 01101110  k....n
00004a6a: 01110001 10111101 01001001 10111100 10100110 00011000  q.I...
00004a70: 10100110 10111101 01001001 10111100 10100110 00011000  ..I...
00004a76: 10100110 10111101 10110001 00011100 11100011 00111101  .....=
00004a7c: 11101101 10001000 11100111 00011011 11010100 10011011  ......
00004a82: 11001000 01000101 00011100 11101110 11001000 01110110  .E...v
00004a88: 01111010 10001101 11101011 00111001 00110111 11001110  z..97.
00004a8e: 10000101 10111100 10101100 10010101 01111011 10110111  ....{.
00004a94: 01100000 10110100 00101110 10010000 11100110 10000101  `.....
00004a9a: 11011011 10000110 00100101 10011010 01010011 11000011  ..%.S.
00004aa0: 10011001 00111011 10011010 00010111 01101111 10000110  .;..o.
00004aa6: 11001101 01111000 00101111 01010110 00111101 11101011  .x/V=.
00004aac: 01000001 10110101 00100101 00000111 01000101 11101011  A.%.E.
00004ab2: 00111000 10001010 01010101 11010010 10110100 00101101  8.U..-
00004ab8: 10111011 01000111 11010011 00100101 10011010 01010010  .G.%.R
00004abe: 10101111 10011000 11011001 01100100 11011010 01111011  ...d.{
00004ac4: 11001100 01101101 00001000 01011010 10101110 10010101  .m.Z..
00004aca: 01111100 11110000 10100101 10010001 10110011 10011111  |.....
00004ad0: 11100011 10011101 01011101 00101010 11111001 11111011  ..]*..
00004ad6: 00101101 01100011 01111001 11111011 00001011 11001100  -cy...
00004adc: 01010011 01010011 10101110 01010100 11010111 01001010  SS.T.J
00004ae2: 10111100 01011000 10000100 11010111 00101010 01101011  .X..*k
00004ae8: 10100101 10110100 11111100 10000100 11110111 01100000  .....`
00004aee: 01000110 11101111 10100110 10111010 00010001 01000001  F....A
00004af4: 10101110 01010100 11001101 10010110 11001010 10000000  .T....
00004afa: 11110111 00110100 00101111 10111010 11101100 11001110  .4/...
00004b00: 11001101 10111110 11011110 01010101 11110011 11000010  ...U..
00004b06: 10010110 01000110 11001110 01111111 10001110 01110101  .F...u
00004b0c: 01110100 10101011 11100111 11000011 10001111 00010110  t.....
00004b12: 11011110 11110000 01010101 11010010 10101111 10011001  ..U...
00004b18: 00001000 01011011 01011100 10101001 01111011 11010011  .[\.{.
00004b1e: 01101000 01000010 10111001 01010011 01011101 00101010  hB.S]*
00004b24: 11110011 11101000 00101100 01110011 10011101 10011010  ..,s..
00004b2a: 10101110 10010110 11000010 11100000 00111101 11110100  ....=.
00004b30: 00001000 11100111 01110111 11110000 01010100 10110110  ..w.T.
00004b36: 10011000 01000011 10110111 11101100 00011001 11100111  .C....
00004b3c: 00000100 00010110 01010001 00101010 11111001 10001101  ..Q*..
00004b42: 10010110 01001101 10101010 11101001 00101010 00000100  .M..*.
00004b48: 11011110 10101110 00010000 10001111 01110111 11000010  ....w.
00004b4e: 00010001 11101110 11111000 01000010 01010001 11100110  ...BQ.
00004b54: 00010000 11101101 11111100 00010111 00101000 01111110  ....(~
00004b5a: 10001110 10101110 00011001 01101100 11111011 11011111  ...l..
00004b60: 01111110 11000000 10001101 11000111 10001010 10110011  ~.....
00004b66: 10001101 01101000 10101000 01010100 10110110 01010111  .h.T.W
00004b6c: 00000100 01100001 01010010 11011001 01011000 00010001  .aR.X.
00004b72: 10100110 11110011 11100010 00001110 01110111 01100000  ....w`
00004b78: 11001011 01100101 00011101 01011000 00010001 10111011  .e.X..
00004b7e: 11101001 10101110 10010101 00100100 11110011 01011100  ...$.\
00004b84: 10101001 10011011 11010101 11000011 00101101 10011111  ....-.
00004b8a: 01111011 11101111 11001101 00001011 11101110 11000100  {.....
00004b90: 10110001 01110110 00000100 01100001 01010010 11011001  .v.aR.
00004b96: 01011111 00011100 11101111 10110111 11011011 11010111  _.....
00004b9c: 10011111 01000001 01100011 10011100 11101100 11010101  .Ac...
00004ba2: 01110111 01010111 00001100 00101111 00000101 10011101  wW./..
00004ba8: 11010111 00111101 10011010 11101000 11101000 00101100  .=...,
00004bae: 01111011 10101100 00011110 11110000 01011001 11000001  {...Y.
00004bb4: 00110101 11011010 00111011 10110001 00101100 01011101  5.;.,]
00004bba: 10000011 00110101 10011110 01001100 00010111 00101010  .5.L.*
00004bc0: 01110101 11101110 01011100 01110100 11010110 01110110  u.\t.v
00004bc6: 00001100 10110110 00101001 10101110 10011111 01101111  ..)..o
00004bcc: 10110111 01010110 00001100 10110110 00101001 10101110  .V..).
00004bd2: 10000101 11010010 11010110 10000111 11111101 11001011  ......
00004bd8: 10011010 00010111 01101111 01011001 01101100 11010011  ..oYl.
00004bde: 01100101 10110010 10111000 00100011 00001010 11101010  e..#..
00004be4: 10000000 11110111 01111110 00010110 11101101 11111001  ..~...
00004bea: 10100001 01111101 11010001 00000111 01110100 01101110  .}..tn
00004bf0: 11000000 10001100 00101010 01011011 00101010 00000011  ..*[*.
00004bf6: 11011100 10100010 10001110 10101100 00010111 11010111  ......
00004bfc: 10111110 10111010 00111001 11011110 10100011 01110001  ..9..q
00004c02: 10010001 01101110 01101010 00111000 10001010 01010101  .nj8.U
00004c08: 11110101 00011111 01010001 01101011 00011010 10001001  ..Qk..
00004c0e: 01101100 10101110 00000110 00010101 11010101 11000001  l.....
00004c14: 00011001 01001101 01110111 11101101 00000101 01001000  .Mw..H
00004c1a: 10101001 01101101 00110010 00010110 11000011 10010100  .m2...
00004c20: 11010111 00000101 11011001 10101000 10010110 11010011  ......
00004c26: 00100001 01101100 00111001 01001101 01110000 01011101  !l9Mp]
00004c2c: 10011010 10001111 00110010 00010110 11000011 10010100  ..2...
00004c32: 11010111 00000101 11011001 10000101 01110101 01000000  ....u@
00004c38: 01111011 10010100 00111101 11100110 01000010 11011000  {.=.B.
00004c3e: 01110010 10011010 11110100 11000001 00010010 01111101  r....}
00004c44: 11101111 10010100 01001011 01100101 01010100 00010001  ..KeT.
00004c4a: 11011000 01100111 10111000 10001010 01010101 11100000  .g..U.
00004c50: 11100100 00110101 00010010 11011000 11111110 00010111  .5....
00004c56: 11000111 01000010 01010001 10111110 11110001 11011000  .BQ...
00004c5c: 00101111 10101110 11010001 11101010 11000111 10111100  /.....
00004c62: 11001000 01011011 00001110 10100011 10001000 10100101  .[....
00004c68: 01011101 10100010 00111001 10100001 01100101 01001111  ].9.eO
00004c6e: 00011010 00101101 11001101 00001011 11101101 00011111  .-....
00004c74: 01111011 11100101 00011110 01111000 01110011 00100111  {..xs'
00004c7a: 01111001 00011010 00010111 11011101 10010100 11101011  y.....
00004c80: 11100011 10110000 11110010 00110110 01101111 01000111  ...6oG
00004c86: 01010110 01011101 10001011 10011010 00010111 01101110  V]...n
00004c8c: 00011000 10011011 11110100 00101101 11111000 11110000  ...-..
00004c92: 10111010 01000010 10001110 10101010 10001100 11010111  .B....
00004c98: 01000010 00110100 00010110 01110011 10001010 00011111  B4.s..
00004c9e: 11101100 00011001 11100101 00110000 11001011 11010100  ...0..
00004ca4: 11101011 10001110 00000010 10100101 10110010 10101010  ......
00004caa: 00001000 11101100 00110100 11011110 01111101 01000111  ..4.}G
00004cb0: 01010101 11110111 10000111 11001010 10001110 00100000  U.... 
00004cb6: 11011100 11010000 10111110 11111010 00010011 01110110  .....v
00004cbc: 10001110 00011000 11101001 11011110 01100100 00101101  ....d-
00004cc2: 10000111 00111101 11101100 10110010 11110111 00100110  .=...&
00004cc8: 10001110 11000001 10011101 11111000 10001101 11110101  ......
00004cce: 11010000 10110111 11110010 00011010 11100101 10111111  ......
00004cd4: 10101011 00111010 01111010 11001110 01011110 01110001  .:z.^q
00004cda: 10011101 00001111 11100101 10111011 11110111 01100000  .....`
00004ce0: 11110110 11001101 11111011 00000100 01011000 10110101  ....X.
00004ce6: 01000100 10110110 00111110 00111001 01111001 11000110  D.>9y.
00004cec: 01110100 00111111 10010110 01111011 11011011 00110111  t?.{.7
00004cf2: 11101100 00010001 01100010 11010101 00011101 01010000  ..b..P
00004cf8: 11100100 00110011 11011100 01000101 00101010 11110000  .3.E*.
00004cfe: 01011110 11101101 01000111 00111110 00111001 01111001  ^.G>9y
00004d04: 11000110 01110100 00111111 10010110 01111011 11011011  .t?.{.
00004d0a: 00110111 11101100 00010001 01100010 11010101 00011110  7..b..
00004d10: 01001010 10101000 00100101 00011011 11101111 01111100  J.%..|
00004d16: 11110011 00100001 01101100 00111010 10001110 00100000  .!l:. 
00004d1c: 11011100 11010000 10111111 10101100 11001110 10011101  ......
00004d22: 11010000 01010100 11110110 01011001 00010110 00111001  .T.Y.9
00004d28: 11101111 10100110 01000011 01110100 01111101 00001101  ..Ct}.
00004d2e: 11000110 10110100 01010101 11011000 00110011 10111010  ..U.3.
00004d34: 11110100 10000011 01001101 10010110 11010101 11100111  ..M...
00004d3a: 11001000 01100000 10101110 11101010 10101000 00100011  .`...#
00004d40: 10110000 11010011 01100101 10110010 10100000 00111101  ..e..=
00004d46: 11001101 10001000 00010100 01110001 01110110 11110100  ...qv.
00004d4c: 10000011 01010001 11001111 10001110 01011110 01110001  .Q..^q
00004d52: 10011101 00001111 11100101 10011110 11110110 11001101  ......
00004d58: 11111011 00000100 01011000 10110101 01000100 10110110  ..X.D.
00004d5e: 01010111 00000100 01101110 10010110 11001110 11000001  W.n...
00004d64: 10011100 01100111 01000011 11111001 01101101 01110001  .gC.mq
00004d6a: 10100010 11000010 10100101 10110100 11111111 00010110  ......
00004d70: 11110100 11100011 00110101 11001010 10011111 01101011  ..5..k
00004d76: 11101111 11100000 01101110 10101010 10000010 00111011  ..n..;
00004d7c: 00001101 01000100 10110110 10011111 00000101 00010010  .D....
00004d82: 11011010 01111011 00001111 11110011 01000010 11111000  .{..B.
00004d88: 01000011 10110111 11111010 01101011 10111001 11001111  C..k..
00004d8e: 01110100 00101101 11111000 10001010 00111001 11011100  t-..9.
00004d94: 11001000 01000111 01110110 00001011 11101011 10110000  .Gv...
00004d9a: 01011100 10101001 11110000 10110110 10100010 01011011  \....[
00004da0: 00101010 00111111 00110111 11001100 00110000 11010011  *?7.0.
00004da6: 01111100 11110010 01001101 00011011 10111111 01110110  |.M..v
00004dac: 00001110 11000001 10011100 11001000 01000111 01011100  ....G\
00004db2: 10010100 10100010 01011011 00001000 10100101 01011111  ..[.._
00004db8: 01010001 01101011 00011001 11101111 01011001 01101101  Qk..Ym
00004dbe: 11101110 11011100 00010011 01011101 10100011 10001111  ...]..
00004dc4: 00010101 01100111 10000101 10110101 00010010 11011010  .g....
00004dca: 01111011 00001111 01111011 10110010 10011010 11101101  {.{...
00004dd0: 10000101 10111110 01011010 10001001 01101101 00111101  ..Z.m=
00004dd6: 10000111 11011110 11100001 00001110 11011111 11000001  ......
00004ddc: 01010001 00101101 10010101 11000001 00011011 10011010  Q-....
00004de2: 00010110 10100101 10110011 11101111 00010111 00101010  .....*
00004de8: 01111101 11110101 11011000 00110011 11000100 11101001  }..3..
00004dee: 11010001 10101011 10110110 01111000 00011011 10000110  ...x..
00004df4: 00111010 01110101 00010010 11011001 01010101 00000100  :u..U.
00004dfa: 10100011 01111010 10100000 11110110 01010001 00101101  .z..Q-
00004e00: 10010101 01110001 00000111 00111101 11011010 11110101  .q.=..
00004e06: 01100111 10000101 10110101 00010010 11011001 01011110  g....^
00004e0c: 00010110 11101101 11111001 10100001 01111111 01101111  .....o
00004e12: 10110111 10010101 01111100 11000110 11001011 00100110  ..|..&
00004e18: 11010101 01110100 10110110 01010100 00111001 00001101  .t.T9.
00004e1e: 01000111 01010111 00000100 01101111 10111100 01110011  GW.o.s
00004e24: 01000010 11111100 11101011 01000100 11101000 11010110  B..D..
00004e2a: 01110111 11110011 11101111 00000010 10100101 10110001  w.....
00004e30: 11110001 11001011 11001110 00110011 10100001 11111100  ...3..
00004e36: 10110011 11011110 11011001 10111111 01100000 10001011  ....`.
00004e3c: 00010110 10101000 11100111 11000111 00101111 00111000  ..../8
00004e42: 11001110 10000111 11110010 11001111 01111011 01100110  ....{f
00004e48: 11111101 10000010 00101100 01011010 10100011 10011111  ..,Z..
00004e4e: 00011100 10111100 11100011 00111010 00011111 11001011  ...:..
00004e54: 00111101 11101101 10011011 11111001 00110000 01000101  =...0E
00004e5a: 10001011 01010100 01110101 01100000 10111110 10111011  .Tu`..
00004e60: 11110000 10110111 01101111 11101011 01100111 11010100  ..o.g.
00004e66: 01111010 10010110 00111000 01111100 01001101 01011111  z.8|M_
00004e6c: 00101101 11101110 00110111 00010011 10111110 10011010  -.7...
00004e72: 00100101 00011011 10001111 00001110 10001011 01101101  %....m
00004e78: 01011001 11010111 00101101 11100110 11110011 11100011  Y.-...
00004e7e: 10010111 10011110 01000011 00111010 00011111 11001011  ..C:..
00004e84: 00111101 11101101 10011011 11110110 00001000 10110001  =.....
00004e8a: 01101010 10001001 01101100 10101000 11111100 11011001  j.l...
00004e90: 01101101 00110000 10000111 01101111 11100000 10011110  m0.o..
00004e96: 11110011 00100001 01101100 00111010 01101111 00010001  .!l:o.
00004e9c: 01001010 10111000 11110001 01010101 11001001 01001001  J..U.I
00004ea2: 10110010 11011001 01010001 11111001 10111110 01111011  ..Q..{
00004ea8: 00001101 11101001 10001000 11011110 10001001 01101100  .....l
00004eae: 10101000 01110010 00011010 10001110 10101000 01110010  .r...r
00004eb4: 00011010 10001110 00100111 00011101 00001011 10010110  ..'...
00004eba: 00100101 10011100 01101111 10101100 11001110 11000001  %.o...
00004ec0: 10011100 00110001 00110111 10100010 01010101 11110011  .17.U.
00004ec6: 00011011 00101100 10011011 01010101 11010010 11011000  .,.U..
00004ecc: 01000110 01010011 01011100 01011010 10111101 00110111  FS\Z.7
00004ed2: 01001010 11010000 10110110 11111011 01111101 10111100  J...}.
00004ed8: 10110110 01010100 01111110 01101111 01010100 00000000  .T~oT.
00004ede: 10011011 00101101 10100111 11000001 10010101 01010001  .-...Q
00004ee4: 00101101 10100111 10110000 11000001 01110010 10100111  -...r.
00004eea: 10000010 01001110 10011101 10000101 10111101 00011101  .N....
00004ef0: 01011111 00111011 11111001 01101100 11100010 11010101  _;.l..
00004ef6: 11101001 10011110 11101011 00001111 10110111 11011011  ......
00004efc: 11001011 01100101 01011100 01000001 11001111 01111011  .e\A.{
00004f02: 10001101 11001101 00001011 11101111 10100001 00110110  .....6
00004f08: 01101111 11011010 00111101 01101100 11101000 11101000  o.=l..
00004f0e: 00101100 01111011 10100011 10011101 11001101 00001011  ,{....
00004f14: 11100000 10011011 11110110 10001111 10111100 01110111  .....w
00004f1a: 11010011 01011101 00110100 01110101 00011101 01010000  .]4u.P
00004f20: 11100100 00110000 10101001 01101100 10101000 00001111  .0.l..
00004f26: 01110001 11100010 10101100 11110000 01010011 01111010  q...Sz
00004f2c: 10110000 00100011 00101001 10101110 11000001 10011101  .#)...
00004f32: 11001001 10100110 11101100 00010111 00101010 01111100  ....*|
00004f38: 00010111 10101000 11011110 10101011 10010110 11110100  ......
00004f3e: 01110101 01100000 11001111 00111010 11010111 00100001  u`.:.!
00004f44: 11110011 01011010 11100001 10010110 11001110 11111010  .Z....
00004f4a: 01101011 11001000 01011010 10111101 00110110 11011111  k.Z.6.
00004f50: 01101110 00101110 01010010 00010011 01111100 10110110  n.R.|.
00004f56: 01010100 01111110 01101100 10110110 10011000 01100001  T~l..a
00004f5c: 10011110 11101111 10000010 00110010 10011010 11101100  ...2..
00004f62: 00001000 11000010 10100101 01011111 00111101 11001011  ..._=.
00004f68: 00011110 10000101 11101011 10001110 00010111 00011100  ......
00004f6e: 11100111 01100101 01110100 10110110 01010110 00000100  .et.V.
00004f74: 01100101 00110101 10110111 11011011 10001001 10101110  e5....
00004f7a: 11000000 10001101 11101011 00111010 00100011 01110001  ...:#q
00004f80: 01010010 10101111 10011001 10111101 00100001 10101010  R...!.
00004f86: 11101001 01010111 10011111 00101111 01101101 11111000  .W./m.
00004f8c: 11100001 01111011 01001110 10111001 01010011 01011101  .{N.S]
00004f92: 00101010 11111001 10001101 10010110 01001101 10101010  *...M.
00004f98: 11101001 01001010 01111110 00110111 10101101 10001110  .J~7..
00004f9e: 10000011 11011001 10111111 10101010 00001011 01001101  .....M
00004fa4: 10010110 11101000 01011011 11111010 10110010 01001010  ..[..J
00004faa: 11111001 11101001 10001111 10000111 10110010 11000110  ......
00004fb0: 01111100 00110010 11011001 11011010 00101001 11000110  |2..).
00004fb6: 00001100 10110100 10010101 11110001 00101101 01110010  ....-r
00004fbc: 01010011 10100111 10110010 01011100 10000111 10000100  S..\..
00004fc2: 01101001 00110000 00100011 01110000 01001101 01110001  i0#pMq
00004fc8: 10100001 01110110 11111010 01110110 01100001 11101100  .v.va.
00004fce: 11010100 10100110 00111000 11011010 11101011 11010111  ..8...
00004fd4: 01100000 10110100 00101110 10010000 11101000 11100111  `.....
00004fda: 01110011 10101110 01011011 11101011 11000000 11011101  s.[...
00004fe0: 11111100 01000110 00001100 10110100 10100101 10110100  .F....
00004fe6: 11111001 00000010 01101100 10100101 00110010 00011001  ..l.2.
00004fec: 11011111 10111011 10011101 11010001 11001111 10100001  ......
00004ff2: 10110101 11101011 01100111 01100000 11001111 00000100  ..g`..
00004ff8: 11100011 01110110 00001011 10010101 00110010 01010110  .v..2V
00004ffe: 00000100 01101110 00111100 01010101 10011010 11110101  .n<U..
00005004: 10110001 10011111 11001100 00101111 01010110 01110100  .../Vt
0000500a: 00101101 11111011 00000110 01110100 01111100 01100101  -..t|e
00005010: 10111011 11101001 10101110 01010100 11001001 01011000  ...T.X
00005016: 00010001 10111000 11110001 01010110 01101011 10001101  ...Vk.
0000501c: 01101000 10101011 10111010 11100111 10101110 01010100  h....T
00005022: 11111011 10010111 01001110 11111100 01011001 11011011  ..N.Y.
00005028: 11001001 10000001 00011001 01001101 01111101 01000111  ...M}G
0000502e: 11011101 00101010 00101111 01010110 00100001 01001010  .*/V!J
00005034: 10111100 11111011 01101000 01000011 10110101 01011101  ..hC.]
0000503a: 00100101 01000000 01111011 11000000 01101101 00000001  %@{.m.
00005040: 10110100 00000110 11010000 00010010 11011010 01100001  .....a
00005046: 10000110 10011011 00100101 01011010 01101100 11100100  ..%Zl.
0000504c: 01111011 10111001 00110110 01110010 00111101 11011100  {.6r=.
00005052: 10011011 00111001 00110110 01110010 01101100 11100100  .96rl.
00005058: 10010101 01111001 11110010 00011000 00111011 10010001  .y..;.
0000505e: 01110100 10000101 11001010 10011010 11101001 00101010  t....*
00005064: 11010011 01100111 00100011 11011101 11001001 10110011  .g#...
0000506a: 10010001 11101110 11100100 11011001 11001001 00101001  .....)
00005070: 01101100 10101100 00011001 01101100 11110111 01101111  l..l.o
00005076: 01111101 00111101 11000101 10010110 10111001 00001111  }=....
0000507c: 10011010 11010101 00011100 11111110 00010111 01101110  .....n
00005082: 00110010 11011001 01110110 11001110 10001111 10100101  2.v...
00005088: 11011011 01011100 11010000 10111010 00100101 10110010  .\..%.
0000508e: 10110000 00100011 00101001 10101110 10101010 01011010  .#)..Z
00005094: 10101110 00000111 00010101 00101101 10001111 11110001  ...-..
0000509a: 00000001 11101110 00100111 00111000 10100001 11111010  ..'8..
000050a0: 00111001 11111100 00101111 10011100 01010000 11111011  9./.P.
000050a6: 11011110 01100100 00101101 10000111 01110110 00001011  .d-.v.
000050ac: 10010001 11011010 11101010 10111000 10110110 11111110  ......
000050b2: 01111111 01001011 00001011 11001011 01000100 11011101  .K..D.
000050b8: 01001101 01110001 11100010 10101001 11011000 01011010  Mq...Z
000050be: 01000110 10111001 01010011 11000110 10001011 01111001  F.S..y
000050c4: 01101010 00101010 11000110 00001011 10010101 00101111  j*.../
000050ca: 01111110 11111000 01011100 01110000 11100010 01110110  ~.\p.v
000050d0: 00001011 10010001 11011110 10101100 01000010 11010111  ....B.
000050d6: 00001100 11100000 10011010 11101001 11101101 10001000  ......
000050dc: 11100111 00011011 11101101 11110110 11101010 10001111  ......
000050e2: 11001101 10010110 11000010 11100101 01001111 01110001  ....Oq
000050e8: 00011110 11101011 00001101 10111110 11011111 10001001  ......
000050ee: 11101001 01011110 01101011 01011101 11111100 11110101  .^k]..
000050f4: 10110001 10011011 00101101 11101010 10000011 11011001  ..-...
000050fa: 11100000 10101000 10010110 11010011 00101011 10110110  ....+.
00005100: 01010001 11001111 10001011 01100111 10111100 11001000  Q..g..
00005106: 01011011 00001110 00010101 11000100 01010010 10101111  [...R.
0000510c: 10110111 11011011 10001000 10100101 01011101 11111000  ....].
00005112: 10110101 10101111 10011011 11110100 10101101 00001011  ......
00005118: 01101110 10101010 10000010 00111011 00001101 01000100  n..;.D
0000511e: 10101011 11001111 10001110 01011101 01101010 11011001  ...]j.
00005124: 01101011 10010101 00110101 11010010 11011001 01011100  k.5..\
0000512a: 00010001 10000101 01001011 01100001 00111101 01011000  ..Ka=X
00005130: 10000100 11110111 01110100 01000001 11011101 00011011  ..tA..
00005136: 10000101 11101010 10100011 11001100 00110011 11101111  ....3.
0000513c: 00011001 10100010 01010001 10111011 10100010 00001110  ..Q...
00005142: 11111010 10001111 01001100 01000110 11110100 01111001  ..LF.y
00005148: 01101100 10101110 00001000 11011101 00101101 10011100  l...-.
0000514e: 11010000 10111110 11001000 11100011 10101110 01010100  .....T
00005154: 11110100 10101101 00001011 01100001 01011100 01000101  ...a\E
0000515a: 00101010 11100011 01011100 10110010 10001001 01101100  *.\..l
00005160: 10101100 00001000 11001010 01101011 10111110 00001000  ...k..
00005166: 11011101 10000011 00001101 11010001 11001111 10100001  ......
0000516c: 10110101 11110100 10000110 01111011 10100001 01101111  ...{.o
00005172: 11011000 00110000 10111001 01100100 11110001 01101110  .0.d.n
00005178: 11000001 01110010 10100111 10011010 00010111 11001110  .r....
0000517e: 00101000 01111101 11101110 01101000 01011010 10010110  (}.hZ.
00005184: 11001111 00000101 11100100 01101000 01011101 10111101  ...h].
0000518a: 01100100 00011100 11101010 00111010 10101011 00010011  d..:..
00005190: 01111010 00100101 10110001 11111100 00101111 10011100  z%../.
00005196: 01010000 11111011 11011111 01000001 10001010 01101011  P..A.k
0000519c: 11011010 11110100 10000011 01010001 11001111 11100001  ...Q..
000051a2: 01111101 11010001 00000111 01110100 01111100 01100101  }..t|e
000051a8: 10111010 10001110 10101010 10001110 01101000 01011111  ....h_
000051ae: 01111101 00001001 10111011 01000111 11010101 11011011  }..G..
000051b4: 11101111 00001111 10010000 10101001 01101100 00101110  ....l.
000051ba: 00000011 11011100 11010000 10111110 01110001 01000011  ....qC
000051c0: 11101111 01110001 00010100 01110011 10111101 01001000  .q.s.H
000051c6: 01110110 01110011 01000010 11111110 10100010 10101100  vsB...
000051cc: 11101101 10001001 01000100 10110110 00010011 11101111  ..D...
000051d2: 01111101 11001001 01000110 11101111 10100001 00110111  }.F..7
000051d8: 01101000 11111010 01000011 01110010 10000110 00001011  h.Cr..
000051de: 10010010 10001111 01111010 11001011 01101110 00100111  ..z.n'
000051e4: 10100110 00011011 10110000 01011111 01011101 10011111  ..._].
000051ea: 10111001 01010011 10011110 11100101 11101010 00110111  .S...7
000051f0: 00101100 00011100 11100111 10111010 00010110 11111110  ,.....
000051f6: 01001111 10000110 00010111 00010011 10110010 11101100  O.....
000051fc: 01011110 10100011 01110000 11000100 11011111 10111010  ^.p...
00005202: 11100111 01100111 01100000 10111110 10011110 11101110  .g`...
00005208: 10001000 00111001 11101111 00101010 11110011 11100100  .9.*..
0000520e: 00010110 01101011 10001111 01100101 10010000 11100001  .k.e..
00005214: 01011101 00101101 10010101 00011111 10011011 11100110  ]-....
0000521a: 01110011 00000101 01001011 01100101 01110000 10000101  s.Kep.
00005220: 00110101 11000001 01100101 01001101 10001100 00101011  5.eM.+
00005226: 10001000 10100011 10011101 11000110 10111001 01101111  .....o
0000522c: 11010111 10101111 10101000 10101011 00111110 11110111  ....>.
00005232: 00100010 11001011 01010001 00101101 10000100 01010001  ".Q-.Q
00005238: 11001110 11110100 11100011 01110110 00001100 11100011  ...v..
0000523e: 01011110 11011000 11111100 01000110 11110100 01001011  ^..F.K
00005244: 01101001 10000110 00011001 11101110 11111000 01100101  i....e
0000524a: 10110011 10011010 00010111 11101001 10001011 10010010  ......
00005250: 10000010 10111010 10100000 00111101 11101010 01000010  ...=.B
00005256: 01111011 10001001 11000111 01000010 01010001 10111000  {..BQ.
0000525c: 11011001 10001110 11110101 00011011 10110100 01100110  .....f
00005262: 10100110 11110001 00111110 11110000 01001010 00110111  ..>.J7
00005268: 00000100 00111101 10011101 00001000 11011110 01001101  .=...M
0000526e: 00011001 10101001 10111100 01001110 11000001 01110010  ...N.r
00005274: 00111011 10001001 11001011 00110011 01111110 10011100  ;..3~.
0000527a: 00010111 01001101 00010010 10010110 11010011 11110101  .M....
00005280: 01010101 01010001 11010101 10000010 11111010 11110111  UQ....
00005286: 11010111 10100110 00100011 01111010 00111010 10110000  ..#z:.
0000528c: 01011111 01011110 11111010 11110110 11000100 01110011  _^...s
00005292: 10001101 11101001 10001000 11011110 10001110 10101110  ......
00005298: 00001000 11011110 11111010 11101100 00010111 11010000  ......
0000529e: 10101001 01101100 00101110 00000011 11011101 11111100  .l....
000052a4: 11001101 11101100 10001101 01000111 00010111 01100001  ...G.a
000052aa: 10101111 10101101 01100101 10101111 10011111 01001100  ..e..L
000052b0: 01100111 01100101 00010010 11011010 01111011 00011100  ge..{.
000052b6: 11101011 11101111 10111101 11001010 10011010 00111010  .....:
000052bc: 10111110 00111001 11001111 01110110 00001011 11101011  .9.v..
000052c2: 11011111 01011111 01111100 01110101 11000111 10111100  ._|u..
000052c8: 00101111 01010100 01001011 01100101 01111100 01110011  /TKe|s
000052ce: 10011110 11101100 00011000 01100101 00101101 10011101  ...e-.
000052d4: 00011101 10101000 11110100 11011011 00010001 10111101  ......
000052da: 11001011 11101001 10110001 11111101 01010001 11100111  ....Q.
000052e0: 10110000 11111011 11011100 01001111 10111100 00010010  ...O..
000052e6: 10001101 11101010 11000100 00101110 11010001 11101011  ......
000052ec: 01011001 00101001 01111011 11010110 01011011 01110001  Y){.[q
000052f2: 00111100 10101010 01000011 10110011 10100111 10101011  <.C...
000052f8: 00010000 10111011 11111001 10011011 11011001 00011011  ......
000052fe: 11101001 10110001 11111010 00100101 01011110 01111101  ...%^}
00005304: 00000101 10001110 01110011 10101110 01010100 11010111  ..s.T.
0000530a: 01001010 10111110 01100110 11110100 10000110 10101011  J.f...
00005310: 10100101 10110000 10011110 10010101 11100110 10110101  ......
00005316: 11000100 01010001 11001110 11110101 10110011 11101111  .Q....
0000531c: 01110010 10111001 01010011 11010011 10111010 11101100  r.S...
00005322: 11001110 11001111 10111101 11000110 00011011 00101101  .....-
00005328: 10000100 11001110 00110111 01101000 10101010 00101101  ..7h.-
0000532e: 01101000 01111111 10010101 11101001 00000110 10100010  h.....
00005334: 01010101 11110011 00010101 10111010 01110110 10101011  U...v.
0000533a: 10100101 10110100 11111100 10000110 10101101 10011100  ......
00005340: 11010000 10111110 00111010 00010111 00011110 00101010  ..:..*
00005346: 11001110 01111010 11111010 10111011 01111010 10110011  .z..z.
0000534c: 11011100 10111011 00000110 01111101 00111110 10010101  ...}>.
00005352: 01001110 11111010 10001010 10110001 10101111 01010110  N....V
00005358: 01010001 11000100 01010001 11001110 11100011 11000100  Q.Q...
0000535e: 00011101 11010001 11001110 11100111 01011100 10110111  ....\.
00005364: 11110010 10000001 10111110 10011001 01100011 00001101  ....c.
0000536a: 11000110 10001011 01110011 01000010 11101000 11110011  ..sB..
00005370: 00101111 10100101 01010011 10111011 01000010 01101111  /.S.Bo
00005376: 11110101 00001011 10011100 11110111 00011010 11111010  ......
0000537c: 00001111 10000110 11001110 11001001 01100110 01001011  ....fK
00005382: 01100111 11011011 11101101 11001101 00001011 11100100  g.....
00005388: 10010101 01100111 10111011 01010001 00101010 11110011  .g.Q*.
0000538e: 11101000 00101100 01110011 10011101 10011010 10101110  .,s...
00005394: 10010110 11000010 00101001 10111111 01110101 11001110  ..).u.
0000539a: 11001110 11000000 10001101 01000100 10101011 11100110  ...D..
000053a0: 01011100 10111011 01001110 11010011 11011101 11001000  \.N...
000053a6: 10111010 01000011 01010101 11010010 10010100 11001110  .CU...
000053ac: 01100111 01100000 11001111 00111000 11010110 01001010  g`.8.J
000053b2: 10101111 10111110 10111010 00111010 00001010 10011110  ...:..
000053b8: 11000001 10011110 01111011 01110111 01100100 10100101  ..{wd.
000053be: 10110000 10111001 01010011 11011100 01011001 01101011  ..S.Yk
000053c4: 10010000 11111001 10101101 00001010 10010100 10010101  ......
000053ca: 11010001 10000111 00001110 11000001 10011111 01001011  .....K
000053d0: 00101011 01011111 01011001 11000110 10110100 01010101  +_Y..U
000053d6: 11010011 10110101 10100010 01110101 11000111 11110111  ...u..
000053dc: 11010011 10110010 01010010 11011000 11111111 00110100  ..R..4
000053e2: 11110111 10011001 00001011 01100001 11000010 10100101  ...a..
000053e8: 10110000 10001111 01110101 11010100 11110111 00010011  ..u...
000053ee: 10111110 10011010 11101111 11000001 01101111 10010110  ....o.
000053f4: 10111001 01010011 01000100 10100101 00111100 00001011  .SD.<.
000053fa: 11010011 01111011 01100101 01011001 01010101 01101100  .{eYUl
00005400: 10110011 11011111 01110100 10110011 10101110 01010100  ..t..T
00005406: 11110100 01110011 10111011 00000110 01110111 11000010  .s..w.
0000540c: 11101110 11001001 01001011 01101001 11110101 10110011  ..Ki..
00005412: 10011010 00010111 10110111 11011011 11001010 01000111  .....G
00005418: 11110000 10111111 01011011 00011101 00000101 01001111  ..[..O
0000541e: 01101000 11110101 01100100 10100101 01011111 00110011  h.d._3
00005424: 01111010 01000011 01010101 11011110 01011011 01001111  zCU.[O
0000542a: 10101101 10011100 11010000 10111111 01001100 00010001  ....L.
00005430: 00100111 11000100 01101110 11000000 10001100 00101010  '.n..*
00005436: 01010101 11100111 11010000 01011000 11100111 00111011  U..X.;
0000543c: 00110101 01011101 00101101 10100111 11100100 00100111  5]-..'
00005442: 10111101 11110100 01001010 00110111 01100000 10111110  ..J7`.
00005448: 10111101 10100010 10100100 00100110 10111000 11100010  ...&..
0000544e: 10111100 11110000 00101111 01001101 11011101 00010000  ../M..
00005454: 01110111 01000110 11101100 00001000 11011111 01001011  wF...K
0000545a: 00101101 01100011 01010001 00101101 10100110 01010110  -cQ-.V
00005460: 01011010 11000110 00010101 00101101 10010101 00000001  Z..-..
00005466: 11101110 01010001 00110111 10001001 11101010 11000100  .Q7...
0000546c: 00100111 10111101 11011001 01001101 01110111 00100011  '..Mw#
00005472: 01100101 00011100 01001101 10000100 01100101 00110101  e.M.e5
00005478: 11001111 01100101 10001101 11011100 10001101 10010100  .e....
0000547e: 01001011 01100101 01110000 01000110 00010101 00101101  KepF.-
00005484: 10010101 11010010 11101101 11010011 11010101 01110010  .....r
0000548a: 01011011 01100101 00011100 01001111 10101100 11001110  [e.O..
00005490: 11111000 00100011 00101001 10101111 01001100 01011100  .#).L\
00005496: 10010100 11110000 01011100 00110010 11011001 01000111  ..\2.G
0000549c: 00111111 10000101 10101001 01101100 11101000 00110101  ?..l.5
000054a2: 10010010 11111011 11111000 00011011 10110000 01100111  .....g
000054a8: 11011101 00101100 01110011 11011110 01001001 01101100  .,s.Il
000054ae: 00100101 00011011 10011010 00010110 00101010 01011011  %...*[
000054b4: 00011111 11100110 10100110 11110011 11111100 11010011  ......
000054ba: 11011101 10000001 00011001 01001101 01111011 10110101  ...M{.
000054c0: 00011100 01000101 00101010 11101101 10010110 10110101  .E*...
000054c6: 11000110 10111110 01101111 01000111 00111111 10000101  ..oG?.
000054cc: 11110011 10001010 00011111 01111011 10001000 10100110  ...{..
000054d2: 11111110 10110110 00110011 01100101 10111101 00110001  ..3e.1
000054d8: 11101110 01011010 10111110 11111001 01000100 10110110  .Z..D.
000054de: 01010101 01000001 00101000 11011100 01101100 11000111  UA(.l.
000054e4: 01111010 11001001 10111011 11011100 01011001 01101011  z...Yk
000054ea: 10010000 11111001 10101101 01010001 11000100 11101011  ...Q..
000054f0: 11010110 01101111 11011010 00111101 01101100 11101000  .o.=l.
000054f6: 00110101 10010010 11111011 11111000 00011011 10110000  5.....
000054fc: 01100111 11011101 00101100 01110011 11011101 10100010  g.,s..
00005502: 00011110 11101011 00100110 10111011 10111100 10110110  ..&...
00005508: 11111011 01111001 10000110 00011001 11101110 01010000  .y...P
0000550e: 11110111 01111101 00101110 11010100 01110001 00010100  .}..q.
00005514: 10101011 11101001 10101110 11100111 01110100 00011010  ....t.
0000551a: 11001001 01111101 11111100 00001101 11011000 00110011  .}...3
00005520: 11101110 10010110 00111010 10001001 01010111 11001100  ..:.W.
00005526: 10000101 10110000 11101111 10101011 11010010 00011010  ......
0000552c: 10101110 10010111 11011010 01100011 00010001 10111111  ...c..
00005532: 00101011 11010010 00001101 01000100 10111110 11010011  +..D..
00005538: 00011000 10001101 11111001 01011110 10010000 01101010  ...^.j
0000553e: 00100101 01011110 10101010 10001000 10110111 00011110  %^....
00005544: 11011000 10000111 01101010 10111010 01011011 00101010  ..j.[*
0000554a: 00000000 01001101 11110011 11011000 01111111 10001001  .M....
00005550: 11101101 10001000 11100111 00011011 11101011 00110011  .....3
00005556: 10111110 00001000 11001010 01101011 11010011 00010111  ...k..
0000555c: 00100101 00111100 00010111 00001100 10110110 01010001  %<...Q
00005562: 00101101 10010101 00000001 11101110 11111000 00100011  -....#
00005568: 01110100 10110110 01110011 01000010 11111011 00100011  t.sB.#
0000556e: 10001110 10111001 00101001 11010010 10110100 00101101  ..)..-
00005574: 10000101 01001011 01100001 00111110 11110000 01001010  .Ka>.J
0000557a: 00110111 11000011 11011000 01011101 11110100 00100010  7..]."
00005580: 01001110 00011000 10010110 11110111 01101010 00111010  N...j:
00005586: 10101110 00100000 11100111 10111000 10001010 01010101  . ...U
0000558c: 11010000 10111010 00010101 11101010 01000111 00111101  ....G=
00005592: 11010000 10110111 11100010 01111010 01100001 10111101  ...za.
00005598: 11001011 01001101 01110010 00011101 10110101 01000111  .Mr..G
0000559e: 10010100 11111000 10110111 11100010 01110011 10001010  ....s.
000055a4: 00011111 11100110 10000101 11110110 01111110 00111011  ....~;
000055aa: 11111001 01101100 11111011 11011110 10011010 01101110  .l...n
000055b0: 01001010 01111000 00101111 10001000 00111000 01111000  Jx/.8x
000055b6: 01100000 11001011 01010001 11000100 11100011 11000010  `.Q...
000055bc: 11011101 10111111 00011011 00110001 11011110 11101101  ...1..
000055c2: 01000100 10110110 00111111 10000101 10101001 01101100  D.?..l
000055c8: 11100011 11011001 00100111 10011000 11010100 01110001  ..'..q
000055ce: 00010100 10101011 10001011 01010111 10100110 11110101  ...W..
000055d4: 10101101 01110010 10100110 11100101 01001111 00001100  .r..O.
000055da: 10110111 10101100 10000011 10011101 11011010 00111100  .....<
000055e0: 11111110 10010110 00010111 10010110 10001001 10111101  ......
000055e6: 00010010 11011001 01010000 00011110 11100011 11000101  ..P...
000055ec: 01011001 11100000 10011110 11110011 00100001 01101100  Y...!l
000055f2: 00111010 10001110 10101110 10000111 01100111 01011100  :...g\
000055f8: 11101110 10000101 10111111 11010101 01011000 11100111  ....X.
000055fe: 01110110 00001100 11110011 10000011 00101101 00010101  v...-.
00005604: 01000001 01100110 10101000 11110011 11000000 10111101  Af....
0000560a: 00110111 10100110 00111100 00010111 10111001 01111001  7.<..y
00005610: 00100001 01101111 11011011 00011100 11101110 00011001  !o....
00005616: 01101110 00010000 11111111 00110100 00101111 10001101  n..4/.
0000561c: 10011000 11101010 00100101 10110000 10011011 01111101  ..%..}
00005622: 10111010 10110000 01100101 10110001 01001101 01110010  ..e.Mr
00005628: 10000110 00001011 10010101 00111101 10100011 10110110  ...=..
0000562e: 00111001 11010100 01110011 11100110 01101010 11111011  9.s.j.
00005634: 11100110 10011110 11111000 01111011 00001011 11011100  ...{..
0000563a: 01101110 00100111 11011110 11111011 11110110 11000111  n'....
00005640: 00111011 10000110 01011011 10110000 00100011 00111101  ;.[.#=
00005646: 11100100 11111110 00111001 11001111 01110011 01000010  ..9.sB
0000564c: 11111001 11000101 00001111 11111101 10111110 11011101  ......
00005652: 00001011 01111110 00100010 10010101 01110010 10000110  .~".r.
00005658: 11111010 01000011 01011100 10010100 11100010 01111101  .C\..}
0000565e: 11100011 10101000 00111010 00101111 01011001 11000100  ..:/Y.
00005664: 11111011 11000001 00101000 11011111 01101111 10110111  ..(.o.
0000566a: 11010000 01100010 10011010 11101001 11100101 00111010  .b...:
00005670: 11010111 00100001 11110011 01011010 01111011 10100001  .!.Z{.
00005676: 01101111 11000100 01010010 10101111 10110111 11011011  o.R...
0000567c: 11001011 01101001 11110001 01111000 10110101 00111000  .i.x.8
00005682: 00101010 01011011 00011111 11100010 00000101 00011110  *[....
00005688: 01111100 01011110 00101101 01001110 01010001 00101101  |^-NQ-
0000568e: 10100110 00011000 01100111 10111011 11100001 10010110  ..g...
00005694: 11001110 01101000 01011111 10100110 00101110 01001010  .h_..J
0000569a: 00001010 10010110 11001010 11010001 11101001 11000110  ......
000056a0: 10100010 10001010 00111101 01010000 01111011 00111000  ..=P{8
000056a6: 11010111 10110110 00111111 00010001 10111101 00010010  ..?...
000056ac: 10101111 10011001 10111101 00100001 10101010 11101111  ...!..
000056b2: 00101001 01101100 00101100 10110101 11001000 01111100  )l,..|
000056b8: 11010110 10000101 01110001 01100101 10101110 01000011  ..qe.C
000056be: 11100110 10110101 11100111 11111011 11000001 00100000  ..... 
000056c4: 10101110 00101100 10110101 11001000 01111100 11010110  .,..|.
000056ca: 10011110 11101111 10000110 01011011 00111010 01011011  ...[:[
000056d0: 00111001 10100001 01100010 10100101 01011110 10101111  9.b.^.
000056d6: 01110010 10100111 01011100 01100111 00101101 10011011  r.\g-.
000056dc: 00101101 01110010 10100110 10111010 01011011 00001011  -r..[.
000056e2: 00101101 01110010 00011111 00110101 10100001 01010010  -r.5.R
000056e8: 10101111 00111110 11011011 00010000 11101011 10010101  .>....
000056ee: 00110101 11010010 10101111 10011000 10100110 10100111  5.....
000056f4: 01101010 10111010 01011011 00001000 11001010 01101011  j.[..k
000056fa: 10011110 11001011 00011011 11101010 01110100 01000001  ....tA
00005700: 11000110 11110111 00101110 00011001 01101100 10100011  ....l.
00005706: 10001001 11010010 11100100 10100011 01111001 11001110  ....y.
0000570c: 01000011 01011100 10101001 11100101 00011110 10010100  C\....
00005712: 10101011 00110101 01000100 10101011 11100110 01000111  .5D..G
00005718: 10110110 00100101 01011010 10101110 10010110 11010011  .%Z...
0000571e: 11100100 00001001 10110010 11011001 01010000 00011110  ....P.
00005724: 11100101 00010011 01100101 10110100 11110110 00011110  ..e...
0000572a: 11100001 10001110 10011101 00110110 01011011 01001100  ...6[L
00005730: 10000000 01001101 10010110 11010011 00100001 01101100  .M..!l
00005736: 00111010 01101111 10011001 00001011 01100001 11010011  :o..a.
0000573c: 01111100 11001000 01011011 00001110 10011011 00101101  |.[..-
00005742: 10100111 10110000 11110111 10111011 00101001 10101111  ....).
00005748: 00000111 00100001 10101000 11100010 00110010 10011010  .!..2.
0000574e: 11110000 01110010 00011010 10001001 01101100 10101110  .r..l.
00005754: 00001000 11011111 01111011 11101111 11001101 00001011  ..{...
0000575a: 11111011 11000111 01111110 11101100 00011101 10000011  ..~...
00005760: 00111100 11101011 01011100 10000111 11001101 01101000  <.\..h
00005766: 01010100 10110110 01010101 01000001 00011101 10000110  T.UA..
0000576c: 01111011 10001000 10100101 01011101 10000011 00111100  {..].<
00005772: 11101011 01011100 10000111 11001101 01101010 10001001  .\..j.
00005778: 01101101 00111110 01000000 10011011 00101101 10000100  m>@.-.
0000577e: 01100101 00110101 11101010 11000111 10111101 11001011  e5....
00005784: 10110000 01011111 01011110 10110100 01101110 01101010  ._^.nj
0000578a: 00100101 10110010 10100000 00111101 11101010 00110111  %..=.7
00005790: 10011000 11000110 11110011 01111001 11111100 00101111  ...y./
00005796: 10100011 01100111 01100000 11001111 00111010 11010111  .g`.:.
0000579c: 00100001 11110011 01011010 10100011 10011111 01010000  !.Z..P
000057a2: 10111001 10100001 01111100 00110001 00101101 11101010  ..|1-.
000057a8: 11000001 01010010 11011001 01010101 00000100 01110110  .R.U.v
000057ae: 00011010 01101100 10110110 01010101 11011111 01001101  .l.U.M
000057b4: 10000100 11110111 00111011 00110010 01110111 10101101  ..;2w.
000057ba: 01101100 01000110 00001011 10010101 00110011 01111000  lF..3x
000057c0: 10001010 00111001 11011110 10011100 01101110 01101000  .9..nh
000057c6: 01011111 10000101 10110111 10000001 10111011 00000110  _.....
000057cc: 01011011 00100110 11001011 01101001 11101100 01001101  [&.i.M
000057d2: 10010110 11010011 00100001 01101100 00111010 01101111  ..!l:o
000057d8: 10011001 00001011 01100001 11010011 01111100 11001000  ..a.|.
000057de: 01011011 00001110 10011011 00101101 10100110 01000000  [..-.@
000057e4: 00101000 10010110 11010011 00100001 01101100 00111010  (..!l:
000057ea: 01101100 10110110 01010110 00001011 11101011 11011111  l.V...
000057f0: 01011110 10101100 10100010 01010101 11110011 11110010  ^..U..
000057f6: 11000110 00011001 11011001 10111111 10101001 01110101  .....u
000057fc: 01010110 01110101 11001010 10011010 11101001 01101100  Vu...l
00005802: 00101100 10110101 11001000 01111100 11010110 10000101  ,..|..
00005808: 01110101 01110000 01000110 11100000 10010011 10100111  upF...
0000580e: 01100001 01100110 11111101 10100011 10011010 00010110  af....
00005814: 00101011 10011111 11000010 11010100 10110110 00111101  +....=
0000581a: 11010110 00001111 01110101 10000011 11011101 01100000  ..u..`
00005820: 11110111 11011110 11100011 00001101 10010110 11000010  ......
00005826: 01101010 00100101 10110000 10001010 01010101 11010111  j%..U.
0000582c: 01001011 10001100 11110111 10000011 10010000 11000010  K.....
00005832: 10100101 10110010 10111110 00111001 11001111 01110011  ...9.s
00005838: 01100010 00000100 11011110 10101110 10011010 11110111  b.....
0000583e: 01101111 10101000 10101011 00011000 00101110 01010100  o....T
00005844: 11110011 01000010 11111010 00110110 00001010 11101010  .B.6..
0000584a: 00011111 01010001 01111010 11001110 00100111 01101000  .Qz.'h
00005850: 01110110 11111110 01100100 00101101 10000111 01110110  v.d-.v
00005856: 00001000 11010110 01111011 00100011 01101011 11001001  ..{#k.
0000585c: 11110100 11010111 01001111 01011001 00110111 11110111  ..OY7.
00005862: 11011111 00010010 10001110 01111111 00001011 11101001  ......
00005868: 01101100 11101111 10000010 00110111 00110100 00101111  l..74/
0000586e: 11100010 00110011 11011100 01001111 10100100 10111110  .3.O..
00005874: 11110100 01111001 11101100 00111111 11110110 11111011  .y.?..
0000587a: 01111001 01101101 00111101 10001010 00100101 10110000  ym=.%.
00005880: 10011111 01101111 10110111 00010001 01000011 11011001  .o..C.
00005886: 11101011 01100110 00010111 01100000 10111110 10111011  .f.`..
0000588c: 11101000 01101110 10011010 11101110 10000010 10100111  .n....
00005892: 10100110 10111000 10011100 01110100 00101111 01101100  ...t/l
00005898: 10101011 00101010 10101101 10010110 10100010 01011011  .*...[
0000589e: 00101011 10000010 00110111 11011110 00111001 10100001  +.7.9.
000058a4: 01111110 10101100 01000010 00010101 11010101 01110001  ~.B..q
000058aa: 00000111 00111101 11000100 11101001 01110010 01010001  .=..rQ
000058b0: 10111001 01100001 11101100 10110111 11010110 01100001  .a...a
000058b6: 01110011 01000010 11111011 10101110 01110110 01110110  sB..vv
000058bc: 00001011 11101011 11010110 11000001 10100010 11011001  ......
000058c2: 01000100 10110110 00010001 10010100 11010111 10000010  D.....
000058c8: 01110001 10111000 00100100 11101001 11011000 01011010  q.$..Z
000058ce: 11101111 10000110 00010111 11010010 11001011 11010011  ......
000058d4: 00011001 10101111 10111100 00111110 01010100 01001000  ...>TH
000058da: 01011111 00111110 00011011 10010101 11101001 00000110  _>....
000058e0: 11110000 01011001 11011111 01000011 00111101 11101011  .Y.C=.
000058e6: 00011011 11101110 10000110 11101000 01010000 11000001  ....P.
000058ec: 10010110 10100011 10101011 00000101 11110101 11110100  ......
000058f2: 00001000 11100111 01111010 11011001 11011000 00110011  ..z..3
000058f8: 10010100 01011010 10101010 00101000 10100011 10101100  .Z.(..
000058fe: 10011010 11101110 11100110 10000101 11111001 00001101  ......
00005904: 01110010 11011111 10110101 10010111 10011101 11010000  r.....
0000590a: 01111011 00010100 11010111 00011010 11110110 11010011  {.....
00005910: 01110011 10101111 10101101 01010001 01000101 00011101  s..QE.
00005916: 00001011 01111110 11000001 10000101 11011001 00001110  .~....
0000591c: 11001110 11101000 00111101 10001010 01101011 10110101  ..=.k.
00005922: 10010111 10011100 01101000 10110101 01010100 00001011  ..h.T.
00005928: 11110010 11011010 01111100 00001111 01110110 00000100  ..|.v.
0000592e: 01100101 00110101 11101011 01100010 00101101 10101110  e5.b-.
00005934: 00110010 11011101 01000111 00010011 11101111 01111101  2.G..}
0000593a: 11001001 01000110 11100111 00010100 00111111 11001101  .F..?.
00005940: 00001011 11101111 11011010 00011011 00111100 11101000  ....<.
00005946: 11000110 10110001 10101000 10010110 11000010 00110010  .....2
0000594c: 10011010 11101001 11110101 00111011 00011100 11101010  ...;..
00005952: 00100101 01011111 00110011 01111010 01000011 01010101  %_3zCU
00005958: 11011110 01011011 00101011 10000110 00010111 00010011  .[+...
0000595e: 10111110 10011010 11101001 11011101 01110110 01100111  ....vg
00005964: 01100111 10100110 11110110 01110011 11011101 00111011  g..s.;
0000596a: 11110111 01100001 11000011 10001110 10011010 01101110  .a...n
00005970: 10011111 01010011 10110001 11001110 11110000 01011110  .S...^
00005976: 10101100 10100011 11001111 00100011 11011001 01100011  ...#.c
0000597c: 01110010 10111101 00100000 11011100 01001111 00101010  r. .O*
00005982: 11011000 00111100 01010101 10011101 10000010 11111010  .<U...
00005988: 10100011 10101011 00000101 11110101 11000010 00101101  .....-
0000598e: 01101011 11010110 01110110 00111101 11010111 01001011  k.v=.K
00005994: 10001101 11101011 01100010 01101001 10100110 11110001  ..bi..
0000599a: 00111011 11101001 10101111 00111001 11001000 00111110  ;..9.>
000059a0: 01101111 11101110 01011101 00111011 01000011 11111001  o.];C.
000059a6: 01101110 11010001 11100100 10001111 10100101 11011011  n.....
000059ac: 10110000 01100111 11011101 00001101 11101010 00110111  .g...7
000059b2: 01101011 00101111 00111011 10100000 11110110 01110111  k/;..w
000059b8: 11100001 01101110 11011111 11011011 00110100 00111010  .n..4:
000059be: 11110011 11010101 10010100 01110101 01100000 01000110  ...u`F
000059c4: 01010011 01011101 11110000 00110111 00010011 10000010  S].7..
000059ca: 00011110 11001110 11010001 11101010 01001011 01011000  ....KX
000059d0: 11011110 01001010 10111000 10110110 11111110 01111111  .J....
000059d6: 01001011 00001011 11001011 01000100 11011111 10110100  K..D..
000059dc: 01010101 00010110 10110100 00111111 11101011 01100000  U..?.`
000059e2: 11010001 01101100 11101100 00011001 11110100 10110010  .l....
000059e8: 11111010 11000110 11010111 01000010 11011111 10000110  ...B..
000059ee: 01111101 01100110 01101011 11010101 10011101 11010111  }fk...
000059f4: 00111011 00111011 00000101 11110101 01000100 10101011  ;;..D.
000059fa: 11100110 01100010 10110110 10101011 10100101 10110100  .b....
00005a00: 11111001 11001110 11110110 10111101 00100000 11001111  .... .
00005a06: 01110100 01110011 10111101 10101111 01001000 00110101  ts..H5
00005a0c: 00011100 11111010 10001110 10101011 11101111 00001111  ......
00005a12: 10010101 00011101 01010111 00010000 01110011 11011110  ..W.s.
00005a18: 11101100 10100110 10111001 01000011 01110110 00000100  ...Cv.
00005a1e: 01101111 01011001 00110111 10100011 10011111 11000010  oY7...
00005a24: 11010100 10110110 01110010 10000110 11110010 01100000  ..r..`
00005a2a: 01000110 11101011 10100101 11000110 10100011 10101011  F.....
00005a30: 11100011 10011100 11110111 00010011 10100101 11001001  ......
00005a36: 01000110 11110100 11000001 00010010 01110111 01011111  F...w_
00005a3c: 00101000 11100111 11110000 10111110 10010110 11001110  (.....
00005a42: 10111010 01011100 01101010 00111001 11110001 01101101  .\j9.m
00005a48: 11001101 00001011 11110000 01001110 00110111 01110100  ...N7t
00005a4e: 01000001 11011110 01001110 10111001 11011001 11011000  A.N...
00005a54: 00101111 10101110 10001101 11001010 11110100 10000011  /.....
00005a5a: 01010001 11100110 01000010 11011000 01110010 10011010  Q.B.r.
00005a60: 11101011 10100101 11000110 11110011 11001110 11100111  ......
00005a66: 10011110 01110110 10011110 01111000 10100010 01011011  .v.x.[
00005a6c: 00011111 00010110 11011101 01010101 00000100 01110110  ...U.v
00005a72: 00011001 11101110 00100010 10010101 01110100 11110011  ..".t.
00005a78: 10101101 01110010 00011111 00110101 10100111 10111010  .r.5..
00005a7e: 00010110 11111101 10000010 11111010 11110111 11010111  ......
00005a84: 00101000 01101110 00010000 11111111 01001111 00111010  (n..O:
00005a8a: 11010111 00100001 11110011 01011010 11110111 11010111  .!.Z..
00005a90: 10101011 00010000 10011011 11001001 10100011 10111010  ......
00005a96: 00100000 11101010 00100101 10110000 10110010 11010111   .%...
00005a9c: 00100001 11110011 01011010 01111011 10000100 00111111  !.Z{.?
00005aa2: 11010100 10101101 00001011 01101111 01110001 10111001  ...oq.
00005aa8: 10100001 01111111 01111000 00100101 00011011 11010100  ..x%..
00005aae: 10010110 10110001 10111100 11111110 10010110 00010111  ......
00005ab4: 10010110 10001001 10111000 10101001 01101100 00100111  ....l'
00005aba: 00000100 00111101 10011101 10100010 10001111 11010101  .=....
00005ac0: 00001001 11000110 11110101 00011011 10110101 10010111  ......
00005ac6: 10011101 11010000 01111011 00010100 11010111 00111010  ..{..:
00005acc: 11111010 11010111 00011101 00001011 11010110 10110110  ......
00005ad2: 00100001 11011101 10000011 00111110 10100111 01100011  !..>.c
00005ad8: 10011101 01000100 10110110 00111110 00101101 10011110  .D.>-.
00005ade: 11100110 10000101 11110011 10001010 00011111 01111011  .....{
00005ae4: 10101110 10100111 10111001 10100001 01101010 01011011  ....j[
00005aea: 00111001 11010111 00101101 11111100 00001101 11010000  9.-...
00005af0: 10111100 01011010 10011100 01111011 10100001 01101111  .Z.{.o
00005af6: 11100110 01000010 11011000 01110111 11011011 11101101  .B.w..
00005afc: 11011111 11000111 00111001 11101110 01101000 01011111  ..9.h_
00005b02: 10010101 00110000 11011101 00111011 10100001 10111101  .0.;..
00005b08: 11001011 10001111 00010101 01010101 00000101 01000100  ...U.D
00005b0e: 10110110 10011001 00001011 01100001 11000010 10100101  ...a..
00005b14: 00101101 10000101 10010110 10111001 00001111 10011010  -.....
00005b1a: 11010011 11011100 01001111 10110111 11011011 10001011  ..O...
00005b20: 10000000 11110111 00001000 01111101 01001101 01111011  ...}M{
00005b26: 10110111 10100110 00101110 01010100 10111101 11000110  ...T..
00005b2c: 10111101 10110100 11011110 00000110 11101000 11100111  ......
00005b32: 00001010 11110011 00011000 10001101 11000101 01110001  .....q
00005b38: 01110010 10100111 10111101 00110001 00011011 11110001  r..1..
00005b3e: 10100010 11011110 01010101 01100111 01101000 10001010  ..Ugh.
00005b44: 00111000 10001010 01010101 11100000 11100100 00110101  8.U..5
00005b4a: 00011100 01001111 10100100 01111111 10110000 01011111  .O..._
00005b50: 01011100 01100111 01000011 11111001 01101110 10000101  \gC.n.
00005b56: 10111111 01100000 10000101 11010010 00001101 11100000  .`....
00005b5c: 01101110 01101000 01011111 10101101 10000011 10100010  nh_...
00005b62: 11110101 10011110 11101100 10100110 10111100 10100111  ......
00005b68: 01011011 00011001 10001101 11010000 10110111 11111011  [.....
00005b6e: 01111101 10111011 11111000 11100111 00111101 11000100  }...=.
00005b74: 11111011 11000001 00101000 11011110 11011000 10001110  ..(...
00005b7a: 01110001 10111011 10101110 01110110 01111011 10110011  q..v{.
00005b80: 11011110 10110010 11011011 10001001 11011000 00100001  .....!
00005b86: 01110100 10000011 01110011 01000010 11111101 01010111  t.sB.W
00005b8c: 10100100 00011011 11001001 11010111 00111011 00111101  ....;=
00005b92: 11011011 10101000 00111010 00101111 01011001 11001101  ..:/Y.
00005b98: 00001011 01010010 11011001 11100111 01011011 00011001  .R..[.
00005b9e: 10001101 01000111 00111110 00101101 10111000 10011101  .G>-..
00005ba4: 11010111 00111011 00111001 10100001 01111101 00001000  .;9.}.
00005baa: 11001111 10100001 10101000 11100010 00101001 10111111  ....).
00005bb0: 11011011 11101101 11010110 00001111 01110101 10000111  ....u.
00005bb6: 11011011 11001011 01101111 00101010 11111001 10011011  ..o*..
00005bbc: 11010010 00011010 10101110 10010110 11000010 00101001  .....)
00005bc2: 01010111 10111001 01110110 10110100 00101110 10110011  W.v...
00005bc8: 10110010 10001110 10101000 01110010 00011001 11101110  ...r..
00005bce: 00011001 01101100 11101111 11100111 10100110 00101000  .l...(
00005bd4: 10010110 11000010 01110001 11010000 10010100 01101110  ..q..n
00005bda: 00101101 01011110 10011011 11010100 10010110 10110001  -^....
00005be0: 10111011 11100001 00011000 01111011 00101101 11000100  ...{-.
00005be6: 11101111 10100001 00110101 00011101 01011001 00001110  ..5.Y.
00005bec: 11001110 10011110 10011000 10001101 11111011 10100010  ......
00005bf2: 00001110 11101000 11011110 10101100 01111011 10101010  ....{.
00005bf8: 10100000 10001110 11000011 01010001 11000100 11110010  ...Q..
00005bfe: 10101011 00010000 10011110 11110110 11000100 01110011  .....s
00005c04: 10001100 11110111 01111100 00100011 10001110 10000101  ..|#..
00005c0a: 11110000 11110110 01011011 10111010 00001111 01100111  ..[..g
00005c10: 01001111 01011011 00010011 01001101 11110101 00011100  O[.M..
00005c16: 00101111 10111110 01000010 11110101 11010000 10110111  /.B...
00005c1c: 11101011 10100101 11000110 00010101 11100100 00101111  ...../
00005c22: 10001011 00101101 01110010 00011111 00110101 10100001  .-r.5.
00005c28: 01111111 10100001 01101111 11000101 11110101 11010010  ..o...
00005c2e: 11100011 00001011 11111111 01111000 00100101 00011011  ...x%.
00005c34: 11010011 00011101 10100010 10011100 01100000 11001011  ....`.
00005c3a: 01010001 11010101 10000001 00011001 01001101 01110111  Q...Mw
00005c40: 11000000 11011100 01001110 00111010 00010010 10001101  ..N:..
00005c46: 11110100 11001000 01101110 00011001 01101100 11110010  ..n.l.
00005c4c: 01111110 11101100 00011110 01100100 00101101 10000111  ~..d-.
00005c52: 01010001 00101010 11111001 10001010 01101010 01110110  Q*..jv
00005c58: 10101011 10100101 10110100 11111100 01101111 00000100  ....o.
00005c5e: 11100011 01110001 11000001 00001000 01111100 11101101  .q..|.
00005c64: 00011101 11010111 00111101 10011100 00010010 01110100  ..=..t
00005c6a: 11101011 10111000 11011111 00001111 01100101 10111010  ....e.
00005c70: 00001100 11011001 01101111 01111101 01110110 10001111  ..o}v.
00005c76: 01010010 01011010 11000110 11110101 00011011 10110101  RZ....
00005c7c: 10010111 10011101 11010000 01111011 00101000 10010101  ...{(.
00005c82: 01111010 10101011 00110010 01110111 11010101 11101001  z.2w..
00005c88: 00001010 11101001 01101100 10101010 10000010 01010001  ..l..Q
00005c8e: 10111001 10100001 01111111 01011001 10001111 01110101  ...Y.u
00005c94: 01010100 00010001 11011000 01100001 01011101 01011000  T..a]X
00005c9a: 00010001 10010100 11010111 00010110 10101111 01001101  .....M
00005ca0: 11000010 00011111 11110111 01101110 00001001 10101110  ...n..
00005ca6: 11010001 11101011 01100101 00011100 01000110 01010011  ..e.FS
00005cac: 01011101 10000011 00111100 00010011 10001101 11100100  ].<...
00005cb2: 11111010 00011011 10110100 01111010 11010110 11000100  ...z..
00005cb8: 00111011 10110000 01100111 11010100 11101100 01110011  ;.g..s
00005cbe: 10101000 10010110 11000111 11110000 10111110 10001101  ......
00005cc4: 11011101 10001001 10100110 11110100 11000011 00110010  .....2
00005cca: 01110110 11000111 00111011 11001100 10000101 10110000  v.;...
00005cd0: 11101110 11000001 10011101 10101100 10110110 00001010  ......
00005cd6: 00100101 10110100 11110110 00100110 11110011 11111000  %..&..
00005cdc: 01011111 00011101 00001001 01000110 11110101 10101101  _..F..
00005ce2: 10001000 11000001 10011101 00111011 11110001 01101101  ...;.m
00005ce8: 11101000 11110011 11011000 11110000 01011001 11101010  ....Y.
00005cee: 01011110 10011011 11100001 11101100 10110111 00111000  ^....8
00005cf4: 10100001 11111010 00100101 10110010 10111000 00100011  ..%..#
00005cfa: 00101001 10101110 11000001 10011110 01110100 01011100  )...t\
00005d00: 10011011 11000000 11011110 10110110 01011100 10101001  ....\.
00005d06: 11101001 01011001 11011001 11011010 00111011 00100011  .Y..;#
00005d0c: 10001110 11110111 00011011 10011010 00010111 11101001  ......
00005d12: 10000110 01100100 11100111 01100110 01001110 11111010  .d.fN.
00005d18: 11000001 11101101 10001101 10100001 01010010 11011000  ....R.
00005d1e: 01011001 01101000 10101010 11111010 11001110 01101000  Yh...h
00005d24: 01011111 01111110 00001001 01000110 11101101 10001110  _~.F..
00005d2a: 01110101 00011100 01011001 01101000 10101010 11111010  u.Yh..
00005d30: 11001001 10110010 11011010 01111100 11100111 01111011  ...|.{
00005d36: 01011110 10010000 01100111 10111010 00111001 11011110  ^.g.9.
00005d3c: 11010111 10100100 00011010 10001110 00100111 01111110  ....'~
00005d42: 00001001 01000110 11101101 10001110 01110111 00001011  .F..w.
00005d48: 11010101 01000111 00111110 00101101 10111001 10100001  .G>-..
00005d4e: 01111111 01000001 00001011 01110110 11110100 01110001  .A.v.q
00005d54: 00111000 10110101 01111010 01101110 01110001 01000011  8.znqC
00005d5a: 11111110 01010101 10110000 01101000 10110110 01110110  .U.h.v
00005d60: 00001011 11101011 11011111 01011110 00001111 01100101  ...^.e
00005d66: 10011110 11100010 00101001 01010111 10100110 00001000  ..)W..
00005d6c: 10010011 10010110 01100110 11111101 00111011 11100001  ..f.;.
00005d72: 00001110 11001110 11101000 01101111 00000011 01111101  ...o.}
00005d78: 01100101 10101111 00001011 11010111 01100000 11001011  e...`.
00005d7e: 00100100 11100011 01010001 00101101 10010101 01110001  $.Q-.q
00005d84: 00000111 01110100 01101111 01010001 10111110 00011011  .toQ..
00005d8a: 00111011 00111111 01110110 00011100 00101110 01001010  ;?v..J
00005d90: 01010001 00101010 11110101 01010100 01000101 10111100  Q*.TE.
00005d96: 01001110 11000010 11010101 01110100 10101011 11100110  N..t..
00005d9c: 01001010 00101101 01110010 10100110 10111010 01011011  J-r..[
00005da2: 00001001 11011011 00011100 11101110 00010111 10101001  ......
00005da8: 11101110 00100111 01101100 01110011 10111000 01011110  .'ls.^
00005dae: 10101110 01010000 11010100 01110001 00111011 01100011  .P.q;c
00005db4: 10011101 11000010 11110101 00111101 11000100 11101101  ...=..
00005dba: 10001110 01110111 00001011 11010101 11001010 00011010  .w....
00005dc0: 10001110 00100111 01101100 01110011 10111000 01011110  .'ls.^
00005dc6: 10101010 00111100 10110110 10011001 00001011 01100001  .<...a
00005dcc: 11010011 01111100 11001000 01011011 00001110 01111011  .|.[.{
00005dd2: 10110000 01100101 10110001 01001101 01111101 01000101  .e.M}E
00005dd8: 01011000 11000001 01110010 10100111 10001001 11011111  X.r...
00005dde: 01000010 01101111 10110111 11011011 11001010 10111110  Bo....
00005de4: 01100100 10100010 11010111 00101010 01101011 10100101  d..*k.
00005dea: 10110100 11001000 01011011 00001110 10100011 11001111  ..[...
00005df0: 10101101 10011100 11010000 10111110 10001110 01110111  .....w
00005df6: 10110101 11101001 00000110 00010101 00101101 10000101  ....-.
00005dfc: 10011001 01100001 10110000 01110110 10011011 11100111  .a.v..
00005e02: 10111000 01111011 00101101 11101011 01100110 00010111  .{-.f.
00005e08: 10101101 10001100 11011001 01101010 00100101 10110000  ...j%.
00005e0e: 10011111 01101111 10110111 00010011 11101111 00000100  .o....
00005e14: 10100011 01111101 10111110 11011101 01011000 00110010  .}..X2
00005e1a: 11011000 10100110 10111110 10100010 10101100 01100000  .....`
00005e20: 10111001 01010011 11000100 11100000 10000111 10110011  .S....
00005e26: 10110100 01110110 11000111 00111011 10011010 00010111  .v.;..
00005e2c: 01000100 10110110 00111111 10000101 11111101 11100000  D.?...
00005e32: 10010100 01101110 00001000 01111011 00111011 01000111  .n.{;G
00005e38: 01101100 01110011 10111101 01011001 11010000 10001100  ls.Y..
00005e3e: 11000001 01110010 10100101 11101110 00101100 10110101  .r..,.
00005e44: 11001000 01111100 11010110 10101000 11100010 01110000  .|...p
00005e4a: 11000100 10110110 11111111 00001010 00010111 01001000  .....H
00005e50: 01110111 00100110 10011011 11001000 10101111 01001000  w&...H
00005e56: 00110101 00010010 11011000 11111110 00010111 11000011  5.....
00005e5c: 00010010 11011011 11110111 11000001 00011011 10001001  ......
00005e62: 11110100 10010111 11011100 01010100 10110110 10011110  ...T..
00005e68: 01000111 10110010 11000110 11101111 11000101 10110111  G.....
00005e6e: 10100010 01011011 00001001 11011000 00100001 01110100  .[..!t
00005e74: 10000011 01110011 01000010 11010100 11011111 10101100  .sB...
00005e7a: 10110111 11001011 01101001 10010000 10110111 10100010  ..i...
00005e80: 01011011 00101010 00000011 11011100 01001110 10110010  [*..N.
00005e86: 11011111 00101101 10100100 01100010 11011110 10001110  .-.b..
00005e8c: 10101011 10111001 11011001 11001101 00001011 11111010  ......
00005e92: 01001011 11101110 11110111 00010111 11010101 11000010  K.....
00005e98: 00111000 11110000 10110111 01101111 11011101 00000111  8..o..
00005e9e: 10110011 10100111 00001011 11101111 10010000 10111101  ......
00005ea4: 00111101 11010111 01001011 10001101 11100101 01011011  =.K..[
00005eaa: 00010011 01001100 00101000 01011111 11110010 11011000  .L(_..
00005eb0: 11111000 10110110 11100010 01110110 00001000 01011101  ...v.]
00005eb6: 00100000 11011101 10000001 00011011 10111111 00001011   .....
00005ebc: 01110110 11100100 10100011 01111010 10010001 10011011  v..z..
00005ec2: 00101101 11011010 00111001 10100001 01110100 01001011  -.9.tK
00005ec8: 01100011 11111100 01000000 00010101 11010101 11110001  c.@...
00005ece: 11001110 01111011 11011101 10111110 11110001 10011010  .{....
00005ed4: 10100010 01010101 11110011 00010100 11010100 11101101  .U....
00005eda: 00111101 11110101 01111010 01000011 01010101 11010010  =.zCU.
00005ee0: 11011010 01111100 00001111 01111011 01011110 10010000  .|.{^.
00005ee6: 01101111 00000101 11011010 11110101 01100101 00010010  o...e.
00005eec: 10101111 10011000 01000101 10110101 10011101 11110000  ..E...
00005ef2: 10111001 00010101 11110011 01010101 11010010 11011000  ...U..
00005ef8: 01011001 01101011 10010000 11111001 10101101 00111101  Yk...=
00005efe: 11000100 01010000 11110110 01111010 11010110 10000101  .P.z..
00005f04: 11010010 00001101 11001101 00001011 11101001 11011101  ......
00005f0a: 01110110 01100111 01100111 11010100 01010101 10001100  vgg.U.
00005f10: 00010111 00101010 01101000 10010101 01111100 11111110  .*h.|.
00005f16: 10000100 00110010 01011011 00101011 10100101 01011110  .2[+.^
00005f1c: 01111110 10001111 10010110 10101011 10100101 10110010  ~.....
00005f22: 10111000 00100011 00101001 10111111 00010011 11010101  .#)...
00005f28: 01111101 01101000 01010111 01010111 00000100 01100101  }hWW.e
00005f2e: 00110111 11100010 01111010 10101111 10101101 00001010  7.z...
00005f34: 10010101 01111100 11111100 10110001 10000110 01110110  .|...v
00005f3a: 01101111 01011101 00101101 10010101 11000010 00111110  o]-..>
00005f40: 10010010 11111011 11110110 00000100 01100001 01011100  ....a\
00005f46: 11111011 00001011 01110110 11100100 10100011 01110000  ..v..p
00005f4c: 01000011 11011001 11101011 01100110 00010111 01001111  C..f.O
00005f52: 10111100 00010001 11011000 01101010 00100101 10110000  ...j%.
00005f58: 10110010 11010111 00100001 11110011 01011010 11110011  ..!.Z.
00005f5e: 11111101 11100000 10010010 10001001 01101101 00111110  ....m>
00005f64: 11010111 10011101 01101000 10101010 11111010 11001101  ..h...
00005f6a: 11101000 11110011 11011000 01111111 10000010 00010110  ......
00005f70: 11111110 11101101 11100000 11110110 01011010 10001001  ....Z.
00005f76: 01101101 00111100 11111110 01011000 11011101 11111100  m<.X..
00005f7c: 01110011 10011110 11110001 01101010 01110010 10001110  s..jr.
00005f82: 10101100 00011001 11110111 11001100 11011111 10110100  ......
00005f88: 01110011 01000010 11101101 11110100 11111010 01010101  sB...U
00005f8e: 00111001 11101110 00111011 10110001 00101101 10011011  9.;.-.
00005f94: 11111000 01011011 00111101 11010011 01011101 00101001  .[=.])
00005f9a: 10110110 01100110 11110100 01001011 01100101 01100100  .f.Ked
00005fa0: 00111011 00111101 11011011 10100001 01101111 11101001  ;=..o.
00005fa6: 10001111 01011011 00000110 10001011 01100111 00010011  .[..g.
00005fac: 10001110 00001000 01010100 11100111 10101000 11011110  ..T...
00005fb2: 10101011 10010110 11110100 01001011 01101001 11111110  ...Ki.
00005fb8: 00101101 01001101 11001111 01100111 10101011 00011110  -M.g..
00005fbe: 11100010 11001011 01011100 10000111 11001101 01101001  ..\..i
00005fc4: 11101110 00110100 01011011 11101001 10010010 11001100  .4[...
00005fca: 11101011 10010101 00111100 11010000 10110111 10111101  ..<...
00005fd0: 01100101 10110111 00110100 00101111 11101001 10010010  e.4/..
00005fd6: 11001100 11101100 11011111 11010101 10001111 01110001  .....q
00005fdc: 10100010 11011100 01001111 00100000 01000011 11011001  ..O C.
00005fe2: 11001011 00001111 01100101 10111110 10110011 00001011  ..e...
00005fe8: 11101001 01100011 10000111 01001111 01100100 11011110  .c.Od.
00005fee: 11101000 01001101 11101011 01100010 00101101 10001101  .M.b-.
00005ff4: 11101011 01100000 11010001 01101100 10100011 10001000  .`.l..
00005ffa: 10100101 01011101 01010111 00010110 11011111 11001111  .]W...
00006000: 11101001 01100001 01111001 01101000 10011011 11010001  .ayh..
00006006: 00101101 10010101 01110001 01101101 11111100 11111110  -.qm..
0000600c: 10010110 00010111 10010110 10001001 10111000 10101110  ......
00006012: 10101000 00001111 01110010 10000111 10111001 01000101  ..r..E
00006018: 00010010 10101111 10011001 00100100 10011101 10101110  ...$..
0000601e: 00110101 11001010 10011100 10110110 10101011 10100101  5.....
00006024: 10110100 11111111 00010110 10100110 11100111 10110011  ......
0000602a: 11010101 10001111 01111010 10001101 11011101 00010110  ..z...
00006030: 11011101 11101110 00110100 01011011 10001001 11011111  ..4[..
00006036: 01001101 01110001 01101010 11110100 11011111 01001000  Mqj..H
0000603c: 01101011 10010101 00111101 00111110 10000010 00101100  k.=>.,
00006042: 11010100 01010001 01000111 00011001 00101101 10001111  .QG.-.
00006048: 11100011 10011101 01000100 10110110 01010100 00000111  ..D.T.
0000604e: 10111011 00000010 00110111 10111110 10111110 10100011  ..7...
00006054: 11101001 11111100 11000110 10100011 10011111 11000010  ......
0000605a: 11111110 11110000 01001010 00110111 00000100 00111101  ..J7.=
00006060: 10011101 10100011 10111110 10011010 01101100 11110100  ....l.
00006066: 11000100 01101111 11101010 01000010 00101100 10110110  .o.B,.
0000606c: 10111100 00010111 01100000 11001111 00101000 10110101  ..`.(.
00006072: 00111001 01000111 00010001 10010100 11010111 00101000  9G...(
00006078: 01101110 11101011 10011101 10011110 11101101 11000001  n.....
0000607e: 00110101 11000110 11001100 01110101 11001010 10011101  5..u..
00006084: 01010001 00101101 10100111 10110000 11110111 00110100  Q-...4
0000608a: 00101101 01001011 01100111 10110101 11101001 00000110  -Kg...
00006090: 10100011 10001000 11011111 01111000 11001101 00010010  ...x..
00006096: 10001101 01000100 10110110 00010110 01011010 11100100  .D..Z.
0000609c: 00111110 01101011 01011110 01111111 10111100 00010010  >k^...
000060a2: 00111101 11101011 01100010 00101101 10101110 00110010  =.b-.2
000060a8: 11011100 11110111 00011001 00101111 01100111 10111000  .../g.
000060ae: 11001110 01000111 11110010 11011010 11010111 10011111  .G....
000060b4: 11101111 00000100 10010100 01110001 00111010 01101000  ...q:h
000060ba: 11101110 01101000 01011101 10111000 00100001 01101111  .h].!o
000060c0: 11101110 01011110 01010101 00100101 10101101 01110100  .^U%.t
000060c6: 10100111 00101000 10010101 01111100 11000101 00110101  .(.|.5
000060cc: 00111011 01010101 11010010 11011001 01011110 11101110  ;U..^.
000060d2: 01110111 00110100 00101111 11010110 11001110 11000001  w4/...
000060d8: 10011110 01110110 01011000 01101100 00011101 10111101  .vXl..
000060de: 01101011 01011111 01111100 11100011 01000101 10111011  k_|.E.
000060e4: 00000110 01111001 11011001 01100001 10110000 01110110  .y.a.v
000060ea: 11110100 11011010 00100010 10100001 01010010 11011001  ..".R.
000060f0: 01010111 00010110 11011111 11001111 11101001 01100001  W....a
000060f6: 01111001 01101000 10011011 10111101 11000100 11101000  yh....
000060fc: 00111000 11111001 00111001 10101000 11110011 11011000  8.9...
00006102: 01100000 10111001 01010011 11011111 10000101 10111011  `.S...
00006108: 01111111 01010010 00011101 10011111 01101111 10110111  .R..o.
0000610e: 10010110 11010011 11001010 01111000 10001111 10001110  ...x..
00006114: 01110110 00010011 01001101 11100010 00101000 11100111  v.M.(.
0000611a: 01111101 00110010 01011001 10111011 00000110 01111001  }2Y..y
00006120: 11001110 01000010 11010011 11011100 01101000 10110111  .B..h.
00006126: 01101000 10101010 00101101 01101000 01111111 10111111  h.-h..
0000612c: 10011101 11111100 11011110 01101100 10110110 10011110  ...l..
00006132: 11000100 11011110 00100111 10101011 00010000 10011110  ..'...
00006138: 11101011 00000111 10111011 11100000 01101110 11111010  ....n.
0000613e: 01011101 10000101 01110101 01011110 00110010 10011010  ].u^2.
00006144: 11110100 11100011 01111010 10010010 11010110 10111110  ..z...
0000614a: 01101111 11011010 00110111 01000011 01111010 11011000  o.7Cz.
00006150: 00110100 01011011 00111011 00000110 01111101 00101100  4[;.},
00006156: 10111100 10110101 10001101 10101010 00100101 10110010  ....%.
0000615c: 10100000 00111101 11010000 10100111 10001101 11100001  .=....
00006162: 01111010 01111011 10100101 10110011 10011010 00010110  z{....
00006168: 00101011 10011111 11000010 11010100 10110110 01111011  +....{
0000616e: 01011110 10010000 01101010 00111010 10110000 01100111  ^.j:.g
00006174: 11010100 01000001 01100101 10011110 11101100 00011001  .Ae...
0000617a: 11101011 01100011 00110110 01011010 10001110 10101100  .c6Z..
00006180: 00011001 01101100 01010011 01011110 01011010 10001111  .lS^Z.
00006186: 01010010 11000111 00001110 11010001 11110111 10001001  R.....
0000618c: 10111101 01011000 00101101 10010110 11000101 00110101  .X-..5
00006192: 11011000 00110011 10001110 10001101 10010110 11001011  .3....
00006198: 00111101 11011000 00110011 10001110 10000111 01100011  =.3..c
0000619e: 11011101 10000011 00111101 01100100 00101101 11011110  ..=d-.
000061a4: 11101100 00011001 11101001 01011110 01101001 10111100  ...^i.
000061aa: 10011101 01111101 00110101 00011100 11111010 10010011  .}5...
000061b0: 10011001 00101110 01001111 01111011 01000010 11001011  ..O{B.
000061b6: 01111110 10111001 11011111 01010001 01010110 01111010  ~..QVz
000061bc: 01010111 10011010 01101101 01001101 10010110 11010011  W.mM..
000061c2: 11111010 01011011 00110110 01100000 11001100 11011001  .[6`..
000061c8: 11111100 01110011 10011110 11110001 01101010 01110010  .s..jr
000061ce: 10001001 01101101 00110010 00010110 11000011 10011110  .m2...
000061d4: 11101111 10000010 00110111 01001011 01100111 00110100  ..7Kg4
000061da: 00101111 11101111 00010111 00101010 01000101 01110011  /..*Es
000061e0: 11111000 01011010 10010110 11001110 11101100 01100110  .Z...f
000061e6: 10111001 01010011 11000011 00101101 11101001 11000110  .S.-..
000061ec: 11101000 11111010 00011010 10001001 01101100 01111111  ....l.
000061f2: 10001000 00000010 10111100 11001100 01110111 11000001  ....w.
000061f8: 00011000 01010100 10110110 10011001 00001011 01100001  .T...a
000061fe: 11001111 01110110 00001100 10110110 00101001 10101111  .v..).
00006204: 10101000 10101011 00011000 00101110 01010100 11110100  ....T.
0000620a: 10101101 00001011 01101110 00011001 01101110 01101000  ..n.nh
00006210: 01011111 11011110 00001001 01000110 11100111 00010100  _..F..
00006216: 00111111 01000111 01010101 11000100 00011100 11110111  ?GU...
0000621c: 00010011 10110010 00111000 11101100 11011111 10110100  ..8...
00006222: 01111001 00000110 01011011 10111001 00110100 11011100  y.[.4.
00006228: 10101111 01001000 00110011 11011110 01100100 00110001  .H3.d1
0000622e: 01001101 01111101 10111110 11011110 01011011 00001001  M}..[.
00006234: 11001110 00101000 01111111 10011010 00010111 11011001  .(....
0000623a: 00011100 01110110 01101111 11011010 00111000 01100101  .vo.8e
00006240: 10111011 10010011 01001101 11001010 11110100 10000011  ..M...
00006246: 01010001 11001111 11100001 01101010 01011011 00111101  Q..j[=
0000624c: 00110110 11000100 01101111 00111001 00011101 10100111  6.o9..
00006252: 10111010 01011011 00001001 01000110 11100110 01000001  .[.F.A
00006258: 01011110 01010011 11011000 01111101 11101111 01110001  ^S.}.q
0000625e: 10111001 10100001 01111101 10011111 10001110 10010110  ..}...
00006264: 11001111 10100101 10001110 00011110 10011000 10001101  ......
0000626a: 11111000 11010110 10111110 00010110 11111010 01111011  .....{
00006270: 10111110 00000110 11111011 11000001 00101000 11011100  ....(.
00006276: 11010000 10111110 00110100 00111001 11010000 11111111  ..49..
0000627c: 00001100 10110111 00001000 10101011 00000101 01001011  .....K
00006282: 01101001 10010000 10110110 00011100 11110111 00010011  i.....
00006288: 11101101 11110110 11100010 01110111 11010000 10001001  ...w..
0000628e: 00111101 00110001 11011111 10111011 00000111 00110100  =1...4
00006294: 00101110 10001001 01101100 00100111 01101000 01110110  ..l'hv
0000629a: 11111100 11010000 10110111 10111110 11110111 11011100  ......
000062a0: 10010100 01101110 00100000 10101110 01111111 00001011  .n ...
000062a6: 01010010 11011001 11001010 00011011 10001111 00010101  R.....
000062ac: 01011100 10101001 11100001 00010101 01100111 01111110  \...g~
000062b2: 11101100 00011110 10101100 10100011 10001001 11011101  ......
000062b8: 01110011 11011001 11010001 11010000 01011001 00110111  s...Y7
000062be: 11001010 01111110 00110111 11010011 11101001 01010100  .~7..T
000062c4: 11101001 10111110 01111110 11001001 10111110 01111011  ..~..{
000062ca: 00010101 10100011 01110011 01111100 01110110 10110010  ..s|v.
000062d0: 01101111 00010111 00001011 01111100 10110110 10011001  o..|..
000062d6: 00001011 01110001 01011110 01111011 00010101 10100011  .q^{..
000062dc: 01110011 01001101 11110011 11001011 01010011 10110000  sM..S.
000062e2: 01111011 10100011 10011100 01101110 10111101 01100011  {..n.c
000062e8: 10110011 01011010 01111011 11001010 01110010 00110000  .Z{.r0
000062ee: 01100011 01011100 01110111 10111010 00010001 01000001  c\w..A
000062f4: 10101110 01010100 10111101 11011001 00011100 01110101  .T...u
000062fa: 11001010 10011111 10111100 00010001 11011000 01101101  .....m
00006300: 01001101 10010110 11000111 11000101 10110111 00010011  M.....
00006306: 10110000 01000010 11101001 00000110 11111011 01111101  .B...}
0000630c: 10111100 10110110 00111111 11000100 00001010 00111001  ..?..9
00006312: 11111100 00101111 10011100 01010000 11111111 01111100  ./.P.|
00006318: 00010001 10000101 01110011 11111000 01011111 01101000  ..s._h
0000631e: 01011101 00100000 11011101 11111011 01000001 01010011  ] ..AS
00006324: 00110110 01011011 01001100 10000101 10110000 11101010  6[L...
0000632a: 00100101 00100001 00111000 01100010 01011011 01111110  %!8b[~
00006330: 11000001 10010110 11001110 11111010 01101011 10100111  ....k.
00006336: 11010110 00001111 01101100 01101110 00111000 01000101  ..ln8E
0000633c: 10110111 10010010 10110000 00100011 01110101 01010010  ...#uR
00006342: 00011110 10111110 11111110 01110011 10010000 11011001  ...s..
00006348: 10111111 01000010 11011111 11011101 10111100 11100111  .B....
0000634e: 01100010 01101011 00110111 11101100 00011001 11010101  bk7...
00006354: 01110001 01101101 11100100 01111100 01011011 01110011  qm.|[s
0000635a: 01000010 11111110 11110000 01001010 00110111 10110110  B..J7.
00006360: 00100011 10011100 01101110 00111010 01011011 00111000  #.n:[8
00006366: 11010001 01101111 01010010 11110101 01110001 11011110  .oR.q.
0000636c: 11111011 11000111 00110010 01001000 01000110 11110100  ..2HF.
00006372: 11000110 01101011 10111010 11100111 01100111 01100000  .k..g`
00006378: 10111110 10111011 00000110 01110001 10100001 01110110  ...q.v
0000637e: 01100000 01111011 10110000 01100111 00011010 11100011  `{.g..
00006384: 00110000 01001001 01011000 00110011 11010101 01110010  0IX3.r
0000638a: 10001011 01110001 10010001 11001110 11101100 00011001  .q....
00006390: 11101010 01000001 01101100 01011011 10111010 11100011  .Al[..
00006396: 00110100 10010101 10000011 00111101 01100100 00011000  4..=d.
0000639c: 01100111 01100110 11111100 11101011 10010101 00111100  gf...<
000063a2: 01111000 10101010 01110100 01101010 11100101 01001111  x.tj.O
000063a8: 00000100 01110011 10110001 11001011 00010110 10100000  .s....
000063ae: 01001010 01100000 10001110 01110110 00111001 01100010  J`.v9b
000063b4: 11010100 00000111 10111111 00000100 01110011 10110001  ....s.
000063ba: 11001011 00010110 10100000 01001000 11111000 10010101  ...H..
000063c0: 10001100 11110111 00010001 01000011 11011001 11101011  ...C..
000063c6: 01100110 00010111 00001100 10110110 01111010 11011000  f...z.
000063cc: 00110100 01011011 00100100 00100111 00111000 10100001  4[$'8.
000063d2: 11111110 11000001 01111101 01111011 01000100 01010101  ..}{DU
000063d8: 11000100 01010000 11110110 01110111 11010001 11000111  .P.w..
000063de: 01100110 11111101 10000010 11111010 11100011 00111010  f....:
000063e4: 00100010 11010010 00010011 10101111 01011001 10111111  "...Y.
000063ea: 01101000 11101110 10111001 11101100 11101000 11101000  h.....
000063f0: 00101100 11110101 10110000 01101000 10110110 01110001  ,..h.q
000063f6: 00111001 11000101 10001111 11110011 01000010 11100100  9...B.
000063fc: 00100010 10000111 10110011 11101011 00110000 10111001  "...0.
00006402: 10100001 01110110 11100011 00111001 00101001 11110000  .v.9).
00006408: 01011101 10000011 00111101 01001001 01101010 11001110  ].=Ij.
0000640e: 11001110 10010110 00011100 00100100 01111100 01011011  ...$|[
00006414: 01110111 01000001 11101100 11110111 11010111 00101000  wA...(
0000641a: 01101110 10011100 11110101 11000111 01101000 10110001  n...h.
00006420: 10111101 01001001 01100001 11000010 01000010 00110010  .Ia.B2
00006426: 10011010 11101001 11000111 10000111 01101111 11010000  ....o.
0000642c: 10110111 11110111 01100101 00110101 11010011 11010110  ..e5..
00006432: 10110100 00011101 10000101 11000001 00011100 11101100  ......
00006438: 01110010 11000101 10101000 00010010 10011000 00100011  r....#
0000643e: 10011101 10001110 01011000 10110101 00000001 11101111  ..X...
00006444: 11000001 00011100 11101100 01110010 11000101 10101000  ...r..
0000644a: 00010010 10011111 00010110 11111101 00011100 11101110  ......
00006450: 00100111 11000011 11011001 01101110 11101100 01001011  '..n.K
00006456: 00010110 01101111 11000110 10110100 01010101 11011101  .o..U.
0000645c: 00000111 10110010 01000010 01101011 10000100 00111111  ..Bk.?
00006462: 11011010 00111110 10000010 00100001 10111010 00110111  .>.!.7
00006468: 11010100 01010101 10010000 01011001 00100101 01110000  .U.Y%p
0000646e: 10001111 00001011 01101101 11101101 10001111 11110011  ..m...
00006474: 01000010 11100101 01011111 00111111 01000010 00010101  B._?B.
0000647a: 11001010 10011010 11101001 01001111 10001011 01111111  ...O..
00006480: 01110110 01010011 01011100 10100001 10111010 01110001  vS\..q
00006486: 11101100 01101110 01101000 01011111 00011101 00001011  .nh_..
0000648c: 10000110 00100101 10111010 00110111 00101011 11010010  .%.7+.
00006492: 00001101 00100001 00011001 01001101 01110010 10000110  .!.Mr.
00006498: 11111010 10001010 10110010 10110100 01101110 01101110  ....nn
0000649e: 11111000 01000010 10011010 11111010 11001100 00101110  .B....
000064a4: 11000001 10011101 11010111 10100100 00011010 01000010  .....B
000064aa: 00110010 10011010 11101001 11000111 10000111 01101111  2....o
000064b0: 11010000 10110111 11110111 01100101 00110101 11010011  ...e5.
000064b6: 11010110 10110100 00011101 10000101 11000001 00011100  ......
000064bc: 11101100 01110010 11000101 10101000 00010010 10101111  .r....
000064c2: 10011111 10100001 00001010 11100101 01001101 01110100  ....Mt
000064c8: 10100110 00001000 11100111 01100011 10010110 00101101  ...c.-
000064ce: 01000000 01111011 11110000 01000111 00111011 00011100  @{.G;.
000064d4: 10110001 01101010 00000100 10100101 01011110 10101100  .j..^.
000064da: 00001011 10101010 01110101 11001010 10011111 10101000  ..u...
000064e0: 01011001 01101111 01011101 00101101 10010101 01010000  Yo]-.P
000064e6: 01000111 01100001 10000101 01001010 10111110 01100011  Ga.J.c
000064ec: 01100101 10010011 01101010 10111010 01011011 00101011  e.j.[+
000064f2: 10000010 00110111 01001011 01100111 00110100 00101111  .7Kg4/
000064f8: 11101111 00010111 00101010 01000101 01001011 01100001  ..*EKa
000064fe: 00111011 11110000 10110111 01101111 11011000 00101110  ;..o..
00006504: 01000111 00111101 11100000 01101110 10001110 01110111  G=.n.w
0000650a: 10011101 10010001 00111001 11011000 11110111 00110100  ..9..4
00006510: 00101111 10111111 00001011 01110110 11111110 11011000  /..v..
00006516: 00111100 01010010 01010111 10011110 01101100 11101001  <RW.l.
0000651c: 11011111 01000111 00111011 10111110 00011000 01011100  .G;..\
00006522: 11010000 10111111 10101100 11001111 00101000 00101100  ....(,
00006528: 10100010 01011011 00101011 11100011 10011100 11110111  .[+...
0000652e: 00110110 00100000 01010001 11001111 10001011 01101110  6 Q..n
00006534: 11000001 10011101 11110100 01110011 10010100 11010111  ...s..
0000653a: 11010010 11100111 01001110 10001101 01100110 11111101  ..N.f.
00006540: 10100011 11010011 00011101 00101101 00001011 00101101  ...-.-
00006546: 11111101 01000110 11111010 01111101 00101010 10011100  .F.}*.
0000654c: 11110111 00101000 01101111 00100110 00001011 01000010  .(o&.B
00006552: 11101001 00001111 01110110 10100010 01011011 00001000  ..v.[.
00006558: 11011110 11111010 11101001 01101000 01011001 01101111  ...hYo
0000655e: 11001101 00001011 10110111 00000100 01110000 11010100  ....p.
00006564: 01111001 10011100 11001110 11000000 10001100 10100110  y.....
0000656a: 10111001 10100001 01110110 11100000 10001110 00011001  ..v...
00006570: 11101110 10000101 10111111 01100000 10111110 10111101  ...`..
00006576: 11110101 11101010 00110111 00000100 01110000 11010100  ..7.p.
0000657c: 01001011 01100101 01000000 10011011 11001111 11100001  Ke@...
00006582: 01110110 11100000 10001110 00011010 10001111 00110000  v....0
00006588: 10101010 10101010 00100101 10110001 11111110 01101001  ..%..i
0000658e: 11101111 01010001 10111000 00100011 10000110 10100011  .Q.#..
00006594: 10001001 11000011 00011101 00111011 00110111 11110110  ...;7.
0000659a: 11001101 00001110 10111100 11101100 00011001 11100111  ......
000065a0: 01011010 11100100 00111110 01101011 01010100 01110001  Z.>kTq
000065a6: 00111110 11110111 11011111 10000010 00111000 01101110  >...8n
000065ac: 11000001 10011101 11111000 10110001 11010100 01110001  .....q
000065b2: 00111100 10101001 11000110 11100000 10001110 00011011  <.....
000065b8: 10110000 01100111 10101101 00010000 11000110 10100011  .g....
000065be: 11001111 01100001 11111110 00001000 01011011 11111010  .a..[.
000065c4: 10110011 10110000 00100011 01111010 11010111 10100111  ..#z..
000065ca: 11000011 10110111 11110110 10000001 11001110 01111011  .....{
000065d0: 10110000 01100111 10000010 11001110 11000000 10001101  .g....
000065d6: 11011101 00010000 01110110 10111100 10011101 01110011  ..v..s
000065dc: 10110011 10011010 00010111 01101110 00011000 10011011  ...n..
000065e2: 11010001 00101101 10001111 10001000 00111001 11011110  .-..9.
000065e8: 00000110 00011010 01101100 10110110 10011110 11000011  ..l...
000065ee: 11011100 11010000 10111111 01011001 00000111 00111011  ...Y.;
000065f4: 11000000 11000011 01010001 00101101 10010101 10000010  ..Q-..
000065fa: 11111010 11110111 11010111 10101000 11011111 01001111  .....O
00006600: 10100101 01010011 10100110 11001011 01100101 01000101  .S..eE
00006606: 11011011 11101001 11110100 10101010 01110101 00010010  ....u.
0000660c: 11011001 01010111 10001101 11101001 10000111 10111010  .W....
00006612: 10101010 00001000 11101100 00110100 11011001 01101100  ...4.l
00006618: 01111111 00001011 11101110 11000110 11110100 11000101  ......
0000661e: 00010010 11011010 01100101 10010111 01011010 10110100  ..e.Z.
00006624: 01011000 10111000 10110101 00000111 00111001 00110101  X...95
0000662a: 10101001 10110010 11011010 01100110 10101100 01110011  ...f.s
00006630: 10001101 11100010 11010100 11100101 00010010 11011010  ......
00006636: 01111111 10111001 01100100 11011001 01101101 00110000  ..d.m0
0000663c: 11000011 00111101 11000011 00001100 11110111 00011110  .=....
00006642: 00101010 11001111 01011001 00000111 00111011 10000110  *.Y.;.
00006648: 01011011 00101000 11100010 00101001 01010111 00101000  [(.)W(
0000664e: 01101110 11000001 01101000 01011101 00100001 11011111  n.h]!.
00006654: 10111011 00000111 00110100 00101111 10011011 00011010  ..4/..
0000665a: 10001001 01101100 10101111 10001110 01110011 11011100  .l..s.
00006660: 01000101 00101010 11101100 00010110 10000101 11010010  E*....
00006666: 00011101 11111011 10110000 01110011 01000010 11101000  ...sB.
0000666c: 10010110 11000010 11100000 01101100 10110000 10100011  ...l..
00006672: 10011111 11000010 11111001 11000101 00001111 10111101  ......
00006678: 11011111 10111011 00000111 00110100 00101111 11011101  ...4/.
0000667e: 10010100 11010111 01000111 00111110 10000110 11010011  ..G>..
00006684: 11011100 01011111 10011111 10110001 11101111 01010110  ._...V
0000668a: 00111101 11101010 11001001 10100010 11111111 01010111  =....W
00006690: 11000111 00111001 11101111 01001010 11110011 01011010  .9.J.Z
00006696: 11110010 01111100 00010001 10100110 11111001 11101100  .|....
0000669c: 00111111 11101110 11001010 01101011 11010100 01101110  ?..k.n
000066a2: 11001011 10110001 01001101 11110011 00110001 11001101  ..M.1.
000066a8: 00001011 11100010 11010101 11101001 10111110 10000001  ......
000066ae: 01101101 11010111 00111011 10100001 01101111 11100111  m.;.o.
000066b4: 00100001 10111010 00110011 01100001 00110101 11100000  !.3a5.
000066ba: 10100110 11110011 11111000 01011111 01001011 01100111  ..._Kg
000066c0: 10010101 01011000 10000101 11011010 00111101 01011001  .X..=Y
000066c6: 01000111 00111111 10000101 11111011 10010110 10010110  G?....
000066cc: 11100110 11110101 01100111 01000010 11011111 10011010  ..gB..
000066d2: 00010111 11110111 10000010 01010001 10111010 01001110  ...Q.N
000066d8: 10011101 01101100 00011110 11101000 11011001 11010000  .l....
000066de: 10001100 11000001 01110010 10100111 10110000 00100011  ..r..#
000066e4: 01110001 00111110 11110001 00110111 11001000 11111110  q>.7..
000066ea: 00010110 10100101 10110011 10100011 10011111 01000011  .....C
000066f0: 01101011 11001110 01011110 10000010 11100101 01001111  k.^..O
000066f6: 10101011 00111010 01011010 00010110 01011011 11111000  .:Z.[.
000066fc: 10110111 10011100 10111101 00000101 11001010 10011111  ......
00006702: 01010110 01110100 01111101 00001101 01000100 10110110  Vt}.D.
00006708: 01010100 00000111 10111001 10110001 00000000 01010111  T....W
0000670e: 01010111 11000111 00111001 11101111 01110001 10111000  W.9.q.
00006714: 10011101 10101101 10001000 11011001 10111111 00110100  .....4
0000671a: 00101111 11101010 00111101 01100100 11011101 11101110  /.=d..
00006720: 00010000 11111111 00011110 00101010 11001110 01101000  ...*.h
00006726: 01011111 00011101 00101010 11001111 01011001 00000111  _.*.Y.
0000672c: 00111000 01010100 10110110 00111110 01100000 11101000  8T.>`.
00006732: 10111101 01100111 01100000 01000110 01010011 01011101  .g`FS]
00006738: 11110000 01000110 11100011 01011010 11111000 01011011  .F.Z.[
0000673e: 11101011 11101111 00010011 01111010 10110000 01100001  ...z.a
00006744: 10111000 11010001 01101010 01101110 01111011 00111110  ..jn{>
0000674a: 00100000 11100001 11100001 10000011 00101101 00110110   ...-6
00006750: 01011011 00101010 00000011 11011100 11011000 10000001  [*....
00006756: 01000111 00111111 10000101 10101001 01101100 11110110  G?..l.
0000675c: 10111101 00100000 11001111 01110101 01010100 00010001  . .uT.
00006762: 11011000 01101010 00111000 10011100 01101000 10110101  .j8.h.
00006768: 00110111 00111101 10011100 11010000 10111010 00101000  7=...(
0000676e: 10100011 10001101 00010110 11111010 01100100 10101101  ....d.
00006774: 01011010 11100100 10100111 10101011 00111101 11001011  Z...=.
0000677a: 11001001 10000011 00111101 01100100 00011100 11101001  ..=d..
00006780: 10110010 11011001 01010000 00000010 01101111 00111111  ..P.o?
00006786: 10000101 10101001 01101100 11111010 10001110 11111101  ..l...
0000678c: 10010010 01110100 11101100 11011111 10101110 01110111  .t...w
00006792: 10111001 01110111 00100001 10110010 11011010 01111011  .w!..{
00006798: 11000001 01011110 00001011 11010110 10000011 00111101  .^...=
0000679e: 11001101 00001011 01010010 11011001 11010000 01101011  ..R..k
000067a4: 00100101 11110111 11110000 00110111 00110100 00101110  %..74.
000067aa: 11011110 01010000 11111001 01110001 10110011 00011101  .P.q..
000067b0: 01110010 10100111 01010100 01001011 01101001 10001100  r.TKi.
000067b6: 01110100 01111101 00001101 00110110 01011011 00101011  t}.6[+
000067bc: 00000110 01011011 00111001 10100001 01111101 00101101  .[9.}-
000067c2: 10011101 11101111 10111100 01011100 10101001 11110111  ...\..
000067c8: 01101110 10010100 10100101 11001011 10001011 01010111  n....W
000067ce: 10100110 11101110 10111001 11011001 11001101 00001011  ......
000067d4: 11111011 11011111 01111110 11010001 11100111 11111011  ..~...
000067da: 11000001 00100101 00011110 01111100 11100111 01111101  .%.|.}
000067e0: 00000110 01111001 01100001 11101100 10110111 11011110  .ya...
000067e6: 00111011 11101001 10101110 11101011 10011101 10011100  ;.....
000067ec: 11010000 10110111 10111101 01001000 01101010 11011001  ...Hj.
000067f2: 11110000 11110110 00010111 01110100 00011110 11001110  ...t..
000067f8: 01101000 01011101 00010010 11011001 01010111 00000111  h]..W.
000067fe: 10110011 11010101 10000010 10111100 11001000 01100111  .....g
00006804: 11010010 01011111 01111110 00100111 01111101 00110101  ._~'}5
0000680a: 11010111 01001011 10001100 11110111 01001110 00010111  .K..N.
00006810: 11011111 00100001 01111010 11100011 11011011 00010001  .!z...
00006816: 10010111 01101100 10100011 10001001 11000011 00010010  .l....
0000681c: 11011011 11110110 00001100 11101100 11111100 01111000  .....x
00006822: 00011011 11001000 11010000 10111110 11001000 11100011  ......
00006828: 10101110 01010100 11010001 11100101 10110100 11001000  .T....
0000682e: 01100111 01111101 00110100 01001010 00110111 01100100  g}4J7d
00006834: 01110001 11010111 00100101 00111010 01010110 10000101  q.%:V.
0000683a: 10110111 00110100 00101110 10001111 00110010 00011001  .4..2.
00006840: 11011111 01001101 01110110 01000111 00011101 01110010  .MvG.r
00006846: 01010011 10100101 01101000 01011011 00111101 11010110  S.h[=.
0000684c: 00001111 01111101 01000101 01011001 01011010 00110111  .}EYZ7
00006852: 00110111 10010110 00111011 01011001 01000100 10110110  7.;YD.
00006858: 10011001 00001100 11101111 10100110 10001001 01000110  .....F
0000685e: 11101100 10001110 00111010 11100101 01001111 01001010  ..:.OJ
00006864: 11010000 10110110 11110101 01100000 10101110 10101111  ...`..
0000686a: 10001110 01110011 11011101 10000011 00001011 10111110  .s....
00006870: 00010001 11011111 01001101 01111101 00000110 01110110  ..M}.v
00006876: 01000111 00011101 01110010 10100111 10100101 01101000  G.r..h
0000687c: 01011011 00001010 10010110 11000010 11100000 01101100  [....l
00006882: 10110000 01111011 10010100 01110111 11010000 11010100  .{.w..
00006888: 01110001 00111010 01011100 10010100 01101111 10100100  q:\.o.
0000688e: 00110101 11001010 10011110 10000100 01100110 00001011  5...f.
00006894: 10010101 00110100 01110011 11111000 01011111 11011110  .4s._.
0000689a: 00001001 01000110 11101111 10100001 00010010 01110111  .F...w
000068a0: 01011111 01001101 10000101 11011010 00111101 01011001  _M..=Y
000068a6: 01000111 10010000 10111011 01111010 01000001 10000101  G..zA.
000068ac: 01110001 01110110 11110100 10000011 00001010 10010110  qv....
000068b2: 11001010 10101000 00100011 10110000 11010011 01100101  ..#..e
000068b8: 10110100 11110110 00100110 11001011 01100101 01000011  ..&.eC
000068be: 10010000 11001111 01110111 01000100 00011101 01000111  ..wD.G
000068c4: 00010001 01001010 10111110 10100010 11010110 00110011  .J...3
000068ca: 11011101 00011100 11101111 01101011 11010010 00001100  ...k..
000068d0: 00101010 01010101 11110011 00110111 10100100 00110101  *U.7.5
000068d6: 01011101 00101101 10000100 01010010 10101111 10101000  ]-.R..
000068dc: 10110101 10001101 01000111 00010011 11010010 10111100  ..G...
000068e2: 11010110 10111000 10011101 00101010 11100010 11010101  ...*..
000068e8: 11101001 10111010 01111010 11010111 10100101 11101111  ..z...
000068ee: 10100110 01011100 11101011 11101110 11110111 01011101  .\...]
000068f4: 00101110 00110111 10001011 01010011 10010100 01110011  .7.S.s
000068fa: 11101010 00010111 00110100 00101111 11001000 01101000  ..4/.h
00006900: 10110101 00110111 00111101 10011110 10101100 00010101  .7=...
00006906: 00101101 10100110 00011000 01100111 10111011 00000010  -..g..
0000690c: 00110010 10011010 11101111 10000010 00110111 00011010  2...7.
00006912: 11010111 11000010 11011111 01011101 00101101 10011100  ...]-.
00006918: 01101000 10110011 11011110 11010111 10100100 00011000  h.....
0000691e: 01010100 10110110 00010111 01101111 01001000 00110101  T..oH5
00006924: 00011110 01111111 10110101 11110000 10110111 11010000  ......
0000692a: 10101001 01101101 00111111 11011010 11111000 01011011  .m?..[
00006930: 11101010 10001001 01101101 00110011 00001111 01110101  ..m3.u
00006936: 11010100 11110111 01111100 00010001 10111110 11110111  ..|...
0000693c: 11011111 11001111 11110111 10000010 01001111 10100100  ....O.
00006942: 00110111 01001010 11010000 10110110 11110101 01100000  7J...`
00006948: 10101001 01101100 10101110 00001000 11011101 00101101  .l...-
0000694e: 10011100 11010000 10111110 10011010 00111010 11100101  ....:.
00006954: 01001111 10101011 00111000 11010001 01100001 01011101  O.8.a]
0000695a: 01011100 00001101 11110111 10000010 01010001 10111001  \...Q.
00006960: 10100001 01111100 01011010 10111101 00110111 10100110  .|Z.7.
00006966: 00111010 01101000 11101110 00011001 01100001 01010010  :h..aR
0000696c: 11011001 01011000 00110011 10111111 10011011 11101111  .X3...
00006972: 01110010 10100110 01101111 01010111 11000101 00011100  r.oW..
00006978: 11101110 01011000 01111011 00101101 11101010 01000011  .X{-.C
0000697e: 10110011 11011101 10111101 11001011 10110101 11101010  ......
00006984: 11001010 00100101 10110100 11000001 00110110 00000100  .%..6.
0000698a: 11011000 00010010 01101111 10011110 11100001 11101100  ..o...
00006990: 10110111 00011011 00010010 11001111 01110001 10100010  ....q.
00006996: 11011101 11110000 11001011 01100011 11011101 10000011  ...c..
0000699c: 00101101 10001010 01101011 10100111 01111110 11101110  -.k.~.
000069a2: 01110011 11011101 10000011 00101101 10001010 01101011  s..-.k
000069a8: 10100111 01111101 00001101 11010000 10110111 11100010  .}....
000069ae: 01111001 00000010 00011110 11001110 10011101 11110100  y.....
000069b4: 00110101 00010010 10101111 01010111 00001011 11101001  5..W..
000069ba: 10011101 10011010 10101110 10010110 11001010 10101000  ......
000069c0: 00100011 10110000 11000010 10100101 10110000 10011110  #.....
000069c6: 10010101 11100110 10110101 11101110 11001010 01101011  .....k
000069cc: 10001011 01010111 10100110 11110101 00011011 10100001  .W....
000069d2: 01011110 10100100 01110111 10101001 00101001 00101100  ^.w.),
000069d8: 01101011 11101010 10101010 00100101 01011110 10101011  k..%^.
000069de: 01000101 11010010 00010111 00101010 01101011 10100101  E..*k.
000069e4: 10110100 11111001 11110111 10111000 11110001 01010110  .....V
000069ea: 01110000 11001011 01100011 11011100 11010000 10111010  p.c...
000069f0: 00100101 10110100 11111001 11001110 11110110 10111101  %.....
000069f6: 00100000 11001111 01110100 01110011 10111101 10101111   .ts..
000069fc: 01001000 00110101 00001010 10101000 00100101 00011011  H5..%.
00006a02: 11010011 10001101 11010001 11001110 11111010 01110100  .....t
00006a08: 01010110 10101101 10010110 00110101 00011110 01111011  V..5.{
00006a0e: 00011110 00001011 00111011 10101110 01110110 01101011  ..;.vk
00006a14: 10100111 00111010 11111010 11010111 01001101 01101010  .:..Mj
00006a1a: 10001111 00101001 11110011 10011101 11101101 01111010  .)...z
00006a20: 01000001 10011110 11100001 00010011 10111100 00010111  A.....
00006a26: 01000010 11011111 10000100 00111011 01111111 00000101  B..;..
00006a2c: 11011010 11110100 10000011 01010001 11000100 11100000  ...Q..
00006a32: 10000111 10110000 10010100 01101110 00001001 10111111  ...n..
00006a38: 01001110 00111000 00100001 00001111 10011101 10100011  N8!...
00006a3e: 11011100 10110100 11001000 11100111 01111001 00110000  ....y0
00006a44: 01100111 11010110 00100011 01111010 11011000 11100110  g.#z..
00006a4a: 11010111 00110110 00110101 00010010 11011001 01011100  .65..\
00006a50: 00100010 00100110 11001010 10111100 11111001 10001110  "&....
00006a56: 01110110 10111011 01000011 10011101 01110010 10100110  v.C.r.
00006a5c: 10111010 01010101 11110011 11100111 00111011 11010010  .U..;.
00006a62: 10011010 10011101 01110010 10100110 10111010 01011011  ..r..[
00006a68: 00001011 00110010 00100111 00111011 00111100 00001101  .2';<.
00006a6e: 11010101 01001011 01010101 11000000 11101111 01110111  .KU..w
00006a74: 11110011 11010010 10001100 00011001 01101110 00011001  ....n.
00006a7a: 01101100 11101101 00011011 10100001 10111011 01000111  l....G
00006a80: 10101101 10001001 01101110 11111101 11011000 10110101  ..n...
00006a86: 10101110 11010001 11011000 00110011 10101100 10101111  ...3..
00006a8c: 00000101 01000101 00010100 01010001 00101101 10000101  .E.Q-.
00006a92: 11001010 10110110 10010110 11010000 00110111 10000101  ....7.
00006a98: 11011011 10010110 00111111 11001110 10111001 01010011  ..?..S
00006a9e: 11110110 11111011 01001011 01101001 11100101 00111100  ..Ki.<
00006aa4: 01000111 01011110 10110011 11010101 10010100 01110011  G^...s
00006aaa: 11101100 00101101 11011011 11110111 11110011 10001011  .-....
00006ab0: 01010111 10100110 11111010 00111010 11110011 10111010  W..:..
00006ab6: 00000110 00100110 11111101 10100011 10110000 01100111  .&...g
00006abc: 00010111 11000100 11111011 11000010 10011010 00010111  ......
00006ac2: 11000101 01001010 10111100 11111010 00001011 00011100  .J....
00006ac8: 11100111 01011100 10101001 10101110 10010110 11010011  .\....
00006ace: 00011000 11110000 01010100 01001011 01101001 10001100  ..TKi.
00006ad4: 01110100 00001100 01001101 11011110 11110011 00001001  t.M...
00006ada: 11110100 11110011 11110011 11001011 11001100 10101010  ......
00006ae0: 01001111 11010011 11001011 11001111 11100010 11100100  O.....
00006ae6: 11110110 10001110 00100000 11011101 11111100 11100101  .. ...
00006aec: 10011001 10111111 00110100 00101101 11101110 00100010  ..4-."
00006af2: 10001110 01110111 01111100 00101111 10100110 01110110  .w|/.v
00006af8: 01010001 11100110 00010000 11111111 01001010 11010000  Q...J.
00006afe: 10110110 11110010 01100000 01000110 00010101 11100110  ..`F..
00006b04: 01000010 11011000 01110011 11011101 11110100 10111011  B.s...
00006b0a: 00111101 11011111 01001011 10110100 11011110 10101110  =.K...
00006b10: 10010111 01101110 10011110 10101011 10010010 11011011  .n....
00006b16: 00100110 11110011 11111000 01011111 01111101 00001000  &.._}.
00006b1c: 10010011 11101111 00011101 10000010 11111010 11110110  ......
00006b22: 10111101 00100000 11001111 01111101 11100000 10010100  . .}..
00006b28: 01101111 00100011 01000010 11000101 01001011 01100101  o#B.Ke
00006b2e: 01110000 01000110 11101001 01101100 11100110 10000101  pF.l..
00006b34: 11110110 01000111 00011101 01110010 10100111 10100101  .G.r..
00006b3a: 01101000 01011011 00001010 10010110 11001010 11000001  h[....
00006b40: 10010110 11000101 00110101 11010011 10111010 11100101  ..5...
00006b46: 10011100 11010000 10111111 01001100 00110011 00100111  ...L3'
00006b4c: 01111101 00101110 11011100 01101000 10110101 00011101  }..h..
00006b52: 01011000 00110011 11001110 10110110 00100000 11100001  X3.. .
00006b58: 10010110 01010011 01011110 10011000 00100010 01001111  .S^."O
00006b5e: 10100100 00110011 11011100 01011111 10011001 10011101  .3._..
00006b64: 10001000 01110111 10010001 01000011 11111110 00101101  .w.C.-
00006b6a: 11000110 10001011 01100001 11101100 10110111 00001000  ..a...
00006b70: 01110110 11111100 11010000 10111011 01111001 11011000  v...y.
00006b76: 10000011 11100101 00000010 11111111 01010110 00000100  ....V.
00006b7c: 01100101 00110101 11011111 00001100 00101110 01101000  e5...h
00006b82: 01011111 11010010 00011001 11101110 00101111 10001001  _.../.
00006b88: 11100010 10110000 10110111 00000111 01101001 10100010  ....i.
00006b8e: 11111100 10110110 00010011 11101111 00000100 10100011  ......
00006b94: 01110000 01000011 11011001 11011010 11110101 01100111  pC...g
00006b9a: 00011010 00101101 11011000 00101111 10101001 10110010  .-./..
00006ba0: 11011010 01100001 10000110 01111011 10111110 10010111  .a.{..
00006ba6: 01101010 00111010 10111000 00100011 01110100 10110110  j:.#t.
00006bac: 01110011 01000010 11111110 11110001 01110010 10100100  sB..r.
00006bb2: 01010111 01010101 11011111 01001101 10000101 11011010  WU.M..
00006bb8: 00111101 01011001 00110111 10101010 11100010 00001110  =Y7...
00006bbe: 01111011 10011010 00010111 11011101 00000111 10110011  {.....
00006bc4: 10110000 01011111 01011110 01001111 11000101 01001000  ._^O.H
00006bca: 01001111 01111101 11100000 10010100 01101110 01101000  O}..nh
00006bd0: 01011000 10101001 01101100 01111111 10011010 10100010  X.l...
00006bd6: 01011011 00011111 11000010 11111011 11101000 01000100  [....D
00006bdc: 10011100 00100001 11011011 11110000 11001011 00001010  .!....
00006be2: 10010110 11000111 11111001 10101010 00100101 10110000  ....%.
00006be8: 10110001 11011000 10011010 11001110 00011001 01100001  .....a
00006bee: 01010010 11011000 11111111 00110101 00110110 01011011  R..56[
00006bf4: 00101011 00000110 00010111 00110100 00101111 11010011  +..4/.
00006bfa: 00001101 11011010 00011110 11110100 11000011 01110110  .....v
00006c00: 10001110 11010110 00110111 01001110 11101011 10110011  ..7N..
00006c06: 00111011 00111011 01100001 01101111 10010110 00101100  ;;ao.,
00006c0c: 11010110 10101000 11101010 11000001 10011100 01110000  .....p
00006c12: 10111000 11100111 01101011 10111010 00001111 01100111  ..k..g
00006c18: 01100000 01000110 11110010 10110100 01010100 10000100  `F..T.
00006c1e: 11010111 00011111 10001111 01100100 10011101 00110110  ...d.6
00006c24: 01011011 01001111 10011100 11101111 01101011 11010010  [O..k.
00006c2a: 00001101 00110111 10011111 01010110 11011110 11101101  .7.V..
00006c30: 11100001 01101101 01000111 01010111 00001100 00101111  .mGW./
00006c36: 10111100 01100110 10111011 00000101 11110101 11101001  .f....
00006c3c: 01011001 10111110 10010000 11011101 10000011 00111011  Y....;
00006c42: 10101110 01011000 00101010 01011011 00101011 11100111  .X*[+.
00006c48: 10100110 00011001 10010011 10001110 00011000 00111001  .....9
00006c4e: 11011110 11101101 11100001 01101101 01000100 10100101  ...mD.
00006c54: 10110100 11111000 10110111 11111010 10000111 10111101  ......
00006c5a: 01100011 01110110 00001100 11110011 10100001 11111100  cv....
00006c60: 10110111 00111101 10011010 01101100 11011111 11011100  .=.l..
00006c66: 10111101 01011000 11110111 10010110 11001010 11100000  .X....
00006c6c: 10001101 11110111 10001110 01101000 01011111 11010110  ...h_.
00006c72: 01100000 10101001 01101100 10101100 00011001 11011111  `.l...
00006c78: 00001000 01110110 01110110 10000111 11001001 01001101  .vv..M
00006c7e: 01111011 10010111 01100000 11001011 01100101 00010010  {.`.e.
00006c84: 11011000 01001110 01010000 11111111 10011101 01101000  .NP..h
00006c8a: 00101000 01011001 00001111 10011100 11010000 10111110  (Y....
00006c90: 00001011 11010101 01100100 00101101 11111010 00010110  ..d-..
00006c96: 11111101 11111011 10001101 10001111 01001011 01100101  ....Ke
00006c9c: 01100000 11000011 00101001 01101100 11101000 11011101  `.)l..
00006ca2: 10000011 00111010 00111001 10010010 11010100 01001011  .:9..K
00006ca8: 01100011 10101110 01010100 11110100 00101101 11111000  c.T.-.
00006cae: 10111100 10111100 11000010 10100010 01011011 01001111  ....[O
00006cb4: 11010000 11000001 10010110 11110011 11111011 10110001  ......
00006cba: 10000111 00001100 10110100 11011111 00110000 11001110  ....0.
00006cc0: 10001110 10110110 00100110 11100110 11111010 01001011  ..&..K
00006cc6: 11101111 11101110 11010100 01001011 01100101 01000000  ...Ke@
00006ccc: 01111011 10001101 00010110 11101100 00011001 11011101  {.....
00006cd2: 00000111 10110011 11000000 11011100 01011001 10001101  ....Y.
00006cd8: 10010011 01100101 01011111 00110001 10110010 11001001  .e_1..
00006cde: 10110101 01011101 00101101 10000100 11110001 01011000  .]-..X
00006ce4: 01011011 10000011 10110100 11011001 01101101 00110010  [...m2
00006cea: 00010110 11000011 10000101 01001010 10111110 01100010  ...J.b
00006cf0: 10011010 10011101 10101010 11101001 01101100 10101000  ....l.
00006cf6: 00001111 01110010 10000111 11111011 11100000 10001101  .r....
00006cfc: 11110111 10001100 11010111 00001100 11101111 10100001  ......
00006d02: 00110000 10101001 01101101 00110000 10111011 11011111  0.m0..
00006d08: 00001111 01100101 10001101 00000101 10010100 01111001  .e...y
00006d0e: 10000010 00011110 10111001 00101001 11010011 11010011  ...)..
00006d14: 00010001 10111111 01101011 11010101 10001111 01110100  ..k..t
00006d1a: 10110110 01110011 00100000 10101110 00100111 01110100  .s .'t
00006d20: 00011110 11001110 10101010 01011010 10101110 00000111  ...Z..
00006d26: 01111011 10001101 01111011 01101001 10111010 00110111  {.{i.7
00006d2c: 01000111 00111010 10001111 00101001 11100111 11110010  G:.)..
00006d32: 11000110 11100011 10111011 00010000 10101000 10010110  ......
00006d38: 11001010 11100000 10001101 11010010 11011001 11001101  ......
00006d3e: 00001011 11111011 11000101 11001010 10011110 00011001  ......
00006d44: 01101100 00010101 00101101 10000101 11011100 01000111  l.-..G
00006d4a: 00111000 11001111 01111011 10110010 10011010 11110110  8.{...
00006d50: 01011110 11111001 11110000 10100001 01110100 10000111  ^...t.
00006d56: 10101101 10010111 00101010 01111010 00111010 11100111  ..*z:.
00006d5c: 10110011 10111110 00011000 01011100 10100011 11000001  ...\..
00006d62: 01100111 01111101 00001001 10110101 11001101 00001011  g}....
00006d68: 01111011 11010110 01011011 01111001 01101000 00100001  {.[yh!
00006d6e: 11111011 10010101 00111101 01110011 10111010 11001010  ..=s..
00006d74: 11100100 01111010 11101101 10011011 11110110 10001110  .z....
00006d7a: 10011101 11111100 11011111 01111011 10010101 00111111  ...{.?
00006d80: 01101111 10110100 10110110 10011111 11101111 00000100  o.....
00006d86: 10010011 01111000 10011100 10110011 00110111 11101101  .x..7.
00006d8c: 00011101 10010001 11000111 01110110 10001110 01101000  ...v.h
00006d92: 01011101 00010010 11011001 01010000 00011110 11100101  ]..P..
00006d98: 00001111 11110011 01000010 11111011 11101000 01000100  ..B..D
00006d9e: 10011101 10010001 11000111 00001010 11100010 00110010  .....2
00006da4: 10011010 11101001 11011101 01110110 01100111 01100111  ...vgg
00006daa: 01110010 00110110 01110001 10100010 11011101 10000001  r6q...
00006db0: 00011001 11101111 10101000 11110111 00011011 10011010  ......
00006db6: 00010110 10100011 10011101 11100101 10010011 11000100  ......
00006dbc: 01110101 11101011 00111101 01011001 11110110 11111011  u.=Y..
00006dc2: 01111001 01101100 01111100 01011011 01110011 01000010  yl|[sB
00006dc8: 11111000 11101000 01001010 00110111 10101001 00101101  ..J7.-
00006dce: 01100011 01110000 10111101 01010100 01001011 01101001  cp.TKi
00006dd4: 11110001 01101111 11011111 00000011 01110010 10000110  .o..r.
00006dda: 00010101 00101101 10001111 10011000 00111010 00101111  .-..:/
00006de0: 01011001 10110111 11011011 10011111 00110000 01110100  Y...0t
00006de6: 01011110 10110011 10000110 00101001 10101110 00101101  ^..).-
00006dec: 01011110 10011011 11010100 10010110 10110101 11001010  ^.....
00006df2: 10011110 01101000 01011111 11010100 01110000 11001110  .h_.p.
00006df8: 00111010 00010111 10101101 10011100 11101011 10010101  :.....
00006dfe: 00110100 01001011 01100101 01000101 10110101 10010010  4KeE..
00006e04: 10011100 10000101 11101010 01101111 10011111 11101111  ...o..
00006e0a: 00000100 10001111 01111101 11100000 10010100 01101110  ..}..n
00006e10: 11101011 11101001 10110000 10111011 01000111 00001011  ....G.
00006e16: 11010101 01000100 10110110 10011000 01100010 10011010  .D..b.
00006e1c: 11100101 00001101 11001101 00001011 10110111 01101011  .....k
00006e22: 00101111 00111011 10100000 11110110 01010001 00101101  /;..Q-
00006e28: 10100111 11000101 10111111 01111100 00010001 10111110  ...|..
00006e2e: 11110001 11001101 00001011 11100111 00010100 00111111  .....?
00006e34: 11010010 10110100 00101101 10111011 01011001 01111001  ..-.Yy
00006e3a: 11011101 00000111 10110000 01010100 10110110 01010111  ...T.W
00006e40: 11000111 00111001 11101110 00100111 11011011 11101101  .9.'..
00006e46: 11000101 11000000 11111011 01111101 10111000 10011110  ...}..
00006e4c: 10101100 01000010 11111011 01111101 10111100 10110110  .B.}..
00006e52: 01010100 00000111 10111011 00000101 11110101 11101111  T.....
00006e58: 10101111 00111010 11011000 00111101 11100001 01111010  .:.=.z
00006e5e: 10100011 10101011 00000110 01111000 10110101 00111001  ...x.9
00006e64: 11000001 00110101 11000110 01000111 00111011 00001011  .5.G;.
00006e6a: 11011100 10111011 10100000 11110110 01110111 11101110  ....w.
00006e70: 11000001 11011000 00110011 11001110 10110101 11001000  ..3...
00006e76: 01111100 11010110 10100110 11111001 00101010 00000011  |...*.
00006e7c: 11011110 10011000 10001101 11111010 10101110 00101101  .....-
00006e82: 10111101 00010010 10101111 00111110 11011010 00011111  ...>..
00006e88: 11011111 10111001 00010111 01001000 00110101 11001010  ...H5.
00006e8e: 10011010 11101001 01101101 00111110 00101111 00010110  ..m>/.
00006e94: 10100111 00111010 00010110 11111101 00111100 11101011  .:..<.
00006e9a: 01011100 10000111 11001101 01101010 01101100 10110110  \..jl.
00006ea0: 10011001 00001011 01100001 11001111 01111011 11101011  ..a.{.
00006ea6: 10110000 01011111 01011101 10101100 10111100 00010101  ._]...
00006eac: 00101101 10010101 11000010 00111000 11101001 01101100  -..8.l
00006eb2: 11010000 10101110 00100011 00101001 10101111 00111010  ..#).:
00006eb8: 11011001 00111010 00110100 11011001 01101000 01011110  .:4.h^
00006ebe: 10100110 11111001 11111110 11110000 01001000 11110111  ....H.
00006ec4: 10101000 11011101 11010000 01111011 00011110 11101111  ...{..
00006eca: 11100010 10010110 11001111 01011001 01101101 11010011  ...Ym.
00006ed0: 10011101 01111101 01101011 10100011 11101000 01101111  .}k..o
00006ed6: 00100001 10101101 00010101 01111000 01011101 10111000  !..x].
00006edc: 10111110 00001001 00111010 01110101 11011100 01101111  ..:u.o
00006ee2: 10000111 10110010 11011101 00000110 01101100 10110101  ....l.
00006ee8: 00000010 11111111 10011110 11000011 11111100 11101011  ......
00006eee: 11101011 01011110 10101100 10011011 11100111 11101010  .^....
00006ef4: 10101010 10101010 10101001 10110010 11011000 01011111  ....._
00006efa: 00111110 00011011 10010101 11101001 00000110 11110000  >.....
00006f00: 01011001 11011111 01000011 00111101 11101011 00011011  Y.C=..
00006f06: 11101110 10000110 11101000 01010000 11000001 10010110  ...P..
00006f0c: 10100000 01011111 11100010 01110111 11010000 10011011  ._.w..
00006f12: 00110111 11101101 00011111 01000001 00001111 11110011  7..A..
00006f18: 01000010 11111101 01101100 00011010 00101101 10010100  B.l.-.
00006f1e: 01001010 10111101 01011100 00101111 01010100 11101100  J.\/T.
00006f24: 10110110 10101011 10100101 01011110 01111101 10110100  ...^}.
00006f2a: 00111110 01011110 10010100 11010100 11101011 10010101  >^....
00006f30: 00110101 11010010 11011001 01011111 00011100 11100111  5.._..
00006f36: 10111010 11000001 11101110 11000000 10001101 11110010  ......
00006f3c: 01111000 11001110 01110010 01011100 10110101 11010011  x.r\..
00006f42: 10111010 00011010 10001001 01101100 00101110 01010010  ...l.R
00006f48: 00010011 01111000 10001100 10100110 10111110 11110111  .x....
00006f4e: 11010101 00101011 11010011 01011100 10101001 10011011  .+.\..
00006f54: 11100110 00101011 01001011 01101111 10101001 10111110  .+Ko..
00006f5a: 01100010 10110100 10110110 11111010 10011011 11000100  b.....
00006f60: 11110001 01101101 11110010 11011100 11010000 10111110  .m....
00006f66: 11010001 11101001 11000110 11101100 00001000 11011110  ......
00006f6c: 00010110 11011110 00000110 11110010 10101000 11011111  ......
00006f72: 01010111 10100100 00011011 10010100 00111111 00110111  W...?7
00006f78: 11001100 01110001 10111011 00000110 01010101 00110111  .q..U7
00006f7e: 11001100 01110001 10111011 00000110 01010101 11101011  .q..U.
00006f84: 01000011 00000100 11011001 01101101 00111101 10000111  C..m=.
00006f8a: 10111001 01000100 11011001 01101101 00110010 00010110  .D.m2.
00006f90: 11000011 10100110 11001011 01100101 01100000 10111110  ...e`.
00006f96: 10111000 01000000 11101011 11010110 11010011 10100000  .@....
00006f9c: 01110101 11101011 10100011 10011011 00101101 10101110  u...-.
00006fa2: 01010000 11000001 01110010 10100110 10001110 10101100  P.r...
00006fa8: 00010111 11010111 10101001 00101101 01101011 10100101  ...-k.
00006fae: 00111001 11101111 10101111 01011010 11100101 10111101  9..Z..
00006fb4: 11001010 10010111 10111010 00010110 11111101 10000001  ......
00006fba: 00011011 11001010 10100100 00111011 00110101 11101010  ...;5.
00006fc0: 11001110 01110101 11001010 10011001 10111110 01100111  .u...g
00006fc6: 00110000 01010111 10011001 11001100 00010101 00101101  0W...-
00006fcc: 10100111 10110000 11110111 01110110 00110111 10100110  ...v7.
00006fd2: 00111100 00001101 11101010 11001001 10111110 01100100  <....d
00006fd8: 00101101 10000111 01001101 10010110 11010011 11011000  -.M...
00006fde: 10011011 00101101 10010101 01010000 01001010 00110111  .-.PJ7
00006fe4: 00010110 10101111 01001101 11110100 11001000 01011011  ..M..[
00006fea: 11110110 00001100 10110110 00111101 11001101 00001011  ...=..
00006ff0: 11110101 01000101 10100000 10110101 01000100 10110110  .E..D.
00006ff6: 10011000 11100011 01111000 01011011 01111000 00011011  ..x[x.
00006ffc: 11010100 01101110 11111010 00011010 01101111 10011111  .n..o.
00007002: 11101111 00000100 10010011 01111100 11111010 11010110  ...|..
00007008: 10100100 00100110 11111001 01101100 00100010 10001110  .&.l".
0000700e: 01110111 10101001 00001110 11001110 01101000 01011111  w...h_
00007014: 10110110 01010011 01101100 01101110 11000001 10011111  .Sln..
0000701a: 01110100 00110111 01111111 00111101 01011000 11010100  t7.=X.
00007020: 01110001 00010100 01110011 10111110 10110011 00111001  q.s..9
00007026: 10100001 01111111 01111011 00100011 11100101 11010000  ..{#..
0000702c: 10110111 11110010 00010111 10010110 10010110 01101100  .....l
00007032: 10110110 01101111 00110110 01011011 00011111 11000010  .o6[..
00007038: 11010100 01110011 10111101 01101100 10100111 10001101  .s.l..
0000703e: 00010110 11111011 11100010 00110000 01110110 10001111  ...0v.
00007044: 10100100 00111101 10011100 11010000 10111001 10110010  .=....
0000704a: 11011010 01111011 00001111 01111001 10010000 10110110  .{.y..
00007050: 00011101 00110110 01011011 01001111 10001011 01111110  .6[O.~
00007056: 10011010 11100011 01000101 10111001 10100001 01101111  ..E..o
0000705c: 01111010 10001101 11011111 10111000 11011000 11110100  z.....
00007062: 10110110 10011111 11101111 00000100 10010011 01100101  .....e
00007068: 10110000 10001010 00111001 11011100 00010000 11110110  ..9...
0000706e: 01110011 01000010 11111011 10100000 01110011 10110011  sB..s.
00007074: 01111111 01011001 00000111 00111011 11011100 10111011  .Y.;..
0000707a: 00000010 00110111 01101000 01111111 00101101 11000110  .7h.-.
00007080: 10001011 01110110 00001100 11110110 11001101 00110111  .v...7
00007086: 10000001 10111001 10100001 01110110 11111011 10100001  ...v..
0000708c: 10110101 00110110 01011011 00001000 10100101 01011100  .6[..\
00007092: 11101011 10010101 00110011 01100101 01011110 10101110  ..3e^.
00007098: 00010111 11010011 00111011 00110101 01011101 00101101  ..;5]-
0000709e: 10000100 11101111 11011101 11001110 11100000 10000111  ......
000070a4: 10110011 11000101 10110111 11001011 01001101 11100010  ....M.
000070aa: 01110111 11101110 11100111 01110000 01000011 11011001  w..pC.
000070b0: 11100111 01100101 10000110 11000001 11011010 11110000  .e....
000070b6: 01010011 01111000 10011101 11111011 10111001 11011100  Sx....
000070bc: 00010000 11110110 01111101 10111110 11011110 01111100  ..}..|
000070c2: 10001000 10000001 00110110 01011011 01001111 10010000  ..6[O.
000070c8: 00100110 11001011 01101001 11110011 10011101 11101101  &.i...
000070ce: 01111010 01000001 10101000 11110011 11011000 10101101  zA....
000070d4: 00011011 10011011 11010101 00000111 10110010 10001110  ......
000070da: 00100111 10100110 00011011 10100111 11011110 11001001  '.....
000070e0: 01001100 00010111 00001100 10110110 00111101 11010000  L...=.
000070e6: 10110111 11100010 00101001 01010111 00101000 01101110  ..)W(n
000070ec: 10000011 01011001 00101111 10111111 01101000 11110010  .Y/.h.
000070f2: 01011110 10110011 11011101 10101000 10010101 01111000  ^....x
000070f8: 10111011 00001001 01101101 01010111 01001011 01100001  ..mWKa
000070fe: 00010100 10101011 10100111 11011110 00001000 11101100  ......
00007104: 00110111 10000010 11101100 00011001 11110011 01111010  7....z
0000710a: 01110010 01101100 10101011 11001111 10011000 11100001  rl....
00007110: 11000011 00110101 01011101 00101101 10001111 10111000  .5]-..
00007116: 11101100 10101101 01101011 10110001 10111101 01001001  ..k..I
0000711c: 01101011 01011101 00101001 11001101 01010001 11010101  k]).Q.
00007122: 10000011 00001101 11001011 00001111 01100101 10111011  ....e.
00007128: 10010011 01001100 11110111 11011110 00111011 00000110  .L..;.
0000712e: 00011000 01010100 10101011 11001111 10100001 10011001  .T....
00007134: 01101011 10010101 00110101 11010010 11011010 01100011  k.5..c
0000713a: 00011101 00000011 00010011 01110111 10111100 11001000  ...w..
00007140: 01011011 00001110 10100010 01011011 00001011 10000000  [..[..
00007146: 11110111 10011111 11101111 00000100 10000010 10100101  ......
0000714c: 10110001 11111110 01101001 11101111 00110010 00010110  ..i.2.
00007152: 11000011 10000101 01001011 01100001 00111110 11011111  ..Ka>.
00007158: 01101110 00100111 01110100 00011110 11001110 01101000  n't..h
0000715e: 01011101 00010010 11011000 01011101 11000100 01110011  ]..].s
00007164: 10001100 00101010 01011011 00001011 10111000 10001110  .*[...
0000716a: 01110001 10011110 11110110 11000100 01110011 10001101  q...s.
00007170: 01000100 10110110 11100010 01110111 01000001 11101100  D..wA.
00007176: 11100110 10000101 11110110 10001000 10100010 01011011  .....[
0000717c: 01001111 10010001 11110111 11011111 10011011 00101101  O....-
00007182: 10000101 11110001 01110000 10011010 11101110 11100110  ..p...
00007188: 10000101 11110001 10101110 01011011 11110110 10110010  ...[..
0000718e: 11110011 10111010 00001111 01100010 10011010 11100011  ...b..
00007194: 01011110 11011010 01101110 01110101 11110101 10101110  ^.nu..
0000719a: 10000101 10111111 01100000 11000010 11101100 10000111  ..`...
000071a0: 01100111 01110100 00011110 11000101 00110101 11011010  gt..5.
000071a6: 11001011 11001111 00100001 10100010 11010101 01010000  ..!..P
000071ac: 00101111 11001011 01100001 01111101 01011001 00001110  /.a}Y.
000071b2: 11001110 11101000 00111101 10001010 01101011 10110101  ..=.k.
000071b8: 10010111 10011100 01101000 10110101 01010100 01110101  ..h.Tu
000071be: 01100100 00111011 00111011 10100000 11110110 00101001  d;;..)
000071c4: 10101110 11010110 01011110 01110001 10100010 11010101  ..^q..
000071ca: 01010000 00101111 11001011 01101001 11111110 11110000  P/.i..
000071d0: 01001000 00101011 11001111 11110111 10000010 01001010  H+...J
000071d6: 00111100 11111010 11011001 11001101 00001011 11101000  <.....
000071dc: 11100111 01111011 01011110 10010000 01100001 01010010  .{^.aR
000071e2: 11011001 01011111 00011100 11100111 10111001 10110011  ._....
000071e8: 01010100 01110011 11100010 11011011 10001001 11110111  Ts....
000071ee: 10000010 01010001 10111010 11001011 01111100 10110110  .Q..|.
000071f4: 10011001 00001011 01111010 00111000 10001010 01010101  ..z8.U
000071fa: 11110100 10111001 11010011 10100011 01011001 10111111  ....Y.
00007200: 01101000 11110101 10110011 11010110 11000100 01011011  h....[
00007206: 01011100 01100101 10111010 10001001 01101100 01111100  \e..l|
0000720c: 01011011 01110011 01000010 11111100 11111000 01011101  [sB..]
00007212: 10011110 01011110 10110110 00100010 11011010 11100011  .^."..
00007218: 00101101 11010100 01001010 10111100 11111010 00001011  -.J...
0000721e: 00011100 11100111 01100110 10101011 10100101 10110000  ..f...
00007224: 10011101 11110100 11010111 00001000 10011101 01110010  .....r
0000722a: 10100111 10110000 01011111 01011101 11111000 01011011  .._].[
00007230: 10110111 11110101 10110011 10100111 00000100 10011101  ......
00007236: 00111000 11011111 00001011 01111011 10010101 00110100  8..{.4
0000723c: 01001010 01000010 01110110 00001000 01011101 00100000  JBv.] 
00007242: 11011101 11010000 01111011 00111011 11101001 10101111  ..{;..
00007248: 00000100 11100011 01110110 10110010 11110011 11011100  ..v...
0000724e: 10111000 11001001 01111011 00011011 10110010 00111011  ..{..;
00007254: 00110101 00100101 01000011 01001101 10010100 11111101  5%CM..
0000725a: 10001000 01001101 11000110 10001011 01111101 01000101  .M..}E
00007260: 01011001 00000101 10011111 00011101 10101100 11110101  Y.....
00007266: 10010110 11011100 10100001 10111000 11010001 01101111  .....o
0000726c: 01010110 01001001 01010111 00000111 10110011 10111110  VIW...
00007272: 10011010 11110000 10110110 11101101 00011110 10011100  ......
00007278: 01101111 01010110 01001001 01011000 00010001 10010100  oVIX..
0000727e: 11010111 01100000 11001110 11111010 00011011 11011101  .`....
00007284: 10111110 10110011 00101010 11001101 11100100 10101010  ..*...
0000728a: 10111110 10010010 01110100 11101000 10111001 00110101  ..t..5
00007290: 01011000 01001101 11000001 00010110 01001101 10011011  XM..M.
00007296: 11110100 01110011 10111101 01000110 11111011 11011011  .s.F..
0000729c: 00010010 10101101 01001010 01111100 01011011 11110110  ..J|[.
000072a2: 00001100 00101110 00100111 11010010 00111111 11000011  ..'.?.
000072a8: 00101101 11000110 01000001 11110010 01010011 11011000  -.A.S.
000072ae: 01111111 10001000 10100101 01011101 00111101 01101100  ...]=l
000072b4: 01110101 11110000 11110110 01011011 10100001 01101111  u..[.o
000072ba: 11001010 00011011 10100111 01101011 00100000 11111001  ...k .
000072c0: 00100101 01000001 10111110 11110000 10111010 11001101  %A....
000072c6: 11101110 01011110 10100011 01111010 10101110 01011011  .^.z.[
000072cc: 11001000 01000101 00101010 11110111 00101110 11101000  .E*...
000072d2: 00111101 10010010 01010100 10000000 11011001 00010000  =.T...
000072d8: 00100100 00100010 10010101 01110100 11110101 10110001  $".t..
000072de: 11010111 11000011 11011001 01101110 00100111 00011110  ...n'.
000072e4: 00010110 11101101 11001001 01000110 11101110 11000100  ...F..
000072ea: 00111101 10011100 00110010 11010010 00010000 01101110  =.2..n
000072f0: 00100111 01101011 01011111 00110111 10010100 10110110  'k_7..
000072f6: 10011000 11000110 11111110 10110011 10110011 01011010  .....Z
000072fc: 11101011 11010011 11011111 00001111 01100101 10001101  ....e.
00007302: 11100000 10110010 10001001 01001000 11111011 00010101  ...H..
00007308: 01100111 10000010 01111011 10011001 01000100 01110011  g.{.Ds
0000730e: 10100110 11001001 01011000 00110000 10111000 10011111  ..X0..
00007314: 01001000 11111111 00001100 10110111 00011001 00000111  H.....
0000731a: 11001001 01001100 00010011 01100000 01001001 01001111  .L.`IO
00007320: 01100001 11111110 00100010 10010101 01110100 11110101  a.".t.
00007326: 10110001 11010111 11000011 11011001 01101111 00100101  ....o%
0000732c: 01011101 11110100 11011000 01010011 01100101 00111101  ]..Se=
00007332: 10000110 11101001 11011010 11001000 00111110 01001001  ....>I
00007338: 01010000 01101111 10111100 00101110 10110011 01111011  Po...{
0000733e: 10010111 10101000 11011110 10101011 10010110 11110010  ......
00007344: 00010001 01001010 10111101 11001011 10111010 00001111  .J....
0000734a: 01100100 10010101 00100000 00110110 01000100 00001001  d. 6D.
00007350: 00001000 10100101 01011101 00111101 01101100 01110101  ..]=lu
00007356: 11110000 11110110 01011011 11001000 01001110 00111100  ..[.N<
0000735c: 00101101 11011011 10010010 10001101 11011101 10001000  -.....
00007362: 01111011 00111000 01100101 10111101 11000110 11100010  {8e...
00007368: 01110110 10110101 11110011 01111001 01101100 10101001  v..yl.
0000736e: 00000001 00110110 01011011 00001011 10000001 00110110  .6[..6
00007374: 01001010 11000001 10000101 11000100 11111010 01000111  J....G
0000737a: 11111000 01100101 10111000 11001000 00111110 01001010  .e..>J
00007380: 01111011 00001111 11110001 00010100 10101011 10100111  {.....
00007386: 10101101 10001110 10111110 00011110 11001011 01111001  .....y
0000738c: 01001100 00110000 11010011 01100101 00111101 10000110  L0.e=.
00007392: 11101001 11011010 11001000 00111110 01001000 01011100  ...>H\
00007398: 00000000 10011011 11001111 11110001 00000010 10001001  ......
0000739e: 00101010 00001101 11110111 10000101 11010110 01101111  *....o
000073a4: 01110010 11110101 00011011 11010101 01110010 11011110  r...r.
000073aa: 01010010 11011001 01010000 10110011 11010101 00010110  R.P...
000073b0: 11001110 11010111 10101011 00100110 11001000 01000101  ...&.E
000073b6: 00101010 11110111 00101110 11101000 00111101 10010010  *...=.
000073bc: 00010001 01001010 10111010 01111010 11011000 11101011  .J.z..
000073c2: 11100001 11101100 10110111 10010001 11110110 00101010  .....*
000073c8: 11001111 00000101 00110110 01000010 01111010 11011000  ..6Bz.
000073ce: 11101011 11100001 11101100 01111011 10001001 11101011  ...{..
000073d4: 01100011 10101111 10000111 10110001 11101110 00100111  c....'
000073da: 10101101 10001110 10111110 00011110 11000111 10111000  ......
000073e0: 10011110 10110110 00111010 11111000 01111011 00011110  ..:.{.
000073e6: 11110010 00010011 11010110 11000111 01011111 00001111  ...._.
000073ec: 01100011 11011100 01001111 01011011 00011101 01111100  c.O[.|
000073f2: 00111101 10001111 01110001 00111101 01101100 01110101  =.q=lu
000073f8: 11110000 11110110 00111101 11000100 11110101 10110001  ..=...
000073fe: 11010111 11000011 11011000 11110111 00010011 11010110  ......
00007404: 11000111 01011111 00001111 01100011 11011100 00110000  ._.c.0
0000740a: 11010010 00111111 01010001 00011100 11101111 10101011  .?Q...
00007410: 10010101 00111110 11101101 11011111 10111011 00000111  .>....
00007416: 10101011 00100110 11001000 01001001 00011111 00110001  .&.I.1
0000741c: 11010111 11000011 11011001 00100001 00111101 01101100  ...!=l
00007422: 01110101 11110000 11110110 01001000 01011001 10010001  u..HY.
00007428: 00111001 11011001 11101110 01011101 10000011 00111101  9..].=
0000742e: 01100100 00011100 11101001 10110010 00010011 11010110  d.....
00007434: 11000111 01011111 00001111 01100100 10000100 01010010  ._.d.R
0000743a: 10101110 10011110 10110110 00111010 11111000 01111011  ...:.{
00007440: 00101101 11100100 00100111 10101101 10001110 10111110  -.'...
00007446: 00011110 11001001 00001001 11101011 01100011 10101111  ....c.
0000744c: 10000111 10110010 01000010 01111010 11011000 11101011  ..Bz..
00007452: 11100001 11101100 10010000 10011110 10110110 00111010  .....:
00007458: 11111000 01111011 00100101 01011111 00110000 00110110  .{%_06
0000745e: 10011011 00101101 01110001 11010001 11011101 11001000  .-q...
00007464: 10111010 01000010 11100101 01001101 01110100 10110110  .B.Mt.
0000746a: 01010100 00000111 10111011 00000010 00110010 10011010  T...2.
00007470: 11100011 00101100 10001000 11010100 01110101 01000000  .,..u@
00007476: 10100011 10101010 00000101 00010010 11011000 01001110  .....N
0000747c: 00111010 00010010 10001101 11101011 01011011 00010001  :...[.
00007482: 10000011 00101000 11100010 01110001 11010000 10010100  .(.q..
00007488: 01101111 01011010 11011000 10001100 00011001 01000111  oZ...G
0000748e: 10010100 10000100 11110101 10110001 11010111 11000011  ......
00007494: 11011001 11101110 01011111 01011000 11100001 10110110  .._X..
0000749a: 01001101 01101011 00101100 11010111 10000010 10010010  Mk,...
000074a0: 10101011 00110100 11010111 00100011 01111000 10110111  .4.#x.
000074a6: 01001111 10100111 01011110 10010000 01101111 10111101  O.^.o.
000074ac: 11001111 01100101 10110101 01111000 00101001 01001111  .e.x)O
000074b2: 01100001 11111111 01110110 11111010 11001100 10101011  a.v...
000074b8: 01011100 01000101 00001111 01100111 10100110 00011011  \E.g..
000074be: 11010100 01101110 00011000 10011011 11111000 00101111  .n.../
000074c4: 10100110 10110010 01011110 10010000 01101001 00001000  ..^.i.
000074ca: 10100101 01011101 00111000 11010110 11000100 00111011  .]8..;
000074d0: 10100001 01110100 10011101 00111001 00101101 01110110  .t.9-v
000074d6: 10111100 00010100 10100110 01110011 00101010 11010111  ...s*.
000074dc: 00010001 01000011 11011001 11101010 01001101 11110011  .C..M.
000074e2: 10110000 01100111 10110101 11101001 00000110 11111011  .g....
000074e8: 11100000 11110111 11010101 11100000 10100100 10101101  ......
000074ee: 00011101 10101100 01101110 11010001 11011001 01110110  ..n..v
000074f4: 00101111 01011001 00000111 00111011 10010100 00111111  /Y.;.?
000074fa: 11101110 11011110 10101011 11010010 00001101 11101011  ......
00007500: 01100111 01101000 10001110 11100100 01101100 10010100  gh..l.
00007506: 10100111 10110000 11111111 00010011 10111110 10000100  ......
0000750c: 11011101 10100011 11101001 10010000 11011100 00100010  ....."
00007512: 10101100 11101101 00011011 10100001 10100100 10101010  ......
00007518: 10000010 01010001 10111011 11101000 01000100 10011110  .Q..D.
0000751e: 10011000 11110000 10110110 10010000 10000011 01110100  .....t
00007524: 00100011 01000001 01100111 00011110 00101010 11001101  #Ag.*.
0000752a: 01110110 10001111 00111001 11001000 01101001 01001100  v.9.iL
00007530: 01100000 10001001 00111101 00111000 11011101 10000010  `.=8..
00007536: 11010000 11111001 01111000 01011011 01001000 01001110  ..x[HN
0000753c: 11111010 00010001 00100111 11010011 00100001 10111000  ..'.!.
00007542: 01000101 01011001 11011010 00110111 01000011 01001001  EY.7CI
00007548: 01010101 00000100 10100011 01110111 11010000 10011011  U..w..
0000754e: 10010100 01110001 11100010 10101001 11001000 01000110  .q...F
00007554: 10010100 11110110 00111011 11101000 01101001 00011111  ..;.i.
0000755a: 11100010 00000011 11011100 11011000 10000000 11110111  ......
00007560: 00110110 00100000 01001010 01000010 01110111 11010000  6 JBw.
00007566: 10001001 00111101 01101100 11101001 11101010 10111011  .=l...
0000756c: 10011101 01111000 00100100 10111101 10110011 11101010  .x$...
00007572: 00101010 11001101 11010000 11010010 00111110 00101101  *...>-
00007578: 10111001 11000101 00001111 11110111 11000001 00011011  ......
0000757e: 11011101 10111000 11011001 10001110 11010111 01110101  .....u
00007584: 11001110 11001110 11010001 11101001 10111001 11101100  ......
0000758a: 11110111 01101110 10001111 10100001 10100100 10101110  .n....
00007590: 10001100 00111000 01111010 10110011 11010100 10010110  .8z...
00007596: 00011100 00111011 01000111 01100000 11001111 01011011  .;G`.[
0000759c: 00010001 10111100 00001101 11101010 00110111 10000111  ....7.
000075a2: 11001011 11101111 01100101 11010101 00101001 11110001  ..e.).
000075a8: 01101111 11101110 11001010 01101011 11000000 11000011  o..k..
000075ae: 01110110 10001110 11000001 10011110 10101000 10000010  v.....
000075b4: 11101000 01011011 11110110 00001100 00101111 01011001  .[../Y
000075ba: 00000111 00111011 10100101 00101001 01110010 10010100  .;.)r.
000075c0: 11001010 01010101 10011110 00011101 10111111 11011101  .U....
000075c6: 00001101 11100110 01010010 10101100 11111010 10111011  ..R...
000075cc: 00101101 00011010 11110000 01010010 10011111 10001101  -..R..
000075d2: 11000001 00100111 01001110 10111001 01100110 10110101  .'N.f.
000075d8: 11101101 10001001 01101101 01111010 11001000 00111001  ..mz.9
000075de: 11011101 00110101 11101110 00110111 01101000 11111010  .5.7h.
000075e4: 01000011 01001010 01000010 01110111 11010000 10001001  CJBw..
000075ea: 00111110 10011001 00001101 11000010 00101010 11001110  >...*.
000075f0: 11010001 10111010 00011010 01001010 10101000 00100101  ...J.%
000075f6: 00011011 10111110 10000100 01001001 11101001 10001111  ...I..
000075fc: 00001011 01101001 00001000 00110111 01000010 00110100  .i.7B4
00007602: 00010110 01110001 11100010 10101100 11010111 01101000  .q...h
00007608: 11110011 10011100 10000110 10010100 11000110 00001000  ......
0000760e: 10010011 11010011 10001101 11011000 00101101 00001111  ....-.
00007614: 10010111 10000101 10110100 10000100 11101111 10100001  ......
0000761a: 00010010 01111101 00110010 00011011 10000100 01010101  .}2..U
00007620: 10011101 10100011 01110100 00110100 10010101 01010000  ..t4.P
00007626: 01001010 00110111 01111101 00001001 10111001 01000111  J7}..G
0000762c: 00011110 00101010 10011100 10000100 01101001 01001111  .*..iO
00007632: 01100011 10111110 10000110 10010001 11111110 00100000  c.... 
00007638: 00111101 11001101 10001000 00001111 01110011 01100010  =...sb
0000763e: 00000100 10100100 00100111 01111101 00001000 10010011  ..'}..
00007644: 11101001 10010000 11011100 00100010 10101100 01111011  ...".{
0000764a: 11101001 10010000 11011100 00100010 10101100 01111011  ...".{
00007650: 11101001 10010000 11011100 00100010 10101100 10100010  ..."..
00007656: 10001010 00101000 10100010 10001010 00101000 10100010  .(..(.
0000765c: 01010010 10010000 10011110 10011100 01101111 10100101  R...o.
00007662: 10001110 00011101 00111011 00000101 10101110 11100111  ..;...
00007668: 01110111 11000011 00001011 10011010 00010111 11011101  w.....
0000766e: 00010000 01110111 10111001 01111010 10001101 11110000  .w.z..
00007674: 11011001 10101001 01001111 11000110 11100001 10001001  ..O...
0000767a: 01100110 11111010 00111010 11110011 10110101 11010011  f.:...
00007680: 11010110 11000100 01101001 01001100 01101111 01100111  ..iLog
00007686: 00111101 11000100 11100011 01100110 00111011 11101010  =..f;.
0000768c: 00111010 00111010 11100111 10110010 01000010 11000111  ::..B.
00007692: 01100010 01101011 00111011 01100011 10011101 11101010  bk;c..
00007698: 11000111 10111101 01100100 10101100 01100111 10111101  ..d.g.
0000769e: 11000110 11101000 11100111 01110110 00001011 11101011  ...v..
000076a4: 11011111 01011101 10101100 10111100 10010010 10000111  .]....
000076aa: 11010100 01011110 10110011 11101111 10011001 00111011  .^...;
000076b0: 11101111 00001111 10010111 10111001 01101010 11111011  ....j.
000076b6: 11100111 01000111 00111011 10001001 11011111 01000010  .G;..B
000076bc: 01101100 11011111 10111110 10011010 11100110 10000101  l.....
000076c2: 11001001 01010000 00110110 10000000 11011010 00000010  .P6...
000076c8: 01010011 11110010 00011101 10011010 11110101 01100111  S....g
000076ce: 01111101 00001000 10010011 11101110 10000100 00111110  }....>
000076d4: 01001001 01010000 00110110 10000000 11011010 00000010  IP6...
000076da: 01000010 00110010 10011010 11101001 11001011 00011111  B2....
000076e0: 11110110 10001010 10010000 10000111 11001001 00101010  .....*
000076e6: 00000110 11010000 00011011 01000000 01001000 01001110  ...@HN
000076ec: 11101000 10000011 10111101 11001001 10100011 10011010  ......
000076f2: 00010111 01101111 10000110 11001101 01001001 01010000  .o..IP
000076f8: 00110110 10000000 11011010 00000010 01001010 11000001  6...J.
000076fe: 10011110 10110110 01101001 10111001 10110001 00101101  ..i..-
00007704: 10101111 00000011 01111000 01011101 10111011 10101110  ..x]..
0000770a: 01111011 00110101 00100101 01110000 11000010 11101111  {5%p..
00007710: 11100111 00011010 11110110 11010011 01111010 10110001  ....z.
00007716: 10100100 00100111 00011110 00010110 11101101 11111000  .'....
0000771c: 00100101 10110111 01110001 10111101 01101100 01110101  %.q.lu
00007722: 11110000 11110110 01001001 01011000 00110011 10110000  ..IX3.
00007728: 01011100 10101001 11010111 01100000 01000110 11101111  \..`F.
0000772e: 11000010 11011101 10111111 00000100 10011101 00111011  .....;
00007734: 00001011 11001001 00001011 01111110 11111110 01110001  ...~.q
0000773a: 11100001 01101110 11011111 10100000 11100001 01111100  .n...|
00007740: 00111101 10010010 10011001 10001110 11101100 01100101  =....e
00007746: 00110101 11101011 01100111 01101000 10100111 00011000  5.gh..
0000774c: 00110010 11010010 00011010 00101101 11010001 11001110  2..-..
00007752: 11110000 00110111 10000101 11011011 10110101 11101010  .7....
00007758: 11001001 00101010 00000011 11011110 10011011 11011001  .*....
0000775e: 11001111 01110001 00010100 10101011 11101010 00111011  .q...;
00007764: 00000010 00010001 11000011 00101101 11010010 01100000  ...-.`
0000776a: 01000110 11100110 10000101 11110100 10110110 01111101  F....}
00007770: 00110101 11011100 11101111 01010101 11001011 00100100  5..U.$
00007776: 01111111 00001011 11101000 11100111 11010000 11011010  ......
0000777c: 11100011 11000001 01101010 11111011 11100101 10111101  ..j...
00007782: 01011001 00100111 01011100 11101100 11101000 01011101  Y'\..]
00007788: 01110100 10111000 11011111 01110101 10001110 01110011  t..u.s
0000778e: 10101110 01010100 11001010 01111100 01011011 11110110  .T.|[.
00007794: 10110110 00100011 01111010 10110011 10111010 11100111  .#z...
0000779a: 01100111 01001111 00111101 10001101 00110101 10010011  gO=.5.
000077a0: 01110100 10101001 01111010 10010011 11101001 10101110  t.z...
000077a6: 11111000 00011011 10001001 11000001 00110111 11101101  ....7.
000077ac: 00011110 10011100 01101111 01010001 10111110 10000010  ..oQ..
000077b2: 11100101 10011110 00001010 01000010 01111010 11010110  ...Bz.
000077b8: 11000100 00111011 10100111 01110101 11011001 10011101  .;.u..
000077be: 10011111 01010001 01010110 00110000 01011100 10101001  .QV0\.
000077c4: 10010011 01000111 00111011 00110010 01110111 10101000  .G;2w.
000077ca: 11011110 10101011 10010110 11111110 00001010 01001010  .....J
000077d0: 00011111 01010001 01111010 11001110 01101000 01011111  .Qz.h_
000077d6: 00000100 11011111 11010100 01101111 01010101 11001011  ...oU.
000077dc: 01111111 01001100 00010110 01001010 01111001 00000110  .L.Jy.
000077e2: 11011000 00001111 01111100 00001101 10110000 00011110  ..|...
000077e8: 11111000 00011011 01100000 01001001 01011001 01110110  ..`IYv
000077ee: 00101110 11000001 10011101 11010111 10100100 00011011  ......
000077f4: 01011110 00001001 11101110 01111101 10001010 10110011  ^..}..
000077fa: 11000001 00111101 11101011 00100101 01100011 01001001  .=.%cI
00007800: 01010111 10001100 10100110 10111000 10110101 01111010  W....z
00007806: 01101111 01101100 01111110 11100101 10111111 01100000  ol~..`
0000780c: 11001111 10101000 00101010 01100100 10100001 11110101  ..*d..
00007812: 00010111 10101100 11101000 11100111 01110001 00111011  ....q;
00007818: 11101000 01001101 11011010 00111110 11110001 11101111  .M.>..
0000781e: 10101111 00101010 10010000 11101100 11101100 00011001  .*....
00007824: 11101101 10011010 01101110 01101100 01001011 01101011  ..nlKk
0000782a: 10110000 01100111 10101101 10011010 01101110 01101100  .g..nl
00007830: 01001011 01101010 01010011 11100111 00111011 10010101  KjS.;.
00007836: 11101001 00000110 11101110 10000010 10100110 01010010  .....R
0000783c: 01010100 00001101 10100000 00110110 10000000 10010100  T..6..
00007842: 11111100 10000111 01100110 10111101 01011001 11011111  ..f.Y.
00007848: 01000010 00100100 11111011 10100001 00001111 10010010  B$....
0000784e: 10011111 10010000 11101100 11010111 10101011 00111011  .....;
00007854: 11101000 01000100 10011111 01110100 00100001 11110010  .D.t!.
0000785a: 01001010 10000001 10110100 00000110 11010000 00010010  J.....
00007860: 00010001 10010100 11010111 01001110 01011000 11111111  ...NX.
00007866: 10110100 01010100 10000100 00111110 01001000 01000110  .T.>HF
0000786c: 01010011 01011101 00111001 01100011 11111110 11010001  S]9c..
00007872: 01010010 00010000 11111001 00100101 01000000 11011010  R..%@.
00007878: 00000011 01101000 00001001 00001001 11011101 00010000  .h....
0000787e: 01110111 10111001 00110100 01110011 01000010 11101101  w.4sB.
00007884: 11110000 11011001 10101001 00101010 00000011 11011100  ...*..
0000788a: 11011000 10000000 11110111 00110110 00100000 01001000  ...6 H
00007890: 01001110 11101000 10000011 10111101 11001001 10100011  N.....
00007896: 10011010 00010111 01101111 10000110 11001101 01001001  ..o..I
0000789c: 01010000 00110110 10000000 11011010 00000010 01001010  P6...J
000078a2: 11000001 10011110 10110110 01101001 10111001 10110001  ...i..
000078a8: 00101101 10101111 00000011 01111000 01011101 10111011  -..x].
000078ae: 10101110 01111011 00110101 00100011 11111100 01000000  .{5#.@
000078b4: 01111011 10011011 00010000 00011110 11100110 11000100  {.....
000078ba: 00000111 10111001 10110001 00000010 10001010 00101000  .....(
000078c0: 10100010 10001010 00101000 10100010 10001010 00101000  ..(..(
000078c6: 10100010 10001010 00100101 00101001 01001111 00100011  ..%)O#
000078cc: 11011001 01100011 00110000 01011100 10101001 11101110  .c0\..
000078d2: 10001000 00111011 01011110 10110101 10101111 01001000  .;^..H
000078d8: 00110100 10100110 01011001 00001011 01111011 10010101  4.Y.{.
000078de: 00111110 11100101 11001101 00001011 10110111 01110101  >....u
000078e4: 11101001 00000110 10010100 11110010 00111101 10010110  ....=.
000078ea: 00110011 00000101 11001010 10011110 00110110 01100011  3...6c
000078f0: 10110101 11101101 01111010 01000001 10100100 10101110  ..zA..
000078f6: 00001000 11001010 01101011 10111011 00000110 01101111  ..k..o
000078fc: 01111101 01111000 01011011 01111000 00011011 11101010  }x[x..
00007902: 11110100 10000011 01001001 01011100 00010001 10010100  ..I\..
00007908: 11010111 01001111 01001101 11101100 11101110 11010001  .OM...
0000790e: 11110111 10001111 00100001 00010100 10101011 10110110  ..!...
00007914: 00111001 11010111 00101010 01111001 10100001 01110010  9.*y.r
0000791a: 00111111 10000101 10101001 01101100 11110000 01011110  ?..l.^
00007920: 10100011 01111010 10101110 01011011 11001000 01001110  .z.[.N
00007926: 11111010 00010001 00100111 10101101 10011101 11111011  ..'...
0000792c: 10110000 01110011 01000010 11100100 10100001 11110101  .sB...
00007932: 00010111 10101100 11101111 10000110 00010111 00110100  .....4
00007938: 00101101 01001011 01100100 10110100 11001000 01011011  -Kd..[
0000793e: 11011100 10010100 11100101 10010011 11000101 10111011  ......
00007944: 01000111 10101011 00100100 00100011 00101001 10101110  G.$#).
0000794a: 11101011 10011101 10011101 11111000 01111110 01010011  ....~S
00007950: 11100010 11011111 10100011 10011101 11001101 00001011  ......
00007956: 10110111 00111010 11111010 11010110 01101010 01011010  .:..jZ
0000795c: 11001100 10101011 10110100 01111101 01100011 01111010  ...}cz
00007962: 10110011 10001101 01101100 11001001 00001000 11001010  ..l...
00007968: 01101011 10111010 11100111 01100111 01111110 00011111  k..g~.
0000796e: 10010100 11111000 10110111 11101111 10000110 00010111  ......
00007974: 01111111 00111011 01000010 11000111 00001001 01011101  .;B..]
0000797a: 10010100 11010111 11010010 11000111 00001110 10011110  ......
00007980: 11001011 11010000 01001000 01001110 00111010 00010010  ..HN:.
00007986: 10001101 11101001 11000110 11111000 01010000 10111010  ....P.
0000798c: 01000010 01000010 00110010 10011010 11101110 10111001  BB2...
00007992: 11011001 10110111 11011011 10001000 11001010 01101011  .....k
00007998: 10111010 11100111 01100100 10010101 00100000 00110110  ..d. 6
0000799e: 10001000 00001001 01001100 00110000 11001111 01110111  ..L0.w
000079a4: 11000001 00011010 01000010 00110010 10011010 11101110  ..B2..
000079aa: 10111001 11011001 11011111 10000111 11100100 10101001  ......
000079b0: 00000001 10110100 01000000 00111101 11000011 00001101  ..@=..
000079b6: 00101001 10000110 00011001 11101110 01101100 01000000  )...l@
000079bc: 10010000 10001100 10100110 10111011 10101110 01110110  .....v
000079c2: 01110111 11100001 11111001 01001111 00100011 11011001  w..O#.
000079c8: 01100011 00110000 01011100 10101001 11110111 11010111  c0\...
000079ce: 01110100 01000001 11010111 00101010 01100101 01101011  tA.*ek
000079d4: 11010010 00001101 11001010 00011111 01111011 11011010  ....{.
000079da: 11110100 10000011 01110010 10000111 11100100 00100011  ..r..#
000079e0: 00101001 10101110 11101011 10011101 10011101 11111000  ).....
000079e6: 01111110 01010011 11100010 11011111 10001001 11101001  ~S....
000079ec: 10000110 11101100 00010111 11010111 00011011 00110001  .....1
000079f2: 11010111 00101010 01100100 10101100 00010111 11010111  .*d...
000079f8: 00011011 00110001 11010111 00101010 01111100 10101110  .1.*|.
000079fe: 11001010 01101011 10001011 01010111 10100110 11101110  .k.W..
00007a04: 10111001 11011001 11011111 10000111 11100100 00100011  .....#
00007a0a: 00101001 10101110 00101101 01011110 10011011 10111010  ).-^..
00007a10: 11100111 01100111 01111110 00011111 10010001 11111100  .g~...
00007a16: 00101111 10100101 10110011 10100011 10011101 11000100  /.....
00007a1c: 01010010 10101110 11000001 01110010 00111010 11100101  R..r:.
00007a22: 01001111 10000001 10101000 10010010 10101110 11100111  O.....
00007a28: 01100111 01111110 00011111 10010100 11110010 00111101  g~...=
00007a2e: 10010110 00110011 00000101 11001010 10011110 00110110  .3...6
00007a34: 01100011 10110101 11101101 01111010 01000001 10100101  c..zA.
00007a3a: 00111100 10001111 01100101 10001100 11000001 01110010  <.e..r
00007a40: 10100111 10001101 10011000 11101101 01111011 01011110  ....{^
00007a46: 10010000 01101001 00101010 11101110 01110110 01110111  .i*.vw
00007a4c: 11100001 11111001 01001111 00100011 11011001 01100011  ..O#.c
00007a52: 00110000 01011100 10101001 11101110 10001000 00111011  0\...;
00007a58: 01011110 10110101 10101111 01001000 00110100 10100111  ^..H4.
00007a5e: 11001110 01110111 10101000 11011111 01011000 01011010  .w..XZ
00007a64: 11001101 01110100 10110110 01111011 01011110 10010000  .t.{^.
00007a6a: 01101001 00101010 11101110 01110110 01110111 11100001  i*.vw.
00007a70: 11111001 01001111 00100011 11011001 01100011 00110000  .O#.c0
00007a76: 01011100 10101001 11100011 01100110 00111011 01011110  \..f;^
00007a7c: 11010111 10100100 00011010 01000111 11000100 10101100  ...G..
00007a82: 01100111 10111101 01100100 10101100 01100111 10111101  g.d.g.
00007a88: 01100100 10101100 01101001 00110000 01100111 01111101  d.i0g}
00007a8e: 00001101 11000100 01010010 10101110 00110110 01100011  ..R.6c
00007a94: 10101110 01010100 11110011 01000010 11100100 00100110  .T.B.&
00007a9a: 10111011 10101110 01110110 01110111 11100001 11111001  ..vw..
00007aa0: 01001001 01011000 00110010 11011001 11101111 10101111  IX2...
00007aa6: 10101000 10101011 00011000 00101110 01010100 11001001  ....T.
00007aac: 10000001 00011011 10001001 11110101 10011001 00100001  .....!
00007ab2: 00001011 10110000 01100111 01111101 00001101 11100100  ..g}..
00007ab8: 01101000 01011111 01110100 01000001 11011101 00011011  h_tA..
00007abe: 11010101 10010010 01010110 00001100 10110110 00101001  ..V..)
00007ac4: 10101110 10011111 01010101 01011101 11011001 00100101  ..U].%
00007aca: 01100000 11001011 01100010 10011010 11101001 11011010  `.b...
00007ad0: 11001011 01100000 10010000 10000101 11001101 00001011  .`....
00007ad6: 10110111 11000011 01100110 10100100 10101110 00001000  ..f...
00007adc: 11011101 00001011 10101100 10110010 01111000 11001110  ....x.
00007ae2: 11000001 11011011 00110111 11101111 10100001 10100100  ..7...
00007ae8: 10101000 01011101 10000010 11111010 11101011 00101100  .]...,
00007aee: 10011110 00110011 10110000 01110110 11001101 11111110  .3.v..
00007af4: 11101000 01101001 00011111 01100001 01101110 11011111  .i.an.
00007afa: 11011101 10111101 01101100 10010010 10110000 01011111  ..l.._
00007b00: 01011110 11111010 11101111 10000110 01011011 00111000  ^...[8
00007b06: 10011110 10110110 00111010 00001010 10011001 00001000  ..:...
00007b0c: 11011110 11111010 11100110 10000101 11110001 00111000  .....8
00007b12: 00100001 11101100 11101110 10000011 11011001 10111100  !.....
00007b18: 10100111 11001110 01110111 01110100 00010101 00110010  ..wt.2
00007b1e: 01010110 00001100 10110110 00101001 10101110 01010001  V..).Q
00007b24: 11101010 10001011 01100111 10101000 11011010 01101100  ..g..l
00007b2a: 10110001 10100100 00100011 01111011 11101011 10001101  ..#{..
00007b30: 01110010 01000111 00111000 11011100 01110111 01100010  rG8.wb
00007b36: 01011011 10110100 01111010 10110010 01000111 11110000  [.z.G.
00007b3c: 10110101 00101101 10011101 10000011 00111000 01000101  .-..8E
00007b42: 01011001 00101010 10001101 11000011 00010010 11001100  Y*....
00007b48: 10100110 10111110 10110001 00101100 00111000 01100110  ...,8f
00007b4e: 11111100 01101000 10110100 10100110 01100011 10111010  .h..c.
00007b54: 00001010 10011001 00001000 11011110 11111010 11100110  ......
00007b5a: 10000101 11110001 00111000 00100001 11101100 11101110  ..8!..
00007b60: 10000011 11011001 10111100 10100111 11001110 01110111  .....w
00007b66: 01110100 00010101 00110010 01010111 00001000 01000111  t.2W.G
00007b6c: 10111100 00011110 11001011 01110100 00101101 11111100  ...t-.
00007b72: 00011110 11001011 01001000 01000101 00101010 11100011  ..HE*.
00007b78: 01011101 11001110 11001101 11111011 11110111 01100000  ]....`
00007b7e: 11111001 01010100 00110101 11100000 10100101 00111110  .T5..>
00007b84: 11010111 00010011 10111010 00100000 11101001 00001000  ... ..
00007b8a: 01001101 00011100 11010000 10111011 01111001 11011001  M...y.
00007b90: 01100001 10110000 01110110 11100011 00100000 11111001  a.v. .
00007b96: 00101001 01001000                                      )H
